Age,Daily_Usage_Time_min,Posts_Per_Day,Likes_Received_Daily,Comments_Received_Daily,Messages_Sent_Daily,Scroll_Rate_ppm,Productivity_Loss_Score,Log_Usage_Time,Target_Emotion,Is_Female,Platform_facebook,Platform_instagram,Platform_linkedin,Platform_pinterest,Platform_reddit,Platform_snapchat,Platform_tiktok,Platform_twitter,Platform_youtube
0.5610413670087352,1.6041612657478934,-1.2563139204510683,-1.4247724226076421,0,6,-0.55204776009329,6,1.3030870283257363,1,0,False,False,False,False,False,False,True,False,False
0.03761678029825927,-0.16918724547638297,-0.47366134105219687,0.48376704038106166,7,6,1.2789693406508407,5,0.15482731800204141,6,0,False,False,False,False,False,False,True,False,False
-0.48580780641221666,-1.1881278265113264,1.0916438177455456,0.9310809770190391,12,6,0.694602180838884,4,-1.744315516192465,6,0,False,False,False,False,False,False,False,True,False
-0.31133294417539137,-0.6590625248201057,1.0916438177455456,0.24519960750747372,17,6,0.4608553169141014,5,-0.45911897301738686,2,0,False,True,False,False,False,False,False,False,False
-0.660282668649042,-0.46311241308261664,-1.2563139204510683,-1.0669212732972602,2,6,0.6556443701847536,3,-0.179972504748136,2,1,False,False,False,False,False,False,False,True,False
-1.8816067043068192,-0.3259473348663743,-0.47366134105219687,0.3943042530534662,12,6,2.174998985695841,5,-0.013573101475193741,1,0,False,False,False,False,False,False,True,False,False
0.03761678029825927,-0.1201997175420107,-1.2563139204510683,-0.41086083289489317,9,6,1.317927151304971,7,0.2034918423428913,1,0,False,True,False,False,False,False,False,False,False
1.7823654026665123,0.10514291095610177,-0.47366134105219687,-0.6792491948776797,0,6,0.07127721037279702,3,0.40754570349907226,6,0,False,True,False,False,False,False,False,False,False
-0.31133294417539137,-0.9627851980132138,-1.2563139204510683,-1.365130564389245,0,6,1.5127162045756233,5,-1.0487680880611483,1,1,False,False,False,False,False,False,False,True,False
-0.660282668649042,0.8497533355585604,-0.47366134105219687,-0.2617561873489007,12,6,0.30502407429757966,3,0.9240373582887288,6,0,False,False,False,False,False,False,True,False,False
-1.8816067043068192,-0.8844051533182182,-0.47366134105219687,-0.4705026911132902,0,6,0.1491928316810579,3,-0.8708354287005626,2,0,False,False,False,False,True,False,False,False,False
-0.48580780641221666,0.3598780562148376,-0.47366134105219687,-1.2458468479524512,3,6,0.8504334234554058,4,0.6068016903469649,2,0,False,True,False,False,False,False,False,False,False
-0.8347575308858673,1.3004385925547852,-1.2563139204510683,-1.4247724226076421,0,6,0.694602180838884,5,1.1627721750861761,1,1,False,False,False,False,False,False,False,True,False
0.3865665047719099,1.6139587713347678,-0.47366134105219687,-1.2756677770616496,0,6,1.4737583939214929,5,1.3073836393851386,3,0,False,False,False,False,False,False,True,False,False
1.2589408159560365,-0.07121218960763843,-0.47366134105219687,-1.3353096352800466,4,6,1.0062646660719277,4,0.25049513318749494,8,0,False,False,False,False,False,False,False,True,False
0.5610413670087352,-1.0607602538819585,-0.47366134105219687,-1.4247724226076421,0,6,-1.6818242690630727,2,-1.309366192217106,5,1,True,False,False,False,False,False,False,False,False
-0.660282668649042,-1.0411652427082094,-1.2563139204510683,-1.4247724226076421,0,6,-0.629963381401551,3,-1.2531517451061938,4,0,True,False,False,False,False,False,False,False,False
0.03761678029825927,-0.8844051533182182,1.0916438177455456,-0.5599654784408856,4,6,-0.20142746420611607,2,-0.8708354287005626,4,1,False,True,False,False,False,False,False,False,False
0.03761678029825927,0.35008055062796317,-0.47366134105219687,-1.4247724226076421,0,6,-0.08455403224372474,3,0.599648101649971,8,0,False,False,False,False,False,False,True,False,False
-0.13685808193856605,-0.9627851980132138,-1.2563139204510683,-1.4247724226076421,0,6,-0.045596221589594296,4,-1.0487680880611483,6,0,False,False,False,False,False,False,True,False,False
0.03761678029825927,-0.512099941016989,0.3089912383466744,-0.2319352582397022,4,6,-0.5910055707474204,2,-0.2446352159482409,4,1,False,True,False,False,False,False,False,False,False
-0.13685808193856605,0.9183358746666815,1.874296397144417,0.8714391188006422,5,6,1.0062646660719277,6,0.9631452161295688,6,0,False,False,False,False,False,False,True,False,False
-0.8347575308858673,-0.8452151309707204,-0.47366134105219687,0.6925135441454512,3,6,-1.7597398903713337,2,-0.7898083692589257,5,1,False,False,False,False,False,False,False,False,True
-0.13685808193856605,0.5656256735392011,-0.47366134105219687,0.5135879694902602,9,6,-0.7468368133639423,2,0.7490327517586794,2,1,False,False,False,False,False,False,True,False,False
-1.0092323931226925,0.03656037184798058,-0.47366134105219687,-0.4705026911132902,0,6,1.0841802873801885,5,0.3485798813921975,1,0,False,False,False,False,False,False,True,False,False
0.5610413670087352,-0.8256201197969715,2.6569489765432883,1.6766042047490015,6,6,1.395842772613232,5,-0.7510153045906475,1,0,False,False,False,False,False,False,True,False,False
0.21209164253508458,-0.1006047063682618,-1.2563139204510683,-0.7985329113144737,0,6,-0.55204776009329,3,0.22248611213799482,6,1,True,False,False,False,False,False,False,False,False
-0.48580780641221666,-0.7276450639282269,-0.47366134105219687,-0.9178166277512676,2,6,-0.3183008961685074,2,-0.5719239891016517,6,0,True,False,False,False,False,False,False,False,False
-1.8816067043068192,-1.031367737121335,0.3089912383466744,0.7223344732546496,20,6,-1.2532883518676379,2,-1.225882285152544,4,1,False,False,False,False,False,False,False,False,True
-0.8347575308858673,0.35008055062796317,-1.2563139204510683,-1.4247724226076421,5,6,1.0841802873801885,4,0.599648101649971,2,1,False,False,False,False,False,False,True,False,False
-1.183707255359518,-0.17898475106325742,-0.47366134105219687,0.06627403285228275,0,6,1.317927151304971,4,0.14488458363535497,6,0,False,True,False,False,False,False,False,False,False
0.21209164253508458,1.1240834919910452,0.3089912383466744,-0.17229340002130522,0,6,-0.006638410935463857,4,1.0742162080430602,6,1,False,False,False,False,False,False,False,True,False
-1.183707255359518,-0.9137976700788416,0.3089912383466744,1.4976786300938105,14,6,-0.7468368133639423,2,-0.9348964083082332,4,0,False,False,False,False,False,False,True,False,False
0.3865665047719099,1.4865911987054,3.4396015559421595,2.571232078024956,24,6,0.9673068554177972,6,1.2504540207560089,1,0,False,True,False,False,False,False,False,False,False
-1.5326569798331686,-0.7668350862757247,-1.2563139204510683,-1.305488706170848,0,6,-1.44807740513829,2,-0.6407914752553205,6,0,False,False,True,False,False,False,False,False,False
1.607890540429687,-0.9921777147738372,0.3089912383466744,0.48376704038106166,10,6,0.7335599914930145,5,-1.121903648958335,1,0,False,True,False,False,False,False,False,False,False
-0.31133294417539137,-0.11040221195513625,1.874296397144417,-0.2021143291305037,5,6,0.7725178021471449,4,0.21302172624107618,8,1,False,False,False,False,False,False,False,True,False
-0.13685808193856605,0.3108905282804653,1.0916438177455456,0.30484146572587073,15,6,0.11023502102692746,4,0.5706562365594813,6,1,False,False,False,False,True,False,False,False,False
1.2589408159560365,-0.7570375806888503,-0.47366134105219687,-0.7388910530960766,4,6,-0.3962165174767683,2,-0.6232490376741642,7,1,False,False,False,False,False,False,False,False,True
-0.8347575308858673,0.9673234026010539,-0.47366134105219687,-0.5003236202224887,10,6,1.2010537193425799,4,0.9904146760832188,2,1,False,False,False,False,False,False,True,False,False
-1.183707255359518,1.682541310442889,1.0916438177455456,0.8416181896914436,5,6,-0.20142746420611607,3,1.337090304765426,1,1,False,False,False,False,False,False,False,True,False
-0.31133294417539137,-0.14959223430263408,-0.47366134105219687,0.6328716859270541,9,6,0.30502407429757966,4,0.17449997725240166,1,0,False,False,False,False,False,False,True,False,False
0.21209164253508458,0.05615538302172949,-1.2563139204510683,-0.8879956986420691,4,6,0.4998131275682319,3,0.3656864706622696,2,1,False,True,False,False,False,False,False,False,False
-0.13685808193856605,-0.5218974466038634,0.3089912383466744,-0.9774584859696646,0,6,-0.35725870682263783,2,-0.2579402733400024,5,1,False,False,False,False,False,False,False,True,False
0.5610413670087352,-0.276959806932002,0.3089912383466744,-0.11265154180290822,5,6,-1.331203973175899,1,0.04129721402351179,7,1,False,False,False,False,False,False,False,False,True
0.21209164253508458,-0.276959806932002,-0.47366134105219687,0.24519960750747372,1,6,0.6166865595306232,3,0.04129721402351179,8,0,False,False,False,False,False,False,False,True,False
0.7355162292455605,0.28149801151984194,0.3089912383466744,-0.7687119822052751,0,6,1.5516740152297537,5,0.5485046158343135,2,0,False,True,False,False,False,False,False,False,False
-1.0092323931226925,-1.0901527706425818,0.3089912383466744,-0.2319352582397022,3,6,-0.7857946240180727,2,-1.3982397841555005,6,0,False,False,False,False,False,False,False,False,True
-0.8347575308858673,0.604815695886699,1.0916438177455456,1.825708850294994,24,6,-1.4091195944841597,1,0.7745346421854028,6,0,False,False,False,False,False,False,False,True,False
0.03761678029825927,0.3010930226935909,1.0916438177455456,0.4241251821626647,5,6,0.694602180838884,5,0.5633118846046191,2,0,False,False,False,False,False,False,False,True,False
2.131315127140163,0.3402830450410887,-0.47366134105219687,-0.8283538404236721,3,6,1.5516740152297537,7,0.5924571572290916,2,1,False,True,False,False,False,False,False,False,False
1.4334156781928618,-0.8452151309707204,-0.47366134105219687,-0.9178166277512676,0,6,-0.47413213878502913,1,-0.7898083692589257,4,1,False,True,False,False,False,False,False,False,False
1.7823654026665123,-1.0215702315344606,-1.2563139204510683,-0.17229340002130522,6,6,0.42189750625997097,4,-1.199142362881779,2,0,False,False,False,False,False,False,False,True,False
-0.31133294417539137,-0.44351740190886774,-1.2563139204510683,-1.4247724226076421,0,6,-0.2793430855143769,3,-0.15493431084145182,6,1,True,False,False,False,False,False,False,False,False
-1.0092323931226925,0.0757503941954784,-0.47366134105219687,0.3644833239442677,1,6,-1.175372730559377,1,0.3825831578318871,7,1,True,False,False,False,False,False,False,False,False
-0.48580780641221666,-0.49250492984324,0.3089912383466744,0.6626926150362527,13,6,-0.7078790027098117,2,-0.218404656630343,4,0,False,False,False,False,False,True,False,False,False
-1.3581821175963433,-1.3448879159013176,-0.47366134105219687,0.3943042530534662,7,6,-1.603908647754812,1,-2.585575643273741,6,0,False,False,True,False,False,False,False,False,False
0.9099910914823859,-0.815822614210097,1.0916438177455456,0.3943042530534662,0,6,0.6166865595306232,4,-0.7320210347955439,1,0,False,False,False,False,False,False,False,True,False
-1.0092323931226925,1.4571986819447766,0.3089912383466744,-0.9774584859696646,6,6,-0.9805836772887249,4,1.2369753220138666,2,0,False,False,False,False,False,False,True,False,False
0.03761678029825927,-0.6100749968857335,-0.47366134105219687,-0.5301445493316872,5,6,0.42189750625997097,5,-0.3838509103740575,8,0,False,False,False,False,False,False,True,False,False
0.3865665047719099,-0.15938973988950852,-1.2563139204510683,-0.8283538404236721,4,6,-1.2532883518676379,2,0.16469877767461183,4,0,False,False,True,False,False,False,False,False,False
0.5610413670087352,-0.9921777147738372,-0.47366134105219687,-0.7985329113144737,5,6,0.9283490447636668,3,-1.121903648958335,2,1,False,False,False,False,False,False,True,False,False
0.7355162292455605,0.16392794447734851,0.3089912383466744,0.8117972605822451,12,6,0.1491928316810579,3,0.4561529635618233,2,0,False,True,False,False,False,False,False,False,False
0.21209164253508458,0.7321832685160669,1.0916438177455456,1.825708850294994,17,6,0.8504334234554058,4,0.8542977614489293,6,1,False,False,False,False,False,False,True,False,False
-0.31133294417539137,-0.9823802091869628,1.0916438177455456,1.1398274807834285,17,6,-0.045596221589594296,3,-1.0970910366276114,1,0,False,True,False,False,False,False,False,False,False
-0.31133294417539137,-1.0215702315344606,0.3089912383466744,-0.7090701239868782,6,6,-0.16246965355198562,3,-1.199142362881779,6,0,False,False,False,False,False,False,True,False,False
-0.13685808193856605,-0.9627851980132138,0.3089912383466744,0.30484146572587073,10,6,0.1491928316810579,4,-1.0487680880611483,6,1,False,False,False,False,False,False,False,False,True
-1.0092323931226925,1.3102360981416599,0.3089912383466744,0.036453103743084254,1,6,-1.44807740513829,4,1.167528873174615,7,1,True,False,False,False,False,False,False,False,False
0.21209164253508458,-0.6688600304069802,2.6569489765432883,2.243201857823773,20,6,0.8114756128012753,5,-0.47467916939348176,6,0,False,False,False,False,False,False,True,False,False
0.7355162292455605,-0.9627851980132138,1.0916438177455456,1.3783949136570166,7,6,-0.3962165174767683,2,-1.0487680880611483,6,1,False,False,False,False,False,False,True,False,False
0.03761678029825927,-0.9725827036000884,-0.47366134105219687,-0.7985329113144737,6,6,0.8114756128012753,3,-1.0727176087137429,6,0,False,True,False,False,False,False,False,False,False
-0.48580780641221666,-0.46311241308261664,1.0916438177455456,0.8714391188006422,15,6,0.8114756128012753,6,-0.179972504748136,6,0,False,True,False,False,False,False,False,False,False
-0.48580780641221666,-0.1887822566501319,-1.2563139204510683,-0.9476375568604661,6,6,0.7725178021471449,3,0.1348695378381167,2,1,False,False,False,False,False,False,True,False,False
0.3865665047719099,0.6538032238210713,-0.47366134105219687,0.6328716859270541,16,6,-0.7078790027098117,3,0.805761892475799,2,1,False,True,False,False,False,False,False,False,False
-1.183707255359518,-0.8746076477313438,-0.47366134105219687,-1.4247724226076421,1,6,-0.629963381401551,3,-0.8501273282830314,4,1,False,False,False,False,False,False,False,False,True
-1.183707255359518,0.42846059532295877,0.3089912383466744,1.348573984547818,7,6,0.38293969560584057,5,0.6558625487608831,2,0,False,True,False,False,False,False,False,False,False
0.03761678029825927,-0.26716230134512753,1.0916438177455456,1.527499559203009,20,6,-1.44807740513829,2,0.052013709565456326,4,1,True,False,False,False,False,False,False,False,False
0.9099910914823859,0.16392794447734851,-0.47366134105219687,-1.4247724226076421,0,6,-0.006638410935463857,4,0.4561529635618233,2,0,False,False,False,False,False,False,True,False,False
-0.660282668649042,0.6733982349948202,0.3089912383466744,0.9609019061282377,12,6,-0.08455403224372474,6,0.8180571770802627,6,0,False,False,False,False,False,False,True,False,False
-0.31133294417539137,-0.7864300974494737,0.3089912383466744,-0.08283061269370973,7,6,-0.5130899494391595,2,-0.6765613494066632,6,1,False,False,False,False,False,False,True,False,False
-1.8816067043068192,0.36967556180171207,-0.47366134105219687,-0.5003236202224887,4,6,1.5127162045756233,5,0.6139183094283378,8,1,False,True,False,False,False,False,False,False,False
-0.13685808193856605,2.47613926297972,0.3089912383466744,-1.4247724226076421,0,6,-0.006638410935463857,2,1.6410101799199401,6,0,False,True,False,False,False,False,False,False,False
1.0844659537192112,-1.1097477818163306,-0.47366134105219687,0.15573682017987825,11,6,-0.08455403224372474,3,-1.460844324994541,4,1,True,False,False,False,False,False,False,False,False
-1.5326569798331686,-0.2965548181057509,-0.47366134105219687,-0.11265154180290822,3,6,0.5777287488764927,3,0.019610738625305664,6,1,False,False,False,False,False,False,False,False,True
0.9099910914823859,0.3206880338673398,1.0916438177455456,-0.5301445493316872,13,6,-0.7857946240180727,2,0.5779616262517648,7,0,False,False,False,False,False,False,True,False,False
-0.13685808193856605,0.2912955171067164,0.3089912383466744,-0.1424724709121067,8,6,-0.045596221589594296,5,0.5559281525583185,6,0,True,False,False,False,False,False,False,False,False
0.21209164253508458,-0.923595175665716,-0.47366134105219687,0.5434088985994587,0,6,0.07127721037279702,3,-0.9569298820016794,6,0,False,True,False,False,False,False,False,False,False
-1.707131842069994,1.3298311093154087,-0.47366134105219687,1.229290268111024,10,6,0.4998131275682319,4,1.1769932590715335,8,0,False,True,False,False,False,False,False,False,False
-0.48580780641221666,0.7811707964504392,-0.47366134105219687,-1.365130564389245,0,6,-0.9416258666345945,3,0.8837863128306024,6,0,True,False,False,False,False,False,False,False,False
1.2589408159560365,-1.3742804326619409,-0.47366134105219687,-0.17229340002130522,14,6,-1.3701617838300293,3,-2.822224226777104,6,1,True,False,False,False,False,False,False,False,False
0.7355162292455605,0.04635787743485503,2.6569489765432883,2.5414111489157576,21,6,0.694602180838884,5,0.35715973922484895,8,0,False,True,False,False,False,False,False,False,False
1.2589408159560365,-1.1783303209244518,-0.47366134105219687,-0.3213980455672977,14,6,1.395842772613232,4,-1.7055224515241862,2,0,False,False,False,False,False,False,False,True,False
0.9099910914823859,-0.6688600304069802,0.3089912383466744,3.1378297310997274,13,6,-0.2403852748602465,3,-0.47467916939348176,2,1,True,False,False,False,False,False,False,False,False
0.21209164253508458,-0.943190186839465,-0.47366134105219687,-0.7090701239868782,0,6,0.18815064233518836,3,-1.002083524848421,2,1,False,False,False,False,False,False,True,False,False
-0.660282668649042,-0.4043273795613699,-0.47366134105219687,-0.3512189746764962,13,6,-1.2532883518676379,2,-0.10618363662241849,5,0,False,False,False,False,False,False,False,False,False
0.9099910914823859,-0.4729099186694911,0.3089912383466744,0.7521554023638481,9,6,1.6295896365380147,6,-0.19266441696418832,6,0,False,False,False,False,False,False,False,True,False
-1.707131842069994,-0.49250492984324,-1.2563139204510683,-1.0967422024064586,0,6,-0.35725870682263783,3,-0.218404656630343,4,0,False,True,False,False,False,False,False,False,False
-1.183707255359518,-0.15938973988950852,1.0916438177455456,0.8416181896914436,17,6,0.8893912341095362,5,0.16469877767461183,1,1,False,False,False,False,False,False,True,False,False
-0.48580780641221666,-0.2279722789976297,0.3089912383466744,-0.2617561873489007,0,6,-0.6689211920556813,3,0.09406469380928996,5,1,True,False,False,False,False,False,False,False,False
-1.0092323931226925,-0.2083772678238808,0.3089912383466744,0.21537867839827524,3,6,0.42189750625997097,2,0.11461825040449736,8,1,False,False,False,False,False,False,True,False,False
0.7355162292455605,1.6237562769216423,0.3089912383466744,0.06627403285228275,0,6,0.3439818849517101,3,1.3116668861583878,6,1,False,False,False,False,False,False,True,False,False
-0.13685808193856605,0.6538032238210713,-0.47366134105219687,-0.2915771164580992,6,6,1.2400115299967103,4,0.805761892475799,6,0,False,False,False,False,False,False,True,False,False
-0.13685808193856605,-0.3259473348663743,1.874296397144417,1.646783275639803,22,6,-0.7078790027098117,4,-0.013573101475193741,4,1,False,False,False,False,False,False,False,False,True
-0.8347575308858673,-0.4043273795613699,1.0916438177455456,0.3644833239442677,2,6,1.590631825883884,4,-0.10618363662241849,6,1,False,False,False,False,False,False,True,False,False
-1.8816067043068192,-0.1887822566501319,-0.47366134105219687,0.6328716859270541,3,6,0.38293969560584057,4,0.1348695378381167,2,0,False,True,False,False,False,False,False,False,False
0.21209164253508458,-1.2763053767931964,1.0916438177455456,1.6169623465306044,14,6,1.1231380980343189,4,-2.1536495098153177,2,1,False,False,False,False,False,False,True,False,False
0.21209164253508458,-0.7472400751019759,2.6569489765432883,2.332664645151368,18,6,1.3568849619591015,5,-0.6059272655413414,2,0,False,False,False,False,False,False,True,False,False
-0.31133294417539137,-0.7374425695151013,0.3089912383466744,0.15573682017987825,15,6,-0.16246965355198562,4,-0.588820676271268,2,1,False,False,False,False,False,False,True,False,False
0.5610413670087352,3.3971047881459184,-0.47366134105219687,-0.4705026911132902,12,6,0.7335599914930145,5,1.925890051002739,3,1,False,False,False,False,False,False,False,True,False
0.9099910914823859,-0.923595175665716,-0.47366134105219687,0.12591589107067974,10,6,-0.7468368133639423,4,-0.9569298820016794,6,1,False,False,False,False,False,False,False,False,True
-0.660282668649042,0.8007658076241881,-1.2563139204510683,-0.5003236202224887,0,6,0.2660662636434492,3,0.8954071643040282,6,0,False,False,False,False,False,False,False,True,False
-0.660282668649042,1.6531487936822657,-1.2563139204510683,-0.3213980455672977,3,6,0.5387709382223623,4,1.3244372657226693,1,0,False,False,False,False,False,False,False,True,False
0.5610413670087352,-1.1979253320982008,-1.2563139204510683,-0.5599654784408856,0,6,0.11023502102692746,4,-1.7842331727790024,1,0,False,False,False,False,False,False,True,False,False
0.7355162292455605,0.39906807856233545,1.0916438177455456,0.24519960750747372,8,6,1.5516740152297537,5,0.6350501214576345,6,1,False,False,False,False,False,False,True,False,False
-0.48580780641221666,1.4082111540104043,1.874296397144417,0.9310809770190391,15,6,-0.35725870682263783,3,1.2142134363873422,2,0,False,False,False,False,False,False,True,False,False
0.5610413670087352,1.1730710199254173,1.874296397144417,2.869441369116941,19,6,0.4608553169141014,5,1.0993917305688925,2,0,False,True,False,False,False,False,False,False,False
-1.183707255359518,-0.35533985162699766,1.0916438177455456,0.6328716859270541,13,6,0.694602180838884,5,-0.04757637791488216,6,0,False,False,False,False,False,False,True,False,False
-0.31133294417539137,0.8693483467323093,0.3089912383466744,0.6030507568178557,13,6,0.7725178021471449,5,0.9353248208905662,2,1,False,True,False,False,False,False,False,False,False
0.03761678029825927,-1.0117727259475862,0.3089912383466744,0.6626926150362527,6,6,-0.6689211920556813,1,-1.1729118035638813,4,1,False,False,False,False,False,False,False,False,True
0.7355162292455605,-0.6394675136463568,0.3089912383466744,0.9012600479098406,15,6,-0.8637102453263336,4,-0.42851631966582654,4,0,False,False,False,False,False,False,True,False,False
1.607890540429687,0.8399558299716859,-1.2563139204510683,-0.9178166277512676,0,6,1.9022943111169277,6,0.918358741056601,9,1,False,False,False,False,False,False,True,False,False
0.5610413670087352,-0.276959806932002,-0.47366134105219687,-0.5897864075500842,0,6,-1.603908647754812,1,0.04129721402351179,4,1,False,False,False,False,False,False,False,False,True
-0.13685808193856605,0.19332046123797186,0.3089912383466744,-0.3213980455672977,8,6,0.4608553169141014,3,0.4798279775400558,1,1,False,True,False,False,False,False,False,False,False
-1.8816067043068192,-0.6786575359938547,-0.47366134105219687,-0.2617561873489007,2,6,-1.1364149199052467,1,-0.4904172004346891,5,1,False,False,False,True,False,False,False,False,False
-1.183707255359518,-0.7766325918625993,-1.2563139204510683,-1.4247724226076421,0,6,-0.7857946240180727,2,-0.6585602731110675,4,1,False,False,False,False,False,False,True,False,False
-1.183707255359518,-0.9040001644919672,-0.47366134105219687,0.6328716859270541,9,6,1.1231380980343189,6,-0.913209932910027,1,0,False,True,False,False,False,False,False,False,False
1.0844659537192112,0.35008055062796317,-0.47366134105219687,0.48376704038106166,4,6,0.9673068554177972,3,0.599648101649971,6,1,False,True,False,False,False,False,False,False,False
-1.8816067043068192,0.5460306623654523,-0.47366134105219687,-0.5599654784408856,9,6,0.6166865595306232,4,0.7361024903031957,2,0,False,True,False,False,False,False,False,False,False
-0.31133294417539137,0.4676506176704566,0.3089912383466744,0.036453103743084254,9,6,-0.3183008961685074,4,0.6831320087145331,6,1,False,False,False,False,False,False,False,True,False
2.131315127140163,0.6244107070604479,-1.2563139204510683,-0.7388910530960766,9,6,-0.55204776009329,4,0.7871106449087427,6,0,False,True,False,False,False,False,False,False,False
0.9099910914823859,-1.139140298576954,-1.2563139204510683,-1.0371003441880615,7,6,-1.876613322333725,1,-1.5604344124748795,6,0,False,False,False,False,False,True,False,False,False
-1.8816067043068192,0.01696536067423167,-0.47366134105219687,-0.2021143291305037,1,6,-0.902668055980464,3,0.3312581092593746,6,0,True,False,False,False,False,False,False,False,False
0.7355162292455605,-1.4232679605963132,-0.47366134105219687,-0.9476375568604661,0,6,-1.44807740513829,3,-3.338200610194098,4,1,False,False,True,False,False,False,False,False,False
-1.8816067043068192,-0.2965548181057509,-0.47366134105219687,-0.5599654784408856,5,6,0.694602180838884,4,0.019610738625305664,1,1,False,False,False,False,False,False,True,False,False
-0.31133294417539137,-0.5806824801251101,-1.2563139204510683,-1.4247724226076421,6,6,-0.7078790027098117,4,-0.340588837505201,4,1,True,False,False,False,False,False,False,False,False
-0.31133294417539137,-0.6884550415807291,1.874296397144417,0.6925135441454512,18,6,-0.3183008961685074,4,-0.5063371780610029,6,1,False,False,False,False,False,False,True,False,False
-0.31133294417539137,-1.0117727259475862,0.3089912383466744,-0.5003236202224887,2,6,-0.5910055707474204,3,-1.1729118035638813,4,0,False,False,False,False,False,False,False,False,True
-0.8347575308858673,-0.276959806932002,-1.2563139204510683,-1.3949514934984435,1,6,-1.6428664584089423,1,0.04129721402351179,6,1,True,False,False,False,False,False,False,False,False
0.3865665047719099,-0.6394675136463568,-1.2563139204510683,-1.4247724226076421,0,6,-0.8637102453263336,1,-0.42851631966582654,6,1,False,False,False,False,True,False,False,False,False
-0.660282668649042,-0.7374425695151013,0.3089912383466744,-0.7985329113144737,1,6,-0.20142746420611607,2,-0.588820676271268,8,0,False,False,False,False,False,False,True,False,False
0.5610413670087352,3.2893322266902993,1.0916438177455456,0.6328716859270541,14,6,0.3439818849517101,5,1.895441192391884,1,1,False,False,False,False,False,False,False,True,False
-0.48580780641221666,-1.4036729494225644,1.0916438177455456,1.050364693455833,7,6,-1.0974571092511163,1,-3.1081566567488568,4,1,False,False,False,True,False,False,False,False,False
-0.13685808193856605,1.0652984584697984,0.3089912383466744,-0.17229340002130522,3,6,0.9283490447636668,5,1.0433851576718816,6,1,False,False,False,False,False,False,True,False,False
0.3865665047719099,0.2521054947592186,1.874296397144417,2.422127432478964,12,6,-0.629963381401551,4,0.5259908272677123,5,0,False,False,False,False,False,False,False,False,True
-0.48580780641221666,0.43825810090983325,-1.2563139204510683,-0.2617561873489007,0,6,1.1620959086884493,4,0.6627307062769666,6,1,False,False,False,False,False,False,True,False,False
-0.13685808193856605,-1.2861028823800709,-0.47366134105219687,-0.05300968358451123,4,6,-1.2143305412135075,1,-2.2076588920397326,5,0,False,False,False,False,False,True,False,False,False
-1.8816067043068192,1.035905941709175,0.3089912383466744,0.9012600479098406,0,6,-0.045596221589594296,3,1.0277068547965174,1,1,False,False,False,False,False,False,False,True,False
1.0844659537192112,-0.6982525471676035,0.3089912383466744,1.0801856225650317,12,6,1.2789693406508407,4,-0.5224433584767779,2,0,False,False,False,False,False,False,True,False,False
-1.183707255359518,0.11494041654297622,1.874296397144417,1.0205437643466346,3,6,-0.5130899494391595,3,0.4157669979323853,6,1,False,False,False,False,False,False,True,False,False
-1.707131842069994,-0.2573647957582531,-0.47366134105219687,-1.3949514934984435,1,6,-0.12351184289785518,4,0.06264745142044481,2,1,False,False,False,False,False,False,True,False,False
-0.13685808193856605,-0.2279722789976297,1.874296397144417,2.213380928714574,16,6,0.5777287488764927,4,0.09406469380928996,6,1,False,True,False,False,False,False,False,False,False
0.3865665047719099,-0.8844051533182182,-0.47366134105219687,-0.3213980455672977,7,6,0.3439818849517101,2,-0.8708354287005626,2,0,True,False,False,False,False,False,False,False,False
0.3865665047719099,-0.9137976700788416,1.0916438177455456,1.1100065516742301,1,6,0.30502407429757966,3,-0.9348964083082332,6,1,False,False,False,False,False,False,False,True,False
0.7355162292455605,0.21291547241172076,-0.47366134105219687,0.5732298277086572,6,6,0.4608553169141014,4,0.4953881739161519,2,1,False,False,False,False,False,False,True,False,False
-0.8347575308858673,-1.031367737121335,1.0916438177455456,1.467857700984612,19,6,-0.8637102453263336,3,-1.225882285152544,4,0,False,False,False,False,False,False,False,False,True
-0.31133294417539137,1.231856053446664,0.3089912383466744,0.006632174633885757,1,6,0.11023502102692746,3,1.1290071241859405,6,0,False,False,False,False,False,False,False,True,False
0.21209164253508458,-0.3259473348663743,-0.47366134105219687,-0.5301445493316872,6,6,0.07127721037279702,3,-0.013573101475193741,2,0,False,False,False,False,False,False,False,False,True
0.03761678029825927,-0.5708849745382356,3.4396015559421595,4.062278533484881,34,6,0.38293969560584057,3,-0.32646499341165824,2,1,False,False,False,False,False,False,True,False,False
0.21209164253508458,-0.3161498292794998,-1.2563139204510683,-1.4247724226076421,0,6,1.2789693406508407,2,-0.002422735068140659,8,0,False,True,False,False,False,False,False,False,False
0.5610413670087352,-0.19857976223700635,0.3089912383466744,0.4539461112718632,17,6,-1.331203973175899,2,0.12478112108807513,6,0,False,False,False,False,False,False,True,False,False
1.2589408159560365,-0.35533985162699766,-0.47366134105219687,0.036453103743084254,10,6,-1.0974571092511163,3,-0.04757637791488216,4,1,False,False,False,False,False,False,False,True,False
2.131315127140163,-0.4729099186694911,0.3089912383466744,0.21537867839827524,2,6,-0.16246965355198562,5,-0.19266441696418832,2,0,False,False,False,False,False,False,False,True,False
-0.13685808193856605,1.2122610422729152,-1.2563139204510683,-0.9178166277512676,1,6,-0.006638410935463857,5,1.1192059246081507,1,0,False,False,False,False,False,False,True,False,False
0.7355162292455605,-0.9725827036000884,-0.47366134105219687,-0.9476375568604661,2,6,-1.5649508371006815,2,-1.0727176087137429,5,0,False,False,False,True,False,False,False,False,False
0.21209164253508458,-0.7080500527544781,1.0916438177455456,0.3943042530534662,3,6,0.3439818849517101,3,-0.5387401490011535,6,0,False,True,False,False,False,False,False,False,False
-0.31133294417539137,-1.2273178488588241,-0.47366134105219687,0.6328716859270541,16,6,-0.7078790027098117,1,-1.9114370289352183,5,0,False,False,False,False,False,False,False,False,True
-0.8347575308858673,-0.42392239073511884,0.3089912383466744,-0.2617561873489007,1,6,-0.7857946240180727,1,-0.1303432515201953,5,0,False,False,False,False,False,False,False,True,False
-0.31133294417539137,0.8889433579060582,-0.47366134105219687,-0.4705026911132902,5,6,0.03231939971866658,4,0.9465205144886617,6,1,False,False,False,False,False,False,True,False,False
-1.5326569798331686,-0.3063523236926254,1.874296397144417,1.5573204883122076,15,6,-0.12351184289785518,3,0.008638069196031287,6,0,False,True,False,False,False,False,False,False,False
-1.0092323931226925,0.007167855087357215,-0.47366134105219687,-0.2915771164580992,1,6,0.694602180838884,3,0.3225148244754811,2,1,False,True,False,False,False,False,False,False,False
-0.13685808193856605,1.1044884808172961,-1.2563139204510683,-0.5599654784408856,6,6,1.045222476726058,7,1.0640156967541041,2,0,False,True,False,False,False,False,False,False,False
-0.31133294417539137,-0.37493486280074656,-0.47366134105219687,-0.5897864075500842,2,6,-0.9416258666345945,1,-0.07072083410293639,5,0,True,False,False,False,False,False,False,False,False
-0.48580780641221666,0.9673234026010539,1.0916438177455456,1.1994693390018256,11,6,0.1491928316810579,3,0.9904146760832188,2,0,False,True,False,False,False,False,False,False,False
-0.13685808193856605,-1.1293427929900797,0.3089912383466744,-1.2458468479524512,0,6,-0.8637102453263336,1,-1.5264311360351905,4,0,False,False,False,False,True,False,False,False,False
0.7355162292455605,-0.7962276030363481,-0.47366134105219687,-0.5897864075500842,4,6,0.4608553169141014,5,-0.6948008574797353,6,0,False,False,False,False,False,False,True,False,False
0.3865665047719099,1.143678503164794,-1.2563139204510683,-1.4247724226076421,5,6,-1.0195414879428553,4,1.0843417148941714,4,0,False,False,False,False,True,False,False,False,False
0.7355162292455605,-1.1979253320982008,-0.47366134105219687,-1.4247724226076421,1,6,1.590631825883884,4,-1.7842331727790024,6,1,False,True,False,False,False,False,False,False,False
-1.707131842069994,-0.39452987397449546,0.3089912383466744,-0.11265154180290822,12,6,1.7075052578462755,4,-0.09426094112760951,2,0,False,True,False,False,False,False,False,False,False
1.7823654026665123,-0.12999722312888515,1.0916438177455456,0.12591589107067974,2,6,-0.08455403224372474,4,0.19389554756830313,6,0,False,False,False,False,False,False,False,True,False
0.3865665047719099,1.1632735143385429,-0.47366134105219687,-1.2458468479524512,1,6,0.11023502102692746,5,1.0943933122774283,6,0,False,False,False,False,False,False,True,False,False
-0.8347575308858673,1.9764664780491228,-0.47366134105219687,-0.5599654784408856,6,6,-0.3183008961685074,6,1.4576099781549887,6,1,False,True,False,False,False,False,False,False,False
0.03761678029825927,-1.158735309750703,-0.47366134105219687,0.6626926150362527,8,6,-0.902668055980464,3,-1.631068496340202,5,1,False,False,False,False,False,False,False,False,True
3.178164300561115,-0.7080500527544781,1.874296397144417,1.4380367718754135,19,6,-0.7857946240180727,3,-0.5387401490011535,6,1,True,False,False,False,False,False,False,False,False
1.607890540429687,0.08554789978235286,-0.47366134105219687,-0.7687119822052751,1,6,1.045222476726058,6,0.39095438560166185,2,0,False,False,False,False,False,False,True,False,False
-1.0092323931226925,-0.43371989632199326,0.3089912383466744,0.24519960750747372,20,6,-1.9155711329878555,1,-0.14258388969407385,5,0,False,False,False,False,False,False,False,False,True
0.21209164253508458,0.38927057297546097,-0.47366134105219687,0.3346623948350692,14,6,0.8893912341095362,3,0.6280421535218793,6,0,False,False,False,False,False,False,True,False,False
-0.13685808193856605,-1.2273178488588241,1.0916438177455456,0.3943042530534662,7,6,-1.3701617838300293,2,-1.9114370289352183,5,1,False,False,False,False,False,False,False,False,False
-1.707131842069994,1.1338809975779196,0.3089912383466744,0.8714391188006422,6,6,-1.0195414879428553,2,1.0792882680216138,5,1,False,False,False,False,False,False,False,True,False
-0.13685808193856605,3.230547193169053,0.3089912383466744,0.15573682017987825,5,6,0.2660662636434492,5,1.8785445052222676,1,0,False,True,False,False,False,False,False,False,False
-1.8816067043068192,-0.051617178433889514,-0.47366134105219687,0.036453103743084254,15,6,0.694602180838884,4,0.2688562415721272,2,0,False,True,False,False,False,False,False,False,False
-0.13685808193856605,-0.9040001644919672,1.874296397144417,0.4539461112718632,13,6,-0.5910055707474204,4,-0.913209932910027,4,0,True,False,False,False,False,False,False,False,False
0.21209164253508458,-0.11040221195513625,1.0916438177455456,1.2889321263294211,3,6,0.03231939971866658,4,0.21302172624107618,2,0,False,True,False,False,False,False,False,False,False
1.0844659537192112,-1.158735309750703,-0.47366134105219687,-0.5599654784408856,1,6,-0.8637102453263336,4,-1.631068496340202,5,1,True,False,False,False,False,False,False,False,False
-1.8816067043068192,-0.41412488514824436,0.3089912383466744,0.5732298277086572,15,6,1.0062646660719277,5,-0.11821046178020403,6,1,False,False,False,False,False,False,True,False,False
0.3865665047719099,-0.6296700080594824,0.3089912383466744,0.7223344732546496,5,6,-0.045596221589594296,3,-0.4134663039911042,2,0,False,True,False,False,False,False,False,False,False
1.4334156781928618,-0.6786575359938547,0.3089912383466744,-0.4705026911132902,4,6,-0.5910055707474204,2,-0.4904172004346891,4,1,False,False,False,False,False,False,False,False,True
0.7355162292455605,-0.8942026589050927,-0.47366134105219687,-0.4705026911132902,4,6,-1.7207820797172033,3,-0.891859695513094,7,0,False,False,False,False,False,True,False,False,False
0.5610413670087352,0.5852206847129501,0.3089912383466744,-0.41086083289489317,0,6,1.395842772613232,4,0.7618427299693504,2,1,False,True,False,False,False,False,False,False,False
0.5610413670087352,1.3004385925547852,-0.47366134105219687,-0.2617561873489007,5,6,-0.902668055980464,3,1.1627721750861761,2,1,False,True,False,False,False,False,False,False,False
0.5610413670087352,-0.6884550415807291,1.0916438177455456,0.21537867839827524,8,6,-0.35725870682263783,4,-0.5063371780610029,4,1,False,False,False,False,True,False,False,False,False
-1.5326569798331686,-0.619872502472608,2.6569489765432883,2.69051579446175,18,6,1.395842772613232,6,-0.3985789943752203,2,0,False,False,False,False,False,False,False,True,False
0.9099910914823859,1.0261084361223005,-0.47366134105219687,-0.2617561873489007,12,6,0.4608553169141014,3,1.0224408341253088,6,0,False,False,False,False,False,False,True,False,False
-1.3581821175963433,-0.08100969519451288,1.0916438177455456,0.6328716859270541,5,6,-0.35725870682263783,3,0.24122194846562783,6,1,False,False,False,False,False,False,True,False,False
-1.8816067043068192,-1.3154953991406944,0.3089912383466744,0.21537867839827524,6,6,-0.7078790027098117,1,-2.3836934632605593,4,1,False,False,False,False,True,False,False,False,False
0.3865665047719099,0.2521054947592186,0.3089912383466744,0.48376704038106166,0,6,0.5777287488764927,5,0.5259908272677123,6,0,False,False,False,False,False,False,True,False,False
0.9099910914823859,1.5649712434003955,-0.47366134105219687,-1.365130564389245,0,6,-0.6689211920556813,3,1.2857652561929134,6,1,True,False,False,False,False,False,False,False,False
-0.13685808193856605,-0.5023024354301144,-1.2563139204510683,-0.6792491948776797,11,6,-0.2403852748602465,4,-0.2314574816324678,6,1,False,False,False,False,False,False,True,False,False
1.607890540429687,-0.43371989632199326,0.3089912383466744,-0.2021143291305037,8,6,0.38293969560584057,3,-0.14258388969407385,6,0,False,False,False,False,False,False,False,False,True
2.131315127140163,0.5068406400179545,-1.2563139204510683,-0.7985329113144737,14,6,0.7725178021471449,5,0.7098719309852979,2,0,False,True,False,False,False,False,False,False,False
-0.31133294417539137,0.2717005059329675,1.874296397144417,2.213380928714574,13,6,0.8114756128012753,2,0.5410408429424346,2,1,False,True,False,False,False,False,False,False,False
-0.31133294417539137,0.5754231791260757,1.0916438177455456,1.6766042047490015,8,6,-0.7857946240180727,3,0.7554526362412216,5,0,False,True,False,False,False,False,False,False,False
0.9099910914823859,0.11494041654297622,-0.47366134105219687,0.12591589107067974,13,6,-0.8637102453263336,2,0.4157669979323853,4,0,True,False,False,False,False,False,False,False,False
3.178164300561115,-0.44351740190886774,0.3089912383466744,0.9012600479098406,22,6,2.174998985695841,5,-0.15493431084145182,1,0,False,True,False,False,False,False,False,False,False
-1.0092323931226925,0.17372545006422296,2.6569489765432883,2.929083227335338,24,6,1.590631825883884,4,0.46408994649884966,1,0,False,False,False,False,False,False,False,True,False
-0.48580780641221666,-1.070557759468833,1.874296397144417,1.7362460629673986,14,6,-0.55204776009329,1,-1.3383580573075964,4,1,True,False,False,False,False,False,False,False,False
-0.660282668649042,-0.7472400751019759,-1.2563139204510683,-0.8581747695328706,0,6,-1.2532883518676379,2,-0.6059272655413414,4,1,False,False,False,False,True,False,False,False,False
0.5610413670087352,-0.3063523236926254,1.0916438177455456,0.9907228352374361,6,6,0.30502407429757966,3,0.008638069196031287,2,1,False,True,False,False,False,False,False,False,False
1.0844659537192112,0.9673234026010539,0.3089912383466744,1.1398274807834285,12,6,0.6166865595306232,6,0.9904146760832188,6,0,False,True,False,False,False,False,False,False,False
-0.13685808193856605,0.712588257342318,-0.47366134105219687,0.4241251821626647,18,6,1.4348005832673625,6,0.8423232274957445,1,0,False,False,False,False,False,False,True,False,False
-0.660282668649042,-0.6492650192332313,-1.2563139204510683,-0.7687119822052751,3,6,-1.4870352157924205,2,-0.44373263722196177,4,0,True,False,False,False,False,False,False,False,False
-1.183707255359518,-0.2083772678238808,-0.47366134105219687,-0.4705026911132902,8,6,0.4998131275682319,4,0.11461825040449736,2,0,False,False,False,False,False,False,False,True,False
-0.8347575308858673,-1.0803552650557073,-1.2563139204510683,-1.4247724226076421,0,6,0.694602180838884,4,-1.367973450924643,2,0,False,False,False,False,False,False,False,True,False
-1.0092323931226925,-0.051617178433889514,1.874296397144417,1.1994693390018256,16,6,1.1231380980343189,7,0.2688562415721272,6,0,False,False,False,False,False,False,False,True,False
-1.183707255359518,-0.35533985162699766,-0.47366134105219687,-1.0967422024064586,10,6,0.03231939971866658,4,-0.04757637791488216,1,1,True,False,False,False,False,False,False,False,False
0.9099910914823859,-0.3455423460401232,0.3089912383466744,0.48376704038106166,12,6,-1.175372730559377,1,-0.03614840587693777,7,1,False,False,True,False,False,False,False,False,False
-0.660282668649042,0.2912955171067164,-0.47366134105219687,0.21537867839827524,15,6,0.07127721037279702,5,0.5559281525583185,6,0,True,False,False,False,False,False,False,False,False
-0.31133294417539137,0.17372545006422296,0.3089912383466744,-0.1424724709121067,12,6,2.019167743079319,4,0.46408994649884966,9,0,False,False,False,False,False,False,False,True,False
0.7355162292455605,1.5159837154660234,0.3089912383466744,-1.0967422024064586,3,6,0.694602180838884,4,1.2638020676967443,6,0,False,False,False,False,False,False,False,True,False
1.0844659537192112,0.11494041654297622,0.3089912383466744,0.7819763314730467,10,6,1.668547447192145,5,0.4157669979323853,1,1,False,False,False,False,False,False,True,False,False
0.5610413670087352,0.8889433579060582,-1.2563139204510683,0.5135879694902602,15,6,-0.2403852748602465,3,0.9465205144886617,6,0,True,False,False,False,False,False,False,False,False
0.21209164253508458,-0.3357448404532487,1.0916438177455456,0.6030507568178557,15,6,-0.3183008961685074,3,-0.024814492288357765,6,0,False,False,False,False,False,False,True,False,False
1.607890540429687,-0.7276450639282269,-1.2563139204510683,-1.4247724226076421,4,6,-0.006638410935463857,4,-0.5719239891016517,8,1,False,False,False,False,False,False,False,True,False
0.9099910914823859,-0.6296700080594824,0.3089912383466744,0.21537867839827524,7,6,-0.47413213878502913,3,-0.4134663039911042,5,1,False,False,False,False,False,False,False,False,True
0.03761678029825927,-0.6492650192332313,0.3089912383466744,0.3943042530534662,12,6,-0.9416258666345945,3,-0.44373263722196177,6,0,False,False,False,False,False,False,False,False,True
-0.13685808193856605,-0.42392239073511884,-0.47366134105219687,0.8117972605822451,10,6,1.3568849619591015,7,-0.1303432515201953,2,0,False,False,False,False,False,False,True,False,False
0.21209164253508458,-1.3644829270750665,-0.47366134105219687,-1.4247724226076421,3,6,-1.3701617838300293,2,-2.7387403197125413,6,0,False,False,True,False,False,False,False,False,False
0.7355162292455605,3.8869800674896413,1.0916438177455456,0.8416181896914436,22,6,1.824378689808667,5,2.0563912994088667,9,0,False,True,False,False,False,False,False,False,False
0.21209164253508458,-1.1783303209244518,-0.47366134105219687,0.15573682017987825,5,6,0.18815064233518836,2,-1.7055224515241862,2,0,False,True,False,False,False,False,False,False,False
0.5610413670087352,-0.8060251086232226,-0.47366134105219687,-0.5003236202224887,2,6,-1.603908647754812,3,-0.7132851984679097,5,0,False,False,False,False,False,True,False,False,False
0.7355162292455605,0.5264356511917033,-0.47366134105219687,-0.7687119822052751,0,6,1.9802099324251885,5,0.723049665301071,1,0,False,True,False,False,False,False,False,False,False
0.03761678029825927,-1.031367737121335,1.0916438177455456,0.6626926150362527,16,6,-0.006638410935463857,3,-1.225882285152544,6,0,False,False,False,False,False,False,False,True,False
-1.707131842069994,0.3402830450410887,-1.2563139204510683,-1.4247724226076421,0,6,0.11023502102692746,6,0.5924571572290916,2,0,False,False,False,False,False,False,True,False,False
-0.13685808193856605,-0.7864300974494737,-0.47366134105219687,0.5135879694902602,4,6,-1.7986977010254641,2,-0.6765613494066632,5,0,False,False,True,False,False,False,False,False,False
0.5610413670087352,-0.923595175665716,-0.47366134105219687,-1.0967422024064586,6,6,0.2660662636434492,3,-0.9569298820016794,2,1,False,True,False,False,False,False,False,False,False
0.3865665047719099,-1.1979253320982008,0.3089912383466744,-1.186204989734054,0,6,0.3439818849517101,5,-1.7842331727790024,6,1,False,False,False,False,False,False,False,False,True
-0.660282668649042,-0.02222466167326615,0.3089912383466744,1.6766042047490015,17,6,0.3439818849517101,2,0.29594687382247137,2,1,False,True,False,False,False,False,False,False,False
-0.660282668649042,-1.1881278265113264,-0.47366134105219687,-0.5599654784408856,6,6,-1.4091195944841597,3,-1.744315516192465,5,1,False,False,False,False,True,False,False,False,False
-0.13685808193856605,2.8386469696940746,-1.2563139204510683,-1.4247724226076421,0,6,0.6556443701847536,4,1.7602690394093379,9,1,False,False,False,False,False,False,False,True,False
-1.3581821175963433,-0.1887822566501319,0.3089912383466744,0.3346623948350692,7,6,0.11023502102692746,4,0.1348695378381167,8,1,False,False,False,False,False,False,False,True,False
-0.660282668649042,2.593709330022213,-0.47366134105219687,-0.1424724709121067,10,6,1.317927151304971,4,1.6808316359596234,9,0,False,False,False,False,False,False,False,True,False
2.131315127140163,-0.5512899633644868,-0.47366134105219687,-0.11265154180290822,7,6,1.6295896365380147,4,-0.2986445981726544,6,1,False,False,False,False,False,False,True,False,False
-1.0092323931226925,1.0946909752304217,0.3089912383466744,1.3783949136570166,4,6,2.4087458496206233,7,1.0588869655840463,9,1,False,True,False,False,False,False,False,False,False
-0.660282668649042,-1.0999502762294562,-1.2563139204510683,-0.9476375568604661,0,6,-0.7468368133639423,3,-1.429186316327021,6,1,False,False,False,False,False,False,False,True,False
-0.13685808193856605,-0.8942026589050927,0.3089912383466744,1.1398274807834285,9,6,1.7075052578462755,3,-0.891859695513094,8,1,False,False,False,False,False,False,False,True,False
-1.183707255359518,-0.041819672847015064,1.874296397144417,0.15573682017987825,0,6,-1.6428664584089423,2,0.2779457975268756,6,0,False,False,True,False,False,False,False,False,False
-1.707131842069994,-0.12999722312888515,-0.47366134105219687,1.1100065516742301,8,6,1.4737583939214929,4,0.19389554756830313,1,1,False,True,False,False,False,False,False,False,False
-0.660282668649042,-1.031367737121335,0.3089912383466744,-0.2021143291305037,13,6,2.486661470928884,5,-1.225882285152544,3,0,False,False,False,False,False,False,False,True,False
1.0844659537192112,1.9862639836359972,0.3089912383466744,-0.7985329113144737,4,6,1.0841802873801885,4,1.4614511598014521,3,0,False,True,False,False,False,False,False,False,False
-1.5326569798331686,-1.050962748295084,0.3089912383466744,0.24519960750747372,7,6,0.3439818849517101,2,-1.2809721403451977,6,1,False,False,False,False,False,False,False,False,True
1.7823654026665123,-0.7668350862757247,1.874296397144417,2.213380928714574,15,6,-1.2143305412135075,4,-0.6407914752553205,7,0,False,False,False,False,False,False,False,False,True
0.03761678029825927,0.8987408634929327,-0.47366134105219687,-0.1424724709121067,0,6,0.8114756128012753,5,0.9520844118653982,2,1,False,False,False,False,False,False,True,False,False
1.9568402649033378,-0.9040001644919672,1.0916438177455456,0.9310809770190391,15,6,-1.2143305412135075,1,-0.913209932910027,4,0,False,False,False,False,False,False,False,False,True
-0.660282668649042,-0.28675731251887643,1.0916438177455456,1.2591111972202227,13,6,0.1491928316810579,5,0.03049666667775276,2,1,False,False,False,False,False,False,True,False,False
2.8292145760874643,2.133226567439114,-0.47366134105219687,-0.6494282657684811,3,6,-0.006638410935463857,4,1.517819031538158,2,1,False,True,False,False,False,False,False,False,False
0.03761678029825927,3.1129771261265593,0.3089912383466744,1.0205437643466346,12,6,0.22710845298931878,5,1.8441161438193725,6,1,False,True,False,False,False,False,False,False,False
-1.8816067043068192,-0.5806824801251101,-1.2563139204510683,-0.4406817620040917,4,6,-0.8637102453263336,1,-0.340588837505201,4,0,False,False,False,False,True,False,False,False,False
0.5610413670087352,-0.24756729017137863,0.3089912383466744,0.4241251821626647,8,6,-0.7468368133639423,3,0.07319970786297861,5,0,False,False,False,False,True,False,False,False,False
0.3865665047719099,0.24230798917234414,-1.2563139204510683,-1.4247724226076421,0,6,1.4348005832673625,4,0.5184036856097667,2,0,False,True,False,False,False,False,False,False,False
0.21209164253508458,-0.49250492984324,0.3089912383466744,-0.4406817620040917,11,6,-1.9155711329878555,2,-0.218404656630343,4,0,False,False,False,False,False,True,False,False,False
-0.660282668649042,0.5068406400179545,-0.47366134105219687,-0.3512189746764962,5,6,0.4608553169141014,4,0.7098719309852979,8,1,False,False,False,False,False,False,False,True,False
1.2589408159560365,0.49704313443108,-0.47366134105219687,-0.5599654784408856,6,6,-0.12351184289785518,4,0.7032354712618129,2,0,False,False,False,False,False,False,True,False,False
0.03761678029825927,0.24230798917234414,0.3089912383466744,1.1994693390018256,16,6,-0.12351184289785518,4,0.5184036856097667,1,1,False,True,False,False,False,False,False,False,False
0.21209164253508458,-1.0411652427082094,-0.47366134105219687,-0.1424724709121067,9,6,0.07127721037279702,4,-1.2531517451061938,6,0,True,False,False,False,False,False,False,False,False
0.3865665047719099,-0.46311241308261664,0.3089912383466744,0.006632174633885757,12,6,-0.006638410935463857,3,-0.179972504748136,8,1,False,False,False,False,False,False,True,False,False
0.03761678029825927,-0.5904799857119846,-1.2563139204510683,-0.5897864075500842,5,6,-0.3183008961685074,3,-0.3548590452835678,4,1,False,False,False,False,False,False,False,False,True
1.607890540429687,4.357260335659615,0.3089912383466744,0.12591589107067974,0,6,1.668547447192145,8,2.171013777401827,3,0,False,False,False,False,False,False,True,False,False
-0.31133294417539137,0.2717005059329675,-0.47366134105219687,0.7223344732546496,12,6,-1.8376555116795945,3,0.5410408429424346,4,0,False,False,False,False,False,False,False,False,True
0.21209164253508458,-0.6786575359938547,0.3089912383466744,-0.11265154180290822,8,6,0.5777287488764927,4,-0.4904172004346891,2,0,False,False,False,False,False,False,False,True,False
-1.3581821175963433,-0.051617178433889514,-0.47366134105219687,-0.4406817620040917,5,6,-0.16246965355198562,4,0.2688562415721272,8,0,False,False,False,False,False,False,False,True,False
-0.660282668649042,-1.4036729494225644,0.3089912383466744,0.6925135441454512,12,6,-0.5130899494391595,4,-3.1081566567488568,5,0,True,False,False,False,False,False,False,False,False
0.5610413670087352,-0.8942026589050927,1.0916438177455456,0.6626926150362527,9,6,0.2660662636434492,3,-0.891859695513094,2,0,False,True,False,False,False,False,False,False,False
0.21209164253508458,-1.4232679605963132,0.3089912383466744,-0.5301445493316872,4,6,-1.2532883518676379,3,-3.338200610194098,6,0,False,False,False,True,False,False,False,False,False
-0.31133294417539137,0.5754231791260757,0.3089912383466744,-1.305488706170848,6,6,1.5516740152297537,5,0.7554526362412216,6,1,False,True,False,False,False,False,False,False,False
0.5610413670087352,-0.041819672847015064,-0.47366134105219687,-0.3512189746764962,6,6,-0.3962165174767683,3,0.2779457975268756,2,0,False,False,False,False,False,False,True,False,False
0.5610413670087352,1.2024635366860408,-1.2563139204510683,-1.4247724226076421,3,6,0.9283490447636668,7,1.1142790401847764,1,1,False,True,False,False,False,False,False,False,False
-0.660282668649042,-0.37493486280074656,-0.47366134105219687,-0.6196073366592827,5,6,-0.045596221589594296,2,-0.07072083410293639,6,1,False,False,False,False,False,False,False,True,False
-0.31133294417539137,0.5754231791260757,1.0916438177455456,1.766066992076597,21,6,0.4998131275682319,3,0.7554526362412216,2,0,False,True,False,False,False,False,False,False,False
0.21209164253508458,-0.5806824801251101,-0.47366134105219687,-0.5301445493316872,13,6,-1.3701617838300293,2,-0.340588837505201,6,1,False,False,False,False,False,False,False,False,True
0.7355162292455605,-0.8452151309707204,0.3089912383466744,-0.4705026911132902,0,6,1.0062646660719277,4,-0.7898083692589257,8,0,False,False,False,False,False,False,False,True,False
-1.8816067043068192,0.05615538302172949,1.0916438177455456,0.9310809770190391,11,6,-1.4091195944841597,3,0.3656864706622696,4,0,True,False,False,False,False,False,False,False,False
-0.31133294417539137,-0.9529876924263394,-1.2563139204510683,0.2750205366166722,5,6,-1.525993026446551,3,-1.0252279810364753,4,0,False,False,False,False,False,True,False,False,False
1.0844659537192112,0.3206880338673398,-0.47366134105219687,0.006632174633885757,13,6,1.590631825883884,5,0.5779616262517648,6,0,False,False,False,False,False,False,True,False,False
0.21209164253508458,-1.3056978935538197,-1.2563139204510683,-0.2021143291305037,0,6,1.2400115299967103,3,-2.3224805978581817,2,0,False,False,False,False,False,False,False,True,False
-0.31133294417539137,-0.2965548181057509,-1.2563139204510683,-0.5897864075500842,0,6,-1.44807740513829,3,0.019610738625305664,7,1,False,False,False,False,False,False,False,False,True
0.9099910914823859,-0.5218974466038634,0.3089912383466744,0.8714391188006422,16,6,2.174998985695841,6,-0.2579402733400024,1,1,False,False,False,False,False,False,True,False,False
-1.5326569798331686,-0.5023024354301144,1.0916438177455456,1.050364693455833,15,6,0.6556443701847536,4,-0.2314574816324678,1,0,False,False,False,False,False,False,True,False,False
0.03761678029825927,-0.1887822566501319,-0.47366134105219687,-1.4247724226076421,0,6,0.07127721037279702,3,0.1348695378381167,2,0,True,False,False,False,False,False,False,False,False
-0.660282668649042,-0.17898475106325742,1.0916438177455456,0.6328716859270541,7,6,-2.032444564950247,1,0.14488458363535497,5,1,False,False,False,False,False,True,False,False,False
1.9568402649033378,-1.3448879159013176,0.3089912383466744,-0.5599654784408856,0,6,-1.5649508371006815,1,-2.585575643273741,4,1,False,False,False,False,False,False,False,False,False
0.7355162292455605,-0.9627851980132138,-1.2563139204510683,-0.7388910530960766,2,6,-1.44807740513829,1,-1.0487680880611483,5,1,True,False,False,False,False,False,False,False,False
1.0844659537192112,-1.1881278265113264,-0.47366134105219687,0.30484146572587073,16,6,0.11023502102692746,3,-1.744315516192465,2,1,False,True,False,False,False,False,False,False,False
2.6547397138506392,1.7315288383772613,-1.2563139204510683,-1.4247724226076421,0,6,0.8114756128012753,4,1.3579237237185462,2,1,False,False,False,False,False,False,False,True,False
1.607890540429687,-0.37493486280074656,0.3089912383466744,-0.05300968358451123,4,6,0.8893912341095362,4,-0.07072083410293639,1,0,False,True,False,False,False,False,False,False,False
-0.13685808193856605,-0.7178475583413525,-1.2563139204510683,-0.6792491948776797,4,6,1.395842772613232,5,-0.5552321153074962,1,0,False,False,False,False,False,False,True,False,False
0.5610413670087352,0.3010930226935909,-1.2563139204510683,-0.7687119822052751,3,6,0.8893912341095362,5,0.5633118846046191,1,1,False,False,False,False,False,False,False,True,False
-0.31133294417539137,-0.3259473348663743,0.3089912383466744,0.6328716859270541,9,6,0.42189750625997097,3,-0.013573101475193741,1,1,False,False,False,False,False,False,True,False,False
1.2589408159560365,-1.2175203432719497,-0.47366134105219687,0.24519960750747372,9,6,-0.55204776009329,3,-1.8677170798435652,6,1,False,False,False,False,True,False,False,False,False
-1.3581821175963433,-0.1201997175420107,-1.2563139204510683,-1.4247724226076421,0,6,0.42189750625997097,2,0.2034918423428913,6,1,False,False,False,False,False,False,True,False,False
-0.31133294417539137,-1.0411652427082094,-1.2563139204510683,-1.4247724226076421,0,6,-1.525993026446551,2,-1.2531517451061938,4,1,False,False,True,False,False,False,False,False,False
-0.31133294417539137,-1.1881278265113264,-0.47366134105219687,-0.6792491948776797,5,6,-0.2793430855143769,2,-1.744315516192465,7,1,False,False,False,False,False,False,True,False,False
0.5610413670087352,-0.9333926812525905,-0.47366134105219687,-0.3512189746764962,0,6,0.38293969560584057,3,-0.9793216392218965,2,1,False,True,False,False,False,False,False,False,False
-0.48580780641221666,3.1129771261265593,1.0916438177455456,0.2750205366166722,0,6,1.0062646660719277,5,1.8441161438193725,0,0,False,False,False,False,False,False,False,True,False
-1.5326569798331686,0.9183358746666815,0.3089912383466744,-0.3213980455672977,2,6,0.7725178021471449,4,0.9631452161295688,1,1,False,False,False,False,False,False,True,False,False
0.9099910914823859,2.1430240730259884,-0.47366134105219687,-0.9178166277512676,0,6,1.2789693406508407,5,1.521496103756028,9,0,False,False,False,False,False,False,True,False,False
-1.8816067043068192,0.13453542771672514,-1.2563139204510683,-0.7687119822052751,1,6,-0.7078790027098117,4,0.4320637884567608,4,0,False,False,False,False,True,False,False,False,False
-1.183707255359518,0.2031179668248463,0.3089912383466744,-0.5301445493316872,6,6,0.1491928316810579,3,0.4876300535235215,2,1,True,False,False,False,False,False,False,False,False
0.7355162292455605,-1.3252929047275688,0.3089912383466744,0.8117972605822451,15,6,0.3439818849517101,3,-2.4477544428682303,6,0,False,False,False,False,False,False,False,False,True
-0.31133294417539137,0.2031179668248463,0.3089912383466744,0.09609496196148125,2,6,1.6295896365380147,6,0.4876300535235215,2,1,False,False,False,False,False,False,True,False,False
0.3865665047719099,0.10514291095610177,0.3089912383466744,0.6626926150362527,12,6,0.6166865595306232,5,0.40754570349907226,1,0,False,True,False,False,False,False,False,False,False
0.7355162292455605,0.5460306623654523,-1.2563139204510683,-0.5599654784408856,0,6,-0.3962165174767683,5,0.7361024903031957,2,1,True,False,False,False,False,False,False,False,False
1.0844659537192112,-0.1006047063682618,3.4396015559421595,2.243201857823773,15,6,0.4608553169141014,4,0.22248611213799482,6,1,False,False,False,False,False,False,True,False,False
-1.183707255359518,-0.24756729017137863,-0.47366134105219687,-1.4247724226076421,6,6,1.746463068500406,6,0.07319970786297861,6,0,False,False,False,False,False,False,False,True,False
-0.13685808193856605,0.9575258970141793,0.3089912383466744,0.9609019061282377,11,6,0.5777287488764927,5,0.9850038136112915,8,0,False,True,False,False,False,False,False,False,False
0.21209164253508458,0.04635787743485503,0.3089912383466744,-0.17229340002130522,5,6,0.4608553169141014,3,0.35715973922484895,6,1,False,False,False,False,False,False,True,False,False
-0.31133294417539137,0.3010930226935909,0.3089912383466744,0.4241251821626647,3,6,-0.55204776009329,3,0.5633118846046191,2,0,False,True,False,False,False,False,False,False,False
0.9099910914823859,1.6041612657478934,-0.47366134105219687,0.09609496196148125,5,6,0.7335599914930145,5,1.3030870283257363,6,0,False,False,False,False,False,False,False,True,False
1.2589408159560365,0.9379308858404305,-0.47366134105219687,-0.1424724709121067,11,6,1.395842772613232,3,0.9741178855588445,2,0,False,True,False,False,False,False,False,False,False
-0.660282668649042,-1.050962748295084,1.0916438177455456,-0.02318875447531274,11,6,-2.032444564950247,2,-1.2809721403451977,5,1,False,False,False,False,False,False,False,False,False
-0.13685808193856605,0.05615538302172949,-0.47366134105219687,-0.05300968358451123,9,6,-0.7078790027098117,3,0.3656864706622696,6,1,False,True,False,False,False,False,False,False,False
-0.8347575308858673,-1.1783303209244518,-0.47366134105219687,-0.5599654784408856,0,6,-1.7207820797172033,2,-1.7055224515241862,5,0,False,False,True,False,False,False,False,False,False
0.5610413670087352,-0.7178475583413525,-1.2563139204510683,-1.0669212732972602,0,6,1.8633365004627973,5,-0.5552321153074962,2,1,False,False,False,False,False,False,True,False,False
0.3865665047719099,0.1835229556510974,1.0916438177455456,1.0801856225650317,5,6,-0.47413213878502913,2,0.47198144504329875,2,0,True,False,False,False,False,False,False,False,False
0.21209164253508458,1.4865911987054,-0.47366134105219687,0.4241251821626647,20,6,0.42189750625997097,6,1.2504540207560089,1,1,False,True,False,False,False,False,False,False,False
0.3865665047719099,-0.8648101421444693,-1.2563139204510683,-1.4247724226076421,0,6,-0.08455403224372474,3,-0.8297260258454636,2,0,False,False,False,False,False,False,True,False,False
1.2589408159560365,-1.1783303209244518,-0.47366134105219687,-1.4247724226076421,0,6,-1.603908647754812,1,-1.7055224515241862,5,0,False,False,False,False,False,True,False,False,False
-0.13685808193856605,1.6727438048560146,2.6569489765432883,1.4976786300938105,11,6,0.3439818849517101,3,1.332885529811862,6,0,False,True,False,False,False,False,False,False,False
0.21209164253508458,0.692993246168569,0.3089912383466744,-0.3810399037856947,7,6,0.6166865595306232,4,0.830243652429796,2,0,False,False,False,False,False,False,False,True,False
0.9099910914823859,-0.7276450639282269,2.6569489765432883,1.3783949136570166,17,6,-0.4351743281308987,2,-0.5719239891016517,4,1,False,True,False,False,False,False,False,False,False
0.3865665047719099,0.6342082126473224,-0.47366134105219687,1.7064251338582,18,6,0.694602180838884,6,0.79335583804986,1,0,False,False,False,False,False,False,True,False,False
-0.13685808193856605,0.8693483467323093,0.3089912383466744,0.21537867839827524,6,6,0.7725178021471449,5,0.9353248208905662,1,1,False,True,False,False,False,False,False,False,False
0.21209164253508458,2.5741143188484643,-1.2563139204510683,-0.6196073366592827,0,6,0.1491928316810579,5,1.674274182009422,2,0,False,False,False,False,False,False,True,False,False
1.2589408159560365,-0.6296700080594824,-0.47366134105219687,-0.2915771164580992,5,6,1.045222476726058,5,-0.4134663039911042,8,0,False,False,False,False,False,False,True,False,False
-1.183707255359518,2.7504694194122044,-1.2563139204510683,-1.4247724226076421,2,6,-0.8637102453263336,4,1.732196573379336,2,0,False,True,False,False,False,False,False,False,False
2.4802648516138137,0.35008055062796317,-1.2563139204510683,-1.4247724226076421,0,6,0.6166865595306232,5,0.599648101649971,2,1,False,False,False,False,False,False,True,False,False
-0.48580780641221666,0.3402830450410887,0.3089912383466744,-1.2160259188432525,9,6,1.5516740152297537,4,0.5924571572290916,2,0,False,False,False,False,False,False,True,False,False
0.21209164253508458,-1.2763053767931964,-0.47366134105219687,-1.0967422024064586,0,6,-1.0974571092511163,2,-2.1536495098153177,5,1,False,False,False,False,False,False,False,False,True
0.03761678029825927,-0.943190186839465,-0.47366134105219687,0.3346623948350692,12,6,-1.0974571092511163,1,-1.002083524848421,4,1,False,False,False,False,False,False,False,False,True
-0.13685808193856605,0.8693483467323093,1.874296397144417,1.1100065516742301,9,6,2.2139567963499713,5,0.9353248208905662,3,0,False,False,False,False,False,False,True,False,False
1.2589408159560365,-1.4232679605963132,-1.2563139204510683,-0.5003236202224887,12,6,-1.2922461625217683,1,-3.338200610194098,4,0,False,False,True,False,False,False,False,False,False
-0.8347575308858673,0.7615757852766902,-0.47366134105219687,-0.08283061269370973,3,6,0.694602180838884,5,0.8720665593046775,6,0,False,False,False,False,False,False,True,False,False
-0.13685808193856605,-0.1887822566501319,0.3089912383466744,-0.41086083289489317,6,6,0.9283490447636668,4,0.1348695378381167,2,1,False,False,False,False,False,False,True,False,False
-1.0092323931226925,0.6733982349948202,-0.47366134105219687,-0.08283061269370973,4,6,0.2660662636434492,5,0.8180571770802627,2,1,False,False,False,False,False,False,False,True,False
-0.13685808193856605,1.0848934696435473,-0.47366134105219687,-1.0669212732972602,2,6,0.8114756128012753,3,1.053739061542611,2,1,False,True,False,False,False,False,False,False,False
1.7823654026665123,1.8393013998328804,1.0916438177455456,1.885350708513391,20,6,1.2010537193425799,5,1.4026771158060747,1,0,False,True,False,False,False,False,False,False,False
-1.707131842069994,-0.815822614210097,0.3089912383466744,-1.305488706170848,5,6,0.6556443701847536,4,-0.7320210347955439,2,1,False,True,False,False,False,False,False,False,False
-0.13685808193856605,-1.2763053767931964,-0.47366134105219687,-0.2319352582397022,8,6,-0.9805836772887249,1,-2.1536495098153177,4,0,False,False,False,True,False,False,False,False,False
1.2589408159560365,-0.8354176253838459,-1.2563139204510683,-0.6792491948776797,0,6,1.5127162045756233,3,-0.7702752371100967,2,0,False,True,False,False,False,False,False,False,False
0.03761678029825927,1.2024635366860408,0.3089912383466744,-0.7388910530960766,7,6,0.3439818849517101,5,1.1142790401847764,6,0,False,False,False,False,False,False,False,True,False
0.03761678029825927,0.05615538302172949,1.874296397144417,1.587141417421406,7,6,-0.629963381401551,5,0.3656864706622696,5,1,False,False,False,False,True,False,False,False,False
-0.8347575308858673,-0.43371989632199326,1.0916438177455456,0.036453103743084254,13,6,-0.2403852748602465,2,-0.14258388969407385,6,1,False,False,False,False,False,False,False,True,False
0.3865665047719099,0.4872456288442055,-1.2563139204510683,-0.7985329113144737,6,6,-0.7857946240180727,4,0.6965668735935364,6,0,False,False,False,False,False,False,True,False,False
-0.13685808193856605,1.143678503164794,-1.2563139204510683,-1.1563840606248557,5,6,-0.8637102453263336,3,1.0843417148941714,1,1,False,False,False,False,False,False,True,False,False
0.21209164253508458,-0.8354176253838459,-1.2563139204510683,-0.05300968358451123,7,6,-1.7207820797172033,1,-0.7702752371100967,5,1,False,False,False,False,True,False,False,False,False
-1.183707255359518,0.3206880338673398,-1.2563139204510683,-0.9774584859696646,5,6,-0.3962165174767683,4,0.5779616262517648,2,1,False,False,False,False,False,False,False,True,False
0.21209164253508458,-0.9137976700788416,0.3089912383466744,1.1398274807834285,11,6,-0.045596221589594296,3,-0.9348964083082332,1,0,False,True,False,False,False,False,False,False,False
-1.707131842069994,0.5754231791260757,0.3089912383466744,0.006632174633885757,7,6,-0.16246965355198562,4,0.7554526362412216,2,1,False,False,False,False,False,False,False,True,False
-0.8347575308858673,0.3010930226935909,-0.47366134105219687,-1.305488706170848,0,6,0.694602180838884,4,0.5633118846046191,1,1,False,True,False,False,False,False,False,False,False
-0.31133294417539137,0.7419807741029414,0.3089912383466744,0.21537867839827524,9,6,-0.2793430855143769,6,0.8602462058059293,8,1,False,False,False,False,False,False,True,False,False
-0.8347575308858673,-0.5610874689513612,1.0916438177455456,0.30484146572587073,6,6,0.38293969560584057,4,-0.31248454107410345,6,0,False,False,False,False,False,False,True,False,False
0.5610413670087352,1.829503894246006,-0.47366134105219687,0.8416181896914436,22,6,0.1491928316810579,3,1.3986681967378325,2,0,False,False,False,False,False,False,True,False,False
-0.31133294417539137,-0.46311241308261664,2.6569489765432883,3.048366943772132,24,6,2.019167743079319,4,-0.179972504748136,3,1,False,False,False,False,False,False,False,True,False
-1.183707255359518,-1.3350904103144432,-1.2563139204510683,-1.2756677770616496,0,6,-1.525993026446551,1,-2.514941559408418,5,1,True,False,False,False,False,False,False,False,False
2.131315127140163,-0.051617178433889514,-0.47366134105219687,-1.4247724226076421,0,6,-0.12351184289785518,4,0.2688562415721272,6,1,False,False,False,False,False,False,False,False,True
1.9568402649033378,0.39906807856233545,1.0916438177455456,-0.2319352582397022,5,6,-0.006638410935463857,2,0.6350501214576345,6,1,False,False,False,False,False,False,False,True,False
-0.8347575308858673,-0.6688600304069802,-0.47366134105219687,-1.305488706170848,8,6,0.9283490447636668,4,-0.47467916939348176,2,0,False,True,False,False,False,False,False,False,False
-1.8816067043068192,-0.9529876924263394,0.3089912383466744,1.050364693455833,14,6,-0.5130899494391595,4,-1.0252279810364753,7,0,True,False,False,False,False,False,False,False,False
0.3865665047719099,0.19332046123797186,-0.47366134105219687,0.3346623948350692,3,6,-1.175372730559377,2,0.4798279775400558,5,0,False,False,False,False,False,False,True,False,False
2.131315127140163,1.4474011763579022,0.3089912383466744,0.3644833239442677,10,6,-0.35725870682263783,4,1.2324529444604144,2,0,False,False,False,False,True,False,False,False,False
-0.8347575308858673,-1.050962748295084,0.3089912383466744,0.30484146572587073,8,6,-0.4351743281308987,2,-1.2809721403451977,6,1,True,False,False,False,False,False,False,False,False
-0.31133294417539137,-0.8844051533182182,-1.2563139204510683,-0.08283061269370973,3,6,-1.4091195944841597,2,-0.8708354287005626,5,1,False,False,False,False,False,True,False,False,False
2.6547397138506392,-0.06141468402076397,-1.2563139204510683,-0.8581747695328706,0,6,-0.16246965355198562,2,0.25970628945380353,8,0,False,False,False,False,False,False,False,True,False
0.21209164253508458,-0.3161498292794998,-0.47366134105219687,-1.2160259188432525,0,6,1.3568849619591015,5,-0.002422735068140659,2,0,False,False,False,False,False,False,True,False,False
0.3865665047719099,0.4480556064967077,1.874296397144417,0.3346623948350692,6,6,1.6295896365380147,4,0.6695647785038223,2,0,False,True,False,False,False,False,False,False,False
-1.8816067043068192,-1.0215702315344606,-0.47366134105219687,-0.6792491948776797,1,6,0.22710845298931878,4,-1.199142362881779,2,1,False,True,False,False,False,False,False,False,False
1.0844659537192112,-0.923595175665716,-0.47366134105219687,1.2591111972202227,11,6,-0.8637102453263336,2,-0.9569298820016794,4,1,True,False,False,False,False,False,False,False,False
-0.31133294417539137,-0.2573647957582531,1.0916438177455456,-0.41086083289489317,0,6,-0.2793430855143769,3,0.06264745142044481,6,1,False,False,False,False,True,False,False,False,False
-0.31133294417539137,-0.276959806932002,-0.47366134105219687,1.229290268111024,18,6,0.5777287488764927,3,0.04129721402351179,8,0,False,True,False,False,False,False,False,False,False
0.3865665047719099,-1.2175203432719497,0.3089912383466744,0.5434088985994587,13,6,-1.9934867542961163,1,-1.8677170798435652,4,0,False,False,False,False,True,False,False,False,False
0.3865665047719099,-0.3161498292794998,-0.47366134105219687,-0.4406817620040917,12,6,0.2660662636434492,3,-0.002422735068140659,2,1,False,True,False,False,False,False,False,False,False
0.03761678029825927,0.604815695886699,-0.47366134105219687,-1.1563840606248557,3,6,-0.12351184289785518,3,0.7745346421854028,2,1,False,False,False,False,False,False,True,False,False
-0.13685808193856605,-1.1195452874032052,-0.47366134105219687,-1.186204989734054,8,6,-1.2532883518676379,1,-1.4932472959346916,5,0,False,False,True,False,False,False,False,False,False
0.9099910914823859,-0.6884550415807291,-0.47366134105219687,-0.7388910530960766,1,6,-0.902668055980464,2,-0.5063371780610029,4,0,False,False,False,False,False,False,False,False,True
0.3865665047719099,2.260594140068482,1.0916438177455456,0.6030507568178557,3,6,0.9283490447636668,6,1.5648717441254543,1,0,False,False,False,False,False,False,False,True,False
0.5610413670087352,0.42846059532295877,0.3089912383466744,-0.5897864075500842,0,6,-0.2403852748602465,2,0.6558625487608831,6,0,False,False,False,False,False,False,True,False,False
0.5610413670087352,-0.6394675136463568,1.874296397144417,2.9887250855537353,28,6,-0.629963381401551,2,-0.42851631966582654,7,1,False,False,False,False,True,False,False,False,False
-0.13685808193856605,-0.16918724547638297,0.3089912383466744,-0.6494282657684811,10,6,1.1620959086884493,5,0.15482731800204141,8,0,False,False,False,False,False,False,True,False,False
-1.707131842069994,-1.3154953991406944,-1.2563139204510683,-1.186204989734054,8,6,-0.20142746420611607,3,-2.3836934632605593,7,1,False,False,False,False,False,False,False,False,True
-0.8347575308858673,0.9379308858404305,-1.2563139204510683,-1.4247724226076421,0,6,2.0581255537334493,6,0.9741178855588445,0,1,False,False,False,False,False,False,False,True,False
-1.3581821175963433,0.04635787743485503,1.0916438177455456,1.587141417421406,15,6,-0.045596221589594296,4,0.35715973922484895,6,0,False,False,False,False,False,False,False,True,False
0.03761678029825927,0.10514291095610177,1.0916438177455456,-0.08283061269370973,3,6,1.824378689808667,3,0.40754570349907226,9,0,False,False,False,False,False,False,True,False,False
0.9099910914823859,1.0946909752304217,-0.47366134105219687,-0.3213980455672977,0,6,0.8504334234554058,5,1.0588869655840463,8,0,False,False,False,False,False,False,True,False,False
-0.660282668649042,-0.12999722312888515,-0.47366134105219687,-1.4247724226076421,12,6,1.4737583939214929,7,0.19389554756830313,2,1,False,False,False,False,False,False,True,False,False
-0.13685808193856605,0.3304855394542142,1.874296397144417,1.2889321263294211,0,6,0.694602180838884,4,0.5852284648955612,2,1,False,True,False,False,False,False,False,False,False
-1.0092323931226925,1.6139587713347678,-0.47366134105219687,-0.02318875447531274,4,6,0.7725178021471449,5,1.3073836393851386,6,0,False,False,False,False,False,False,False,True,False
0.21209164253508458,0.40886558414920987,-0.47366134105219687,-0.8581747695328706,0,6,-0.16246965355198562,1,0.6420226058594353,2,1,False,True,False,False,False,False,False,False,False
0.5610413670087352,-0.3259473348663743,0.3089912383466744,0.8416181896914436,22,6,-1.7597398903713337,1,-0.013573101475193741,6,0,True,False,False,False,False,False,False,False,False
-0.48580780641221666,0.35008055062796317,0.3089912383466744,0.3346623948350692,17,6,0.38293969560584057,4,0.599648101649971,2,1,True,False,False,False,False,False,False,False,False
0.3865665047719099,-0.6394675136463568,0.3089912383466744,0.8416181896914436,20,6,2.915197388124319,6,-0.42851631966582654,3,0,False,True,False,False,False,False,False,False,False
-1.8816067043068192,0.6733982349948202,-0.47366134105219687,-0.7388910530960766,0,6,-0.006638410935463857,3,0.8180571770802627,6,0,True,False,False,False,False,False,False,False,False
0.7355162292455605,-0.14959223430263408,1.0916438177455456,1.587141417421406,19,6,1.3568849619591015,5,0.17449997725240166,1,1,False,False,False,False,False,False,True,False,False
1.607890540429687,-1.158735309750703,1.874296397144417,1.587141417421406,20,6,-1.2143305412135075,1,-1.631068496340202,5,1,False,False,True,False,False,False,False,False,False
-0.31133294417539137,-0.41412488514824436,0.3089912383466744,0.6925135441454512,17,6,0.8114756128012753,3,-0.11821046178020403,6,0,False,False,False,False,False,False,False,True,False
0.7355162292455605,2.2312016233078587,0.3089912383466744,-0.7687119822052751,6,6,0.9673068554177972,5,1.5541552485835097,1,0,False,True,False,False,False,False,False,False,False
1.0844659537192112,-0.02222466167326615,1.0916438177455456,0.9310809770190391,12,6,-0.16246965355198562,5,0.29594687382247137,2,1,False,False,False,False,False,False,False,True,False
-0.660282668649042,-0.9823802091869628,0.3089912383466744,-0.5897864075500842,9,6,-1.1364149199052467,1,-1.0970910366276114,5,0,False,True,False,False,False,False,False,False,False
0.03761678029825927,-1.2371153544456985,-0.47366134105219687,-1.2756677770616496,1,6,-2.032444564950247,1,-1.9565906717819592,4,1,False,False,False,False,False,True,False,False,False
-1.3581821175963433,-0.41412488514824436,1.0916438177455456,1.4976786300938105,6,6,0.8114756128012753,4,-0.11821046178020403,6,0,False,True,False,False,False,False,False,False,False
0.9099910914823859,-0.7178475583413525,1.0916438177455456,0.48376704038106166,11,6,1.6295896365380147,6,-0.5552321153074962,2,0,False,False,False,False,False,False,True,False,False
0.03761678029825927,0.21291547241172076,-1.2563139204510683,0.15573682017987825,2,6,-0.5910055707474204,3,0.4953881739161519,6,0,False,False,False,False,True,False,False,False,False
-0.31133294417539137,-0.8746076477313438,-1.2563139204510683,0.006632174633885757,0,6,-1.0974571092511163,1,-0.8501273282830314,4,0,False,False,False,False,False,False,False,False,False
1.0844659537192112,-0.19857976223700635,1.0916438177455456,-1.0967422024064586,6,6,-0.2793430855143769,4,0.12478112108807513,6,1,False,True,False,False,False,False,False,False,False
-0.8347575308858673,-1.070557759468833,-0.47366134105219687,-1.4247724226076421,0,6,1.5127162045756233,4,-1.3383580573075964,8,1,False,False,False,False,False,False,True,False,False
0.5610413670087352,-0.3161498292794998,-1.2563139204510683,-0.2915771164580992,0,6,-0.9416258666345945,3,-0.002422735068140659,4,1,False,False,False,False,False,False,True,False,False
0.3865665047719099,-1.2273178488588241,-0.47366134105219687,0.18555774928907673,0,6,-1.8376555116795945,2,-1.9114370289352183,7,0,False,False,False,False,False,False,False,False,False
-1.8816067043068192,-0.26716230134512753,-0.47366134105219687,0.15573682017987825,6,6,-1.7597398903713337,2,0.052013709565456326,7,0,False,False,False,False,False,True,False,False,False
1.9568402649033378,-0.46311241308261664,0.3089912383466744,0.6328716859270541,12,6,-0.006638410935463857,3,-0.179972504748136,2,0,False,False,False,False,False,False,True,False,False
0.5610413670087352,1.6923388160297634,0.3089912383466744,1.3783949136570166,17,6,-0.16246965355198562,4,1.3412822797754345,2,0,False,False,False,False,False,False,True,False,False
1.607890540429687,-0.6982525471676035,-0.47366134105219687,-0.8283538404236721,4,6,-0.47413213878502913,3,-0.5224433584767779,4,1,False,False,False,False,False,False,False,False,True
-1.707131842069994,-0.43371989632199326,-1.2563139204510683,-0.5301445493316872,9,6,0.8504334234554058,5,-0.14258388969407385,1,1,False,True,False,False,False,False,False,False,False
0.21209164253508458,-1.0607602538819585,-1.2563139204510683,-1.4247724226076421,0,6,-0.08455403224372474,5,-1.309366192217106,6,0,True,False,False,False,False,False,False,False,False
1.4334156781928618,0.928133380253556,1.0916438177455456,1.4380367718754135,15,6,-0.8637102453263336,3,0.9686424798267335,2,0,False,True,False,False,False,False,False,False,False
-0.31133294417539137,-0.5708849745382356,-0.47366134105219687,-1.4247724226076421,9,6,-1.2532883518676379,2,-0.32646499341165824,5,1,False,False,False,False,False,False,False,False,True
0.9099910914823859,-1.158735309750703,-1.2563139204510683,-0.3512189746764962,0,6,-0.902668055980464,2,-1.631068496340202,6,1,True,False,False,False,False,False,False,False,False
-0.660282668649042,-0.384732368387621,-0.47366134105219687,-0.8581747695328706,8,6,-1.2532883518676379,2,-0.08244058762886136,4,0,False,False,False,False,False,False,True,False,False
0.7355162292455605,0.7909683020373136,-0.47366134105219687,-0.2915771164580992,16,6,0.22710845298931878,2,0.8896089968858337,2,0,False,False,False,False,False,False,False,False,True
0.03761678029825927,-1.070557759468833,0.3089912383466744,-0.7090701239868782,8,6,-1.1364149199052467,3,-1.3383580573075964,5,1,False,False,False,False,False,True,False,False,False
-0.31133294417539137,-0.6590625248201057,0.3089912383466744,0.48376704038106166,14,6,-1.0584992985969857,1,-0.45911897301738686,5,0,False,False,False,False,False,False,False,False,False
-0.48580780641221666,1.2416535590335387,-1.2563139204510683,-1.3353096352800466,0,6,-0.902668055980464,3,1.1338816876029298,6,1,False,True,False,False,False,False,False,False,False
-0.13685808193856605,0.5362331567785779,1.874296397144417,0.7819763314730467,16,6,-1.6428664584089423,4,0.7295915432924971,6,0,False,True,False,False,False,False,False,False,False
0.3865665047719099,0.5166381456048289,-1.2563139204510683,-1.4247724226076421,0,6,0.1491928316810579,4,0.7164765610434196,2,0,False,False,False,False,False,False,False,True,False
1.0844659537192112,-0.7374425695151013,-0.47366134105219687,-1.365130564389245,0,6,-0.6689211920556813,1,-0.588820676271268,5,1,True,False,False,False,False,False,False,False,False
-0.8347575308858673,-0.3455423460401232,0.3089912383466744,-0.41086083289489317,6,6,0.2660662636434492,3,-0.03614840587693777,1,0,False,False,False,False,False,False,True,False,False
0.7355162292455605,-0.37493486280074656,1.0916438177455456,1.4976786300938105,29,6,-0.9416258666345945,3,-0.07072083410293639,5,1,False,False,False,False,True,False,False,False,False
1.607890540429687,-0.3455423460401232,1.0916438177455456,0.006632174633885757,6,6,0.694602180838884,5,-0.03614840587693777,1,1,False,False,False,False,False,False,True,False,False
1.607890540429687,-0.276959806932002,5.004906714739902,3.88335295882969,24,6,0.1491928316810579,1,0.04129721402351179,1,1,False,False,False,False,False,False,False,True,False
1.0844659537192112,-0.49250492984324,1.0916438177455456,0.8117972605822451,9,6,1.7854208791545363,5,-0.218404656630343,2,1,False,True,False,False,False,False,False,False,False
0.5610413670087352,-0.5512899633644868,-0.47366134105219687,-1.2756677770616496,9,6,1.0841802873801885,6,-0.2986445981726544,6,0,False,True,False,False,False,False,False,False,False
0.3865665047719099,0.21291547241172076,0.3089912383466744,0.9012600479098406,7,6,-1.954528943641986,1,0.4953881739161519,5,1,False,True,False,False,False,False,False,False,False
-0.13685808193856605,1.2514510646204131,-1.2563139204510683,-0.05300968358451123,10,6,0.11023502102692746,4,1.1387390567569808,2,1,False,False,False,False,False,False,True,False,False
-0.48580780641221666,-0.2573647957582531,0.3089912383466744,-0.3810399037856947,4,6,-1.876613322333725,3,0.06264745142044481,5,1,False,False,False,False,True,False,False,False,False
0.7355162292455605,-0.8550126365575949,0.3089912383466744,-0.2021143291305037,4,6,-1.876613322333725,1,-0.8096225632981838,4,0,False,False,False,False,False,True,False,False,False
0.9099910914823859,0.16392794447734851,0.3089912383466744,1.050364693455833,14,6,-0.6689211920556813,4,0.4561529635618233,5,1,False,False,False,False,False,False,False,True,False
-0.13685808193856605,2.025454005983495,-1.2563139204510683,-1.4247724226076421,0,6,-1.1364149199052467,2,1.476709628683059,2,1,False,False,False,False,False,False,True,False,False
-0.660282668649042,0.5460306623654523,-0.47366134105219687,-0.7687119822052751,5,6,0.2660662636434492,4,0.7361024903031957,6,0,False,True,False,False,False,False,False,False,False
-1.3581821175963433,1.1338809975779196,0.3089912383466744,0.3346623948350692,4,6,0.6556443701847536,4,1.0792882680216138,6,0,False,False,False,False,False,False,True,False,False
0.5610413670087352,0.5656256735392011,2.6569489765432883,0.3943042530534662,7,6,-0.3962165174767683,4,0.7490327517586794,2,1,False,True,False,False,False,False,False,False,False
-0.660282668649042,0.16392794447734851,-0.47366134105219687,-0.6792491948776797,4,6,1.0841802873801885,4,0.4561529635618233,2,1,False,False,False,False,False,False,False,True,False
-0.13685808193856605,0.12473792212985067,-1.2563139204510683,-0.8879956986420691,1,6,-0.8637102453263336,2,0.4239395010135452,7,1,False,False,False,False,False,False,True,False,False
1.0844659537192112,0.16392794447734851,0.3089912383466744,-0.6792491948776797,6,6,-1.2532883518676379,3,0.4561529635618233,5,0,True,False,False,False,False,False,False,False,False
0.7355162292455605,1.378818637249781,-0.47366134105219687,-1.4247724226076421,0,6,-0.7468368133639423,3,1.2003734934858945,8,1,False,False,False,False,False,False,False,False,True
-0.48580780641221666,1.6139587713347678,-0.47366134105219687,-0.7090701239868782,4,6,-1.525993026446551,2,1.3073836393851386,4,0,False,False,False,False,False,False,True,False,False
-0.48580780641221666,-0.5806824801251101,1.0916438177455456,0.2750205366166722,13,6,0.30502407429757966,4,-0.340588837505201,6,1,False,False,False,False,False,False,False,False,True
-0.31133294417539137,2.4271517350453475,-0.47366134105219687,-1.2160259188432525,3,6,-1.0974571092511163,3,1.624071925437361,1,0,False,True,False,False,False,False,False,False,False
-0.48580780641221666,-0.7374425695151013,1.0916438177455456,1.5573204883122076,9,6,-0.9805836772887249,3,-0.588820676271268,5,1,True,False,False,False,False,False,False,False,False
2.131315127140163,-0.2083772678238808,-1.2563139204510683,-0.8283538404236721,8,6,-0.3962165174767683,2,0.11461825040449736,1,1,True,False,False,False,False,False,False,False,False
0.03761678029825927,-0.08100969519451288,0.3089912383466744,1.467857700984612,17,6,0.42189750625997097,2,0.24122194846562783,6,0,False,True,False,False,False,False,False,False,False
-0.660282668649042,-0.42392239073511884,-0.47366134105219687,-0.1424724709121067,7,6,-1.0584992985969857,3,-0.1303432515201953,5,0,False,False,False,True,False,False,False,False,False
0.5610413670087352,0.49704313443108,-0.47366134105219687,0.3644833239442677,9,6,0.9283490447636668,5,0.7032354712618129,2,1,False,True,False,False,False,False,False,False,False
1.0844659537192112,0.0757503941954784,1.0916438177455456,1.825708850294994,7,6,0.8504334234554058,3,0.3825831578318871,2,1,False,True,False,False,False,False,False,False,False
-1.183707255359518,0.2031179668248463,-1.2563139204510683,-1.1563840606248557,1,6,1.6295896365380147,3,0.4876300535235215,2,1,False,True,False,False,False,False,False,False,False
0.7355162292455605,-0.11040221195513625,-1.2563139204510683,-0.7985329113144737,7,6,-1.7207820797172033,2,0.21302172624107618,6,1,False,False,False,False,False,False,False,False,True
-1.3581821175963433,-1.070557759468833,-0.47366134105219687,0.036453103743084254,15,6,-0.55204776009329,2,-1.3383580573075964,7,0,False,False,False,False,False,False,False,False,True
0.7355162292455605,-0.8844051533182182,-0.47366134105219687,-0.6196073366592827,0,6,-0.2793430855143769,4,-0.8708354287005626,6,1,False,False,False,False,True,False,False,False,False
-1.707131842069994,-0.11040221195513625,-0.47366134105219687,-1.186204989734054,2,6,-0.16246965355198562,3,0.21302172624107618,6,0,False,False,False,False,False,False,True,False,False
0.21209164253508458,1.2220585478597896,0.3089912383466744,-0.2617561873489007,4,6,0.42189750625997097,3,1.1241152443439009,1,0,False,False,False,False,False,False,True,False,False
0.9099910914823859,-1.1097477818163306,0.3089912383466744,-0.9774584859696646,0,6,0.4608553169141014,2,-1.460844324994541,2,0,False,False,False,False,False,False,False,True,False
0.21209164253508458,-0.4043273795613699,-0.47366134105219687,-0.41086083289489317,2,6,0.6556443701847536,3,-0.10618363662241849,2,1,False,False,False,False,False,False,True,False,False
0.7355162292455605,-1.0901527706425818,-0.47366134105219687,-1.0967422024064586,4,6,-0.6689211920556813,4,-1.3982397841555005,5,1,False,False,True,False,False,False,False,False,False
-0.31133294417539137,0.43825810090983325,1.0916438177455456,-0.5897864075500842,1,6,-0.629963381401551,3,0.6627307062769666,2,1,False,False,False,False,False,False,False,False,True
-0.13685808193856605,-0.2279722789976297,0.3089912383466744,0.5135879694902602,11,6,-0.9805836772887249,1,0.09406469380928996,4,0,False,False,False,False,False,False,False,False,True
0.21209164253508458,0.3304855394542142,1.0916438177455456,0.21537867839827524,8,6,0.7725178021471449,5,0.5852284648955612,2,1,False,False,False,False,False,False,True,False,False
0.5610413670087352,1.2514510646204131,1.0916438177455456,1.766066992076597,24,6,-0.08455403224372474,2,1.1387390567569808,2,0,False,True,False,False,False,False,False,False,False
-0.660282668649042,-0.1006047063682618,-1.2563139204510683,-1.4247724226076421,0,6,1.3568849619591015,4,0.22248611213799482,2,1,False,False,False,False,False,False,False,True,False
-0.8347575308858673,-0.42392239073511884,0.3089912383466744,-1.4247724226076421,2,6,-1.0584992985969857,1,-0.1303432515201953,4,1,False,False,False,False,False,False,False,True,False
0.5610413670087352,-0.5316949521907378,0.3089912383466744,-0.5301445493316872,6,6,-1.0974571092511163,2,-0.2713751382190057,4,1,False,False,False,False,False,False,False,False,True
1.4334156781928618,-0.02222466167326615,0.3089912383466744,0.5135879694902602,15,6,0.11023502102692746,4,0.29594687382247137,6,1,False,False,False,False,False,False,False,True,False
-0.13685808193856605,4.0437401568796325,1.0916438177455456,0.8117972605822451,14,6,0.6166865595306232,5,2.0956684782418686,1,1,False,False,False,False,False,False,False,True,False
1.2589408159560365,0.007167855087357215,0.3089912383466744,-0.3213980455672977,12,6,1.0841802873801885,4,0.3225148244754811,1,1,False,False,False,False,False,False,False,True,False
0.3865665047719099,-1.0607602538819585,0.3089912383466744,0.9609019061282377,7,6,-1.2922461625217683,3,-1.309366192217106,5,0,False,False,False,False,False,False,False,False,False
1.4334156781928618,1.4474011763579022,1.0916438177455456,1.7362460629673986,16,6,-1.0584992985969857,4,1.2324529444604144,2,1,False,False,False,False,False,False,True,False,False
2.305789989376988,1.1730710199254173,0.3089912383466744,-0.02318875447531274,1,6,-0.55204776009329,2,1.0993917305688925,1,1,False,False,False,False,True,False,False,False,False
-0.48580780641221666,-0.9137976700788416,0.3089912383466744,1.1994693390018256,14,6,1.8633365004627973,4,-0.9348964083082332,2,0,False,False,False,False,False,False,True,False,False
1.0844659537192112,-1.1783303209244518,-0.47366134105219687,-0.2915771164580992,8,6,0.2660662636434492,4,-1.7055224515241862,6,1,False,False,False,False,False,False,True,False,False
0.03761678029825927,-0.7276450639282269,0.3089912383466744,-0.02318875447531274,9,6,-1.2922461625217683,3,-0.5719239891016517,7,0,False,False,False,False,True,False,False,False,False
-1.5326569798331686,0.10514291095610177,-0.47366134105219687,0.6626926150362527,7,6,-1.331203973175899,2,0.40754570349907226,5,0,True,False,False,False,False,False,False,False,False
1.4334156781928618,-0.9040001644919672,-1.2563139204510683,-0.2319352582397022,5,6,-0.6689211920556813,3,-0.913209932910027,5,0,True,False,False,False,False,False,False,False,False
-0.31133294417539137,-0.5708849745382356,0.3089912383466744,0.09609496196148125,10,6,1.2010537193425799,4,-0.32646499341165824,2,0,False,False,False,False,False,False,True,False,False
-0.31133294417539137,0.5362331567785779,0.3089912383466744,1.229290268111024,8,6,0.07127721037279702,4,0.7295915432924971,6,0,False,False,False,False,False,False,False,True,False
-0.8347575308858673,-0.4043273795613699,1.0916438177455456,-0.6196073366592827,6,6,-0.8637102453263336,4,-0.10618363662241849,6,1,False,False,False,False,True,False,False,False,False
-0.48580780641221666,2.5153292853272173,-1.2563139204510683,-0.41086083289489317,11,6,0.7335599914930145,6,1.6544123560465556,2,0,False,False,False,False,False,False,False,True,False
-0.8347575308858673,0.06595288860860395,1.0916438177455456,0.30484146572587073,4,6,-0.629963381401551,3,0.374160729574017,4,1,False,False,False,False,False,False,False,False,True
0.21209164253508458,-0.6688600304069802,1.0916438177455456,-0.3213980455672977,9,6,0.03231939971866658,4,-0.47467916939348176,8,0,False,True,False,False,False,False,False,False,False
1.2589408159560365,2.0156565003966205,-0.47366134105219687,-0.3810399037856947,10,6,0.03231939971866658,4,1.4729108325433056,6,1,False,False,False,False,False,False,False,True,False
-1.183707255359518,1.359223626076032,1.0916438177455456,1.1994693390018256,8,6,0.11023502102692746,3,1.191068980199288,1,1,False,False,False,False,False,False,False,True,False
0.03761678029825927,-0.6100749968857335,-0.47366134105219687,0.21537867839827524,10,6,-0.20142746420611607,2,-0.3838509103740575,2,1,False,False,False,False,False,False,False,False,True
-0.13685808193856605,-0.17898475106325742,-0.47366134105219687,0.12591589107067974,0,6,-0.045596221589594296,4,0.14488458363535497,6,0,False,False,False,False,False,False,False,False,True
0.5610413670087352,-0.07121218960763843,-0.47366134105219687,-0.7090701239868782,0,6,0.42189750625997097,4,0.25049513318749494,2,0,False,False,False,False,False,False,True,False,False
-0.13685808193856605,1.8980864333541272,-0.47366134105219687,-1.1563840606248557,8,6,-1.175372730559377,3,1.4264885919768362,8,1,False,False,False,False,False,False,False,False,True
1.607890540429687,-1.139140298576954,-0.47366134105219687,-0.8581747695328706,3,6,-0.006638410935463857,2,-1.5604344124748795,2,0,False,False,False,False,True,False,False,False,False
0.3865665047719099,-0.9137976700788416,-1.2563139204510683,-0.8879956986420691,0,6,0.11023502102692746,3,-0.9348964083082332,1,1,False,False,False,False,False,False,True,False,False
0.5610413670087352,0.11494041654297622,0.3089912383466744,0.3644833239442677,5,6,0.7335599914930145,3,0.4157669979323853,6,1,False,False,False,False,False,False,True,False,False
0.21209164253508458,1.2220585478597896,-1.2563139204510683,-1.007279415078863,5,6,0.9283490447636668,5,1.1241152443439009,6,1,False,False,False,False,False,False,True,False,False
-0.31133294417539137,0.3304855394542142,-1.2563139204510683,-1.4247724226076421,0,6,-0.824752434672203,3,0.5852284648955612,5,0,False,False,False,False,True,False,False,False,False
1.9568402649033378,-1.2567103656194476,-0.47366134105219687,-0.17229340002130522,1,6,0.07127721037279702,2,-2.051598183561151,2,0,True,False,False,False,False,False,False,False,False
-0.13685808193856605,-1.1195452874032052,0.3089912383466744,-0.17229340002130522,7,6,-0.7468368133639423,2,-1.4932472959346916,6,1,True,False,False,False,False,False,False,False,False
1.607890540429687,-1.2273178488588241,-1.2563139204510683,0.5434088985994587,15,6,0.5387709382223623,3,-1.9114370289352183,1,0,False,True,False,False,False,False,False,False,False
-1.707131842069994,-0.619872502472608,0.3089912383466744,0.8714391188006422,20,6,1.746463068500406,5,-0.3985789943752203,1,0,False,False,False,False,False,False,False,True,False
1.9568402649033378,0.3794730673885865,-1.2563139204510683,-0.9774584859696646,0,6,-1.6428664584089423,4,0.6209983390469039,6,0,False,False,False,False,False,False,True,False,False
0.3865665047719099,-1.031367737121335,-0.47366134105219687,-0.41086083289489317,3,6,-1.2143305412135075,2,-1.225882285152544,5,1,False,False,False,False,False,False,False,False,True
-1.3581821175963433,-0.384732368387621,1.0916438177455456,0.7819763314730467,9,6,1.5516740152297537,4,-0.08244058762886136,6,0,False,True,False,False,False,False,False,False,False
1.2589408159560365,0.04635787743485503,-0.47366134105219687,-1.126563131515657,1,6,-0.902668055980464,4,0.35715973922484895,4,1,False,False,False,False,True,False,False,False,False
0.03761678029825927,0.3206880338673398,-1.2563139204510683,-0.7985329113144737,4,6,0.7335599914930145,4,0.5779616262517648,6,1,False,False,False,False,False,False,False,True,False
-0.8347575308858673,-0.28675731251887643,0.3089912383466744,-0.5301445493316872,6,6,0.5387709382223623,3,0.03049666667775276,6,0,False,True,False,False,False,False,False,False,False
-0.660282668649042,-0.5218974466038634,-1.2563139204510683,-0.7985329113144737,2,6,0.11023502102692746,5,-0.2579402733400024,2,0,False,False,False,False,True,False,False,False,False
0.03761678029825927,-0.6394675136463568,-1.2563139204510683,-1.007279415078863,9,6,-0.006638410935463857,2,-0.42851631966582654,2,0,False,False,False,False,False,False,True,False,False
0.5610413670087352,0.9477283914273049,-0.47366134105219687,-0.8879956986420691,7,6,0.2660662636434492,3,0.9795716064589786,1,0,False,False,False,False,False,False,False,True,False
1.0844659537192112,0.9771209081879283,0.3089912383466744,-0.02318875447531274,0,6,-0.7078790027098117,2,0.9958043609570506,2,1,False,False,False,False,False,False,True,False,False
1.7823654026665123,1.0848934696435473,1.0916438177455456,0.8117972605822451,15,6,-1.954528943641986,1,1.053739061542611,6,0,True,False,False,False,False,False,False,False,False
-1.0092323931226925,-0.02222466167326615,1.0916438177455456,1.1696484098926272,10,6,0.18815064233518836,4,0.29594687382247137,1,0,False,False,False,False,False,False,True,False,False
-0.8347575308858673,0.8007658076241881,0.3089912383466744,0.09609496196148125,10,6,0.30502407429757966,4,0.8954071643040282,2,0,False,True,False,False,False,False,False,False,False
0.21209164253508458,0.8497533355585604,-0.47366134105219687,-0.4705026911132902,6,6,1.2789693406508407,5,0.9240373582887288,2,1,False,False,False,False,False,False,True,False,False
0.5610413670087352,-0.4729099186694911,0.3089912383466744,0.4539461112718632,19,6,0.6556443701847536,4,-0.19266441696418832,2,1,False,True,False,False,False,False,False,False,False
0.21209164253508458,1.702136321616638,0.3089912383466744,1.527499559203009,6,6,0.18815064233518836,4,1.3454615325352006,8,1,False,False,False,False,False,False,True,False,False
1.2589408159560365,-0.512099941016989,1.0916438177455456,0.9012600479098406,13,6,-1.9934867542961163,1,-0.2446352159482409,4,1,True,False,False,False,False,False,False,False,False
0.5610413670087352,-1.0411652427082094,0.3089912383466744,1.3783949136570166,9,6,0.9673068554177972,3,-1.2531517451061938,6,0,False,True,False,False,False,False,False,False,False
-0.660282668649042,-0.08100969519451288,-0.47366134105219687,-0.2617561873489007,1,6,-0.629963381401551,4,0.24122194846562783,4,0,False,False,False,False,False,False,False,True,False
0.7355162292455605,-1.0607602538819585,-1.2563139204510683,0.09609496196148125,2,6,0.4608553169141014,4,-1.309366192217106,6,1,False,True,False,False,False,False,False,False,False
0.03761678029825927,0.8007658076241881,0.3089912383466744,-0.8581747695328706,3,6,0.8504334234554058,5,0.8954071643040282,2,0,False,False,False,False,False,False,True,False,False
0.3865665047719099,0.8693483467323093,0.3089912383466744,-0.2021143291305037,8,6,0.07127721037279702,4,0.9353248208905662,2,0,False,False,False,False,False,False,True,False,False
-0.8347575308858673,-0.5904799857119846,-0.47366134105219687,-0.6196073366592827,0,6,1.3568849619591015,4,-0.3548590452835678,1,1,False,True,False,False,False,False,False,False,False
0.5610413670087352,-0.002629650499517241,1.0916438177455456,0.5135879694902602,9,6,0.42189750625997097,3,0.3137156716782183,2,0,False,True,False,False,False,False,False,False,False
0.9099910914823859,-0.11040221195513625,1.0916438177455456,-0.4406817620040917,2,6,-0.08455403224372474,4,0.21302172624107618,1,1,False,False,False,False,False,False,True,False,False
-0.48580780641221666,-0.37493486280074656,-1.2563139204510683,-0.3512189746764962,6,6,-1.44807740513829,4,-0.07072083410293639,4,0,False,False,False,False,False,False,False,False,True
0.5610413670087352,1.1044884808172961,-0.47366134105219687,-0.02318875447531274,12,6,-0.3183008961685074,4,1.0640156967541041,2,0,True,False,False,False,False,False,False,False,False
0.21209164253508458,-1.1195452874032052,1.874296397144417,1.6766042047490015,2,6,-2.032444564950247,1,-1.4932472959346916,4,0,True,False,False,False,False,False,False,False,False
-0.13685808193856605,-0.3357448404532487,0.3089912383466744,1.1100065516742301,11,6,-0.3962165174767683,4,-0.024814492288357765,4,1,False,False,False,False,False,False,True,False,False
-0.31133294417539137,2.8190519585203258,-0.47366134105219687,-0.2021143291305037,8,6,1.824378689808667,5,1.7540799830256257,1,1,False,True,False,False,False,False,False,False,False
1.2589408159560365,1.9372764557016249,-1.2563139204510683,-1.4247724226076421,0,6,-0.55204776009329,2,1.4421372004570603,6,1,False,True,False,False,False,False,False,False,False
1.2589408159560365,-0.28675731251887643,0.3089912383466744,0.5434088985994587,11,6,0.22710845298931878,3,0.03049666667775276,8,1,False,False,False,False,False,False,False,True,False
0.3865665047719099,1.3200336037285343,0.3089912383466744,1.3783949136570166,14,6,-0.12351184289785518,3,1.172269197054797,6,1,False,False,False,False,False,False,True,False,False
0.5610413670087352,-0.3063523236926254,-0.47366134105219687,-0.3213980455672977,6,6,0.4608553169141014,3,0.008638069196031287,8,0,False,True,False,False,False,False,False,False,False
-0.48580780641221666,-0.7766325918625993,0.3089912383466744,0.7223344732546496,15,6,-0.5130899494391595,3,-0.6585602731110675,5,1,False,False,False,False,False,False,False,False,True
0.21209164253508458,0.8693483467323093,0.3089912383466744,0.5135879694902602,11,6,1.3568849619591015,5,0.9353248208905662,1,0,False,True,False,False,False,False,False,False,False
-0.48580780641221666,-0.7570375806888503,-0.47366134105219687,-0.6196073366592827,6,6,2.720408334853667,5,-0.6232490376741642,1,0,False,False,False,False,False,False,True,False,False
0.9099910914823859,-1.050962748295084,0.3089912383466744,0.036453103743084254,1,6,-2.032444564950247,1,-1.2809721403451977,4,1,False,False,False,False,False,False,False,False,False
0.21209164253508458,-0.943190186839465,0.3089912383466744,-0.41086083289489317,3,6,0.4608553169141014,3,-1.002083524848421,6,1,False,True,False,False,False,False,False,False,False
0.21209164253508458,-1.1783303209244518,0.3089912383466744,-0.11265154180290822,3,6,-1.0974571092511163,1,-1.7055224515241862,4,0,False,False,True,False,False,False,False,False,False
-0.8347575308858673,0.08554789978235286,1.0916438177455456,0.7819763314730467,9,6,0.3439818849517101,4,0.39095438560166185,2,1,False,True,False,False,False,False,False,False,False
-0.660282668649042,-0.5806824801251101,1.874296397144417,0.2750205366166722,8,6,-0.7857946240180727,4,-0.340588837505201,5,0,False,False,False,False,False,False,False,False,True
0.03761678029825927,-0.6100749968857335,1.0916438177455456,1.4976786300938105,20,6,1.746463068500406,5,-0.3838509103740575,8,1,False,False,False,False,False,False,True,False,False
-0.13685808193856605,2.260594140068482,0.3089912383466744,0.5135879694902602,4,6,0.3439818849517101,4,1.5648717441254543,6,0,False,True,False,False,False,False,False,False,False
-0.660282668649042,-1.2959003879669453,-0.47366134105219687,-0.41086083289489317,10,6,-0.4351743281308987,2,-2.2638733391506447,5,0,False,False,False,False,True,False,False,False,False
0.03761678029825927,-0.35533985162699766,-0.47366134105219687,0.3346623948350692,12,6,-0.16246965355198562,2,-0.04757637791488216,1,1,False,False,False,False,False,False,True,False,False
-0.8347575308858673,-1.4232679605963132,-0.47366134105219687,0.21537867839827524,15,6,-0.3962165174767683,3,-3.338200610194098,7,1,False,False,False,False,False,False,False,True,False
1.0844659537192112,-0.8942026589050927,-0.47366134105219687,-0.4705026911132902,7,6,-0.4351743281308987,3,-0.891859695513094,4,0,False,True,False,False,False,False,False,False,False
-0.13685808193856605,0.42846059532295877,0.3089912383466744,0.09609496196148125,4,6,-1.0195414879428553,1,0.6558625487608831,7,1,False,True,False,False,False,False,False,False,False
-1.8816067043068192,0.6440057182341968,-0.47366134105219687,0.15573682017987825,6,6,0.38293969560584057,4,0.799572836092087,2,0,False,False,False,False,False,False,True,False,False
-0.660282668649042,-0.3259473348663743,0.3089912383466744,-0.3512189746764962,12,6,0.4998131275682319,4,-0.013573101475193741,6,0,False,True,False,False,False,False,False,False,False
-0.660282668649042,1.4278061651841532,-1.2563139204510683,-1.126563131515657,8,6,-0.7078790027098117,4,1.223363388505666,8,0,False,False,False,False,False,False,True,False,False
-1.183707255359518,-0.7472400751019759,-1.2563139204510683,-1.4247724226076421,0,6,-1.331203973175899,2,-0.6059272655413414,5,1,False,False,False,False,False,False,False,False,True
0.5610413670087352,-0.276959806932002,0.3089912383466744,0.8117972605822451,10,6,0.3439818849517101,4,0.04129721402351179,8,0,False,False,False,False,False,False,True,False,False
-1.0092323931226925,-1.0019752203607117,-0.47366134105219687,-1.4247724226076421,4,6,-1.7207820797172033,2,-1.1471715638977271,4,0,False,False,True,False,False,False,False,False,False
1.4334156781928618,0.43825810090983325,0.3089912383466744,1.3783949136570166,18,6,-1.44807740513829,4,0.6627307062769666,4,1,False,False,False,False,False,False,False,False,True
-1.0092323931226925,-1.0215702315344606,0.3089912383466744,0.30484146572587073,7,6,-0.08455403224372474,5,-1.199142362881779,2,1,False,True,False,False,False,False,False,False,False
0.9099910914823859,-0.051617178433889514,0.3089912383466744,0.24519960750747372,3,6,-0.55204776009329,1,0.2688562415721272,6,1,False,False,False,False,False,False,False,False,True
0.9099910914823859,0.22271297799859524,-0.47366134105219687,-0.7388910530960766,3,6,0.9673068554177972,5,0.5031028312214499,6,1,False,False,False,False,False,False,True,False,False
0.3865665047719099,-0.43371989632199326,-0.47366134105219687,-1.4247724226076421,0,6,-0.3962165174767683,4,-0.14258388969407385,5,1,False,False,False,False,False,False,True,False,False
1.0844659537192112,0.6146132014735735,0.3089912383466744,-0.2021143291305037,3,6,0.42189750625997097,5,0.780836999764454,2,0,False,False,False,False,False,False,True,False,False
-0.31133294417539137,0.01696536067423167,1.0916438177455456,2.153739070496177,18,6,-0.35725870682263783,4,0.3312581092593746,6,0,False,True,False,False,False,False,False,False,False
-1.8816067043068192,-0.1201997175420107,-0.47366134105219687,-0.4705026911132902,11,6,0.694602180838884,4,0.2034918423428913,6,1,False,False,False,False,False,False,True,False,False
0.3865665047719099,-1.1293427929900797,-0.47366134105219687,0.036453103743084254,5,6,-0.902668055980464,1,-1.5264311360351905,5,1,True,False,False,False,False,False,False,False,False
0.7355162292455605,0.8987408634929327,-1.2563139204510683,-1.007279415078863,4,6,0.4998131275682319,3,0.9520844118653982,6,1,False,False,False,False,False,False,True,False,False
0.3865665047719099,0.928133380253556,-0.47366134105219687,0.06627403285228275,9,6,0.2660662636434492,2,0.9686424798267335,6,1,False,False,False,False,False,False,True,False,False
-0.8347575308858673,-0.45331490749574216,1.874296397144417,2.1239181413869788,11,6,2.2529146070041017,6,-0.16739650202479608,3,1,False,False,False,False,False,False,False,True,False
1.2589408159560365,-1.1489378041638285,0.3089912383466744,0.006632174633885757,2,6,0.8893912341095362,4,-1.5952986221888592,6,0,False,False,False,False,False,False,True,False,False
-1.183707255359518,-0.21817477341075525,0.3089912383466744,-0.6196073366592827,7,6,-1.2143305412135075,3,0.10437981865050744,6,0,True,False,False,False,False,False,False,False,False
0.9099910914823859,-1.2567103656194476,-1.2563139204510683,-1.4247724226076421,0,6,-1.6818242690630727,2,-2.051598183561151,6,1,False,False,False,False,False,False,False,False,False
0.03761678029825927,0.6244107070604479,-0.47366134105219687,0.15573682017987825,9,6,0.11023502102692746,5,0.7871106449087427,1,1,False,False,False,False,False,False,False,True,False
-1.0092323931226925,1.721731332790387,4.222254135341031,4.062278533484881,27,6,-0.12351184289785518,5,1.3537821785595803,6,1,False,False,False,False,False,False,True,False,False
-1.183707255359518,0.2717005059329675,-1.2563139204510683,-1.2458468479524512,1,6,-0.47413213878502913,3,0.5410408429424346,1,1,False,False,False,False,False,False,False,True,False
-0.31133294417539137,1.271046075794162,-1.2563139204510683,-0.8879956986420691,1,6,0.1491928316810579,6,1.148402694501842,8,1,False,True,False,False,False,False,False,False,False
1.2589408159560365,1.2416535590335387,-1.2563139204510683,-0.17229340002130522,10,6,0.7335599914930145,5,1.1338816876029298,1,1,False,True,False,False,False,False,False,False,False
1.0844659537192112,0.5852206847129501,0.3089912383466744,-0.05300968358451123,0,6,0.4608553169141014,5,0.7618427299693504,6,0,False,True,False,False,False,False,False,False,False
-0.660282668649042,0.692993246168569,-1.2563139204510683,-0.2617561873489007,7,6,0.6166865595306232,4,0.830243652429796,1,0,True,False,False,False,False,False,False,False,False
1.0844659537192112,1.2024635366860408,1.0916438177455456,-0.05300968358451123,9,6,1.4348005832673625,5,1.1142790401847764,1,0,False,True,False,False,False,False,False,False,False
-0.8347575308858673,0.28149801151984194,1.0916438177455456,0.6030507568178557,13,6,-0.35725870682263783,4,0.5485046158343135,2,1,False,False,False,False,False,False,True,False,False
0.5610413670087352,0.6440057182341968,0.3089912383466744,0.21537867839827524,9,6,-0.08455403224372474,4,0.799572836092087,8,0,False,False,False,False,False,False,False,False,True
1.607890540429687,2.2214041177209842,-0.47366134105219687,-0.3512189746764962,0,6,1.1231380980343189,4,1.5505644702063535,1,0,False,False,False,False,False,False,False,True,False
0.9099910914823859,0.3598780562148376,-0.47366134105219687,-1.186204989734054,2,6,0.694602180838884,4,0.6068016903469649,2,1,False,False,False,False,False,False,False,True,False
0.3865665047719099,-0.6100749968857335,-0.47366134105219687,0.15573682017987825,14,6,-1.1364149199052467,3,-0.3838509103740575,4,0,False,True,False,False,False,False,False,False,False
0.7355162292455605,0.17372545006422296,-0.47366134105219687,0.21537867839827524,12,6,0.5777287488764927,3,0.46408994649884966,2,0,False,False,False,False,False,False,True,False,False
0.3865665047719099,-1.1293427929900797,-0.47366134105219687,0.5135879694902602,15,6,-1.6818242690630727,2,-1.5264311360351905,6,0,False,False,False,False,False,True,False,False,False
0.21209164253508458,1.3298311093154087,-0.47366134105219687,0.6925135441454512,13,6,-0.629963381401551,5,1.1769932590715335,8,0,True,False,False,False,False,False,False,False,False
-1.8816067043068192,-0.1887822566501319,-0.47366134105219687,0.5135879694902602,9,6,1.395842772613232,4,0.1348695378381167,2,1,False,True,False,False,False,False,False,False,False
-0.48580780641221666,-0.12999722312888515,-1.2563139204510683,-1.4247724226076421,3,6,0.2660662636434492,2,0.19389554756830313,2,0,False,True,False,False,False,False,False,False,False
1.2589408159560365,2.6622918691303346,2.6569489765432883,0.7819763314730467,13,6,0.7725178021471449,5,1.7035398986922181,9,0,False,False,False,False,False,False,True,False,False
-1.8816067043068192,-0.7668350862757247,0.3089912383466744,-0.2319352582397022,3,6,1.317927151304971,5,-0.6407914752553205,1,0,False,True,False,False,False,False,False,False,False
0.5610413670087352,-0.2573647957582531,0.3089912383466744,0.5135879694902602,12,6,-1.2922461625217683,3,0.06264745142044481,5,1,False,False,False,False,False,False,False,False,True
1.0844659537192112,-0.6394675136463568,-0.47366134105219687,0.6925135441454512,21,6,0.30502407429757966,2,-0.42851631966582654,8,1,False,False,False,False,False,False,False,True,False
-1.183707255359518,1.4571986819447766,-0.47366134105219687,-0.9178166277512676,9,6,1.2400115299967103,6,1.2369753220138666,3,1,False,True,False,False,False,False,False,False,False
0.7355162292455605,0.13453542771672514,1.874296397144417,2.332664645151368,13,6,-0.12351184289785518,2,0.4320637884567608,2,1,False,False,False,False,True,False,False,False,False
-1.3581821175963433,1.8882889277672525,-1.2563139204510683,-1.4247724226076421,3,6,-1.4091195944841597,2,1.4225484956482677,4,1,False,False,False,False,True,False,False,False,False
-1.8816067043068192,4.180905235095875,-1.2563139204510683,-0.5897864075500842,1,6,0.6556443701847536,5,2.1291404007532786,0,0,False,True,False,False,False,False,False,False,False
0.9099910914823859,1.1926660310991664,-0.47366134105219687,-0.9178166277512676,7,6,0.30502407429757966,5,1.1093344649355803,1,0,False,True,False,False,False,False,False,False,False
-1.0092323931226925,1.9862639836359972,-1.2563139204510683,-0.5301445493316872,0,6,0.8114756128012753,4,1.4614511598014521,8,0,False,False,False,False,False,False,True,False,False
0.3865665047719099,0.45785311208358215,1.0916438177455456,0.9012600479098406,6,6,0.38293969560584057,3,0.6763651020883437,6,1,False,False,False,False,False,False,False,True,False
1.4334156781928618,-0.923595175665716,-1.2563139204510683,-1.0967422024064586,0,6,-1.6428664584089423,1,-0.9569298820016794,4,0,False,False,False,False,False,True,False,False,False
0.21209164253508458,-1.1489378041638285,-0.47366134105219687,0.12591589107067974,11,6,-1.7986977010254641,2,-1.5952986221888592,5,1,False,False,False,False,False,False,False,False,False
0.5610413670087352,2.7014818914778322,-1.2563139204510683,-1.0669212732972602,0,6,0.18815064233518836,4,1.7163498769028893,2,0,False,True,False,False,False,False,False,False,False
-0.8347575308858673,0.10514291095610177,-0.47366134105219687,0.12591589107067974,4,6,0.1491928316810579,4,0.40754570349907226,1,1,False,False,False,False,False,False,False,False,True
1.7823654026665123,-0.3161498292794998,-0.47366134105219687,-0.5003236202224887,10,6,0.6166865595306232,5,-0.002422735068140659,2,1,False,False,False,False,False,False,False,True,False
-0.31133294417539137,-0.3357448404532487,-0.47366134105219687,-0.4406817620040917,0,6,-1.44807740513829,1,-0.024814492288357765,6,0,False,False,False,False,False,False,False,True,False
-0.660282668649042,-0.6492650192332313,0.3089912383466744,0.09609496196148125,4,6,0.5387709382223623,4,-0.44373263722196177,6,0,False,False,False,False,False,False,True,False,False
-0.48580780641221666,-1.1489378041638285,0.3089912383466744,1.4976786300938105,16,6,-0.824752434672203,2,-1.5952986221888592,7,1,False,False,False,False,False,True,False,False,False
-0.13685808193856605,-0.09080720078138733,0.3089912383466744,-0.8581747695328706,3,6,-0.045596221589594296,3,0.23188589421479966,2,1,False,False,False,False,False,False,True,False,False
-1.0092323931226925,-0.5904799857119846,0.3089912383466744,0.7819763314730467,18,6,0.30502407429757966,4,-0.3548590452835678,8,0,False,False,False,False,False,False,True,False,False
0.7355162292455605,-0.5610874689513612,-0.47366134105219687,-0.8283538404236721,0,6,0.03231939971866658,4,-0.31248454107410345,2,1,False,False,False,False,False,False,False,True,False
0.5610413670087352,-1.0411652427082094,1.0916438177455456,2.064276283168582,27,6,-1.0974571092511163,2,-1.2531517451061938,5,1,True,False,False,False,False,False,False,False,False
0.9099910914823859,-0.7766325918625993,-1.2563139204510683,-0.9178166277512676,0,6,-1.876613322333725,3,-0.6585602731110675,4,0,True,False,False,False,False,False,False,False,False
-1.707131842069994,-0.46311241308261664,0.3089912383466744,-1.305488706170848,0,6,0.38293969560584057,2,-0.179972504748136,2,0,False,False,False,False,False,False,True,False,False
-1.0092323931226925,-0.8746076477313438,-0.47366134105219687,-0.05300968358451123,15,6,1.0062646660719277,4,-0.8501273282830314,2,1,False,False,False,False,False,False,True,False,False
-0.48580780641221666,-0.45331490749574216,-0.47366134105219687,-0.9178166277512676,6,6,0.5387709382223623,3,-0.16739650202479608,8,0,False,True,False,False,False,False,False,False,False
-0.13685808193856605,-1.4232679605963132,1.874296397144417,1.408215842766215,10,6,-2.032444564950247,2,-3.338200610194098,5,1,False,False,False,False,False,False,False,False,False
1.4334156781928618,-0.24756729017137863,0.3089912383466744,-0.5301445493316872,0,6,-1.3701617838300293,1,0.07319970786297861,5,0,False,False,False,True,False,False,False,False,False
0.3865665047719099,-0.5904799857119846,-0.47366134105219687,1.3187530554386195,21,6,-0.6689211920556813,4,-0.3548590452835678,4,1,True,False,False,False,False,False,False,False,False
1.0844659537192112,0.43825810090983325,5.004906714739902,4.569234328341255,33,6,1.0062646660719277,5,0.6627307062769666,2,1,False,False,False,False,False,False,True,False,False
0.3865665047719099,-0.2083772678238808,0.3089912383466744,-0.5301445493316872,7,6,-0.5910055707474204,5,0.11461825040449736,5,0,True,False,False,False,False,False,False,False,False
-0.31133294417539137,-1.1685328153375774,0.3089912383466744,-1.4247724226076421,4,6,-1.331203973175899,2,-1.6677923454014492,7,1,False,False,True,False,False,False,False,False,False
-0.8347575308858673,0.24230798917234414,0.3089912383466744,-0.2319352582397022,15,6,-0.6689211920556813,4,0.5184036856097667,6,1,False,True,False,False,False,False,False,False,False
-0.13685808193856605,-1.3350904103144432,-1.2563139204510683,0.5135879694902602,8,6,-1.331203973175899,3,-2.514941559408418,6,0,False,False,False,False,False,True,False,False,False
-0.660282668649042,-1.3448879159013176,0.3089912383466744,-1.3353096352800466,0,6,-1.5649508371006815,2,-2.585575643273741,4,1,False,False,True,False,False,False,False,False,False
0.9099910914823859,1.3690211316629064,-0.47366134105219687,-1.0669212732972602,2,6,0.03231939971866658,5,1.1957290953991666,8,0,False,True,False,False,False,False,False,False,False
1.0844659537192112,0.9477283914273049,0.3089912383466744,-0.5897864075500842,0,6,-0.3962165174767683,5,0.9795716064589786,2,0,False,False,False,False,False,False,False,True,False
-0.660282668649042,1.5649712434003955,-0.47366134105219687,0.5135879694902602,12,6,0.2660662636434492,4,1.2857652561929134,2,1,False,False,False,False,False,False,False,True,False
-0.8347575308858673,-0.37493486280074656,-1.2563139204510683,0.30484146572587073,0,6,0.7335599914930145,4,-0.07072083410293639,2,1,False,False,False,False,False,False,True,False,False
0.21209164253508458,0.604815695886699,0.3089912383466744,0.21537867839827524,17,6,0.4998131275682319,4,0.7745346421854028,6,0,False,True,False,False,False,False,False,False,False
-1.3581821175963433,-0.7472400751019759,-0.47366134105219687,-0.8879956986420691,0,6,0.7725178021471449,4,-0.6059272655413414,2,1,False,False,False,False,False,False,False,True,False
2.131315127140163,-0.03202216726014061,1.874296397144417,0.5434088985994587,13,6,-0.12351184289785518,4,0.2869757494074534,8,0,False,False,False,False,False,False,False,True,False
0.7355162292455605,3.798802517207771,-0.47366134105219687,-1.4247724226076421,7,6,0.38293969560584057,5,2.0337954149551516,9,1,False,True,False,False,False,False,False,False,False
-0.13685808193856605,-0.28675731251887643,-1.2563139204510683,-0.41086083289489317,5,6,-0.629963381401551,4,0.03049666667775276,4,0,False,False,False,False,False,False,False,False,True
-0.660282668649042,0.9183358746666815,0.3089912383466744,-0.41086083289489317,4,6,1.2010537193425799,4,0.9631452161295688,1,1,False,False,False,False,False,False,True,False,False
0.21209164253508458,-1.1881278265113264,0.3089912383466744,0.8416181896914436,9,6,-0.824752434672203,1,-1.744315516192465,4,0,False,False,False,False,True,False,False,False,False
-0.48580780641221666,0.22271297799859524,-0.47366134105219687,0.24519960750747372,10,6,-0.3183008961685074,1,0.5031028312214499,2,0,False,False,False,False,False,False,True,False,False
-1.8816067043068192,-1.031367737121335,0.3089912383466744,0.15573682017987825,11,6,0.38293969560584057,2,-1.225882285152544,8,1,False,False,False,False,False,False,False,True,False
-0.31133294417539137,-0.943190186839465,1.0916438177455456,2.034455354059383,23,6,-0.7468368133639423,3,-1.002083524848421,4,0,False,True,False,False,False,False,False,False,False
-0.660282668649042,-1.158735309750703,0.3089912383466744,0.2750205366166722,5,6,-0.2403852748602465,1,-1.631068496340202,7,1,False,False,False,False,True,False,False,False,False
-0.8347575308858673,-0.8746076477313438,1.0916438177455456,-0.3213980455672977,4,6,-0.6689211920556813,1,-0.8501273282830314,6,0,False,False,False,False,False,False,True,False,False
-0.660282668649042,0.820360818797937,-0.47366134105219687,-0.8879956986420691,0,6,-0.2403852748602465,2,0.9069307690186567,6,0,False,True,False,False,False,False,False,False,False
-1.0092323931226925,-0.6982525471676035,1.0916438177455456,0.9907228352374361,11,6,1.1231380980343189,4,-0.5224433584767779,6,1,False,False,False,False,False,False,True,False,False
-0.13685808193856605,-1.1685328153375774,-1.2563139204510683,-1.4247724226076421,0,6,0.42189750625997097,5,-1.6677923454014492,6,0,False,True,False,False,False,False,False,False,False
0.9099910914823859,-0.384732368387621,0.3089912383466744,1.0801856225650317,22,6,-0.7857946240180727,2,-0.08244058762886136,5,1,True,False,False,False,False,False,False,False,False
-1.5326569798331686,-0.28675731251887643,0.3089912383466744,1.4976786300938105,13,6,0.30502407429757966,5,0.03049666667775276,6,0,False,True,False,False,False,False,False,False,False
0.7355162292455605,-0.5708849745382356,-1.2563139204510683,-1.4247724226076421,0,6,-0.12351184289785518,2,-0.32646499341165824,1,1,False,False,False,False,False,False,True,False,False
0.3865665047719099,-0.06141468402076397,-0.47366134105219687,-0.4406817620040917,1,6,-0.629963381401551,1,0.25970628945380353,4,0,False,False,False,False,False,False,False,True,False
0.7355162292455605,-0.002629650499517241,0.3089912383466744,0.7521554023638481,7,6,0.5777287488764927,4,0.3137156716782183,6,1,False,False,False,False,False,False,True,False,False
-0.13685808193856605,-0.08100969519451288,0.3089912383466744,0.5135879694902602,10,6,1.0841802873801885,4,0.24122194846562783,1,1,False,False,False,False,False,False,False,True,False
1.9568402649033378,1.8001113774853825,-0.47366134105219687,0.30484146572587073,8,6,1.395842772613232,6,1.3865709353902995,9,0,False,False,False,False,False,False,True,False,False
-1.8816067043068192,0.6440057182341968,-1.2563139204510683,-1.4247724226076421,1,6,-0.4351743281308987,4,0.799572836092087,2,0,False,False,False,False,False,False,True,False,False
0.21209164253508458,-0.8452151309707204,-1.2563139204510683,-1.4247724226076421,9,6,0.22710845298931878,4,-0.7898083692589257,6,0,False,False,False,False,False,False,True,False,False
-0.48580780641221666,0.007167855087357215,2.6569489765432883,2.4519483615881623,19,6,1.668547447192145,6,0.3225148244754811,1,1,False,False,False,False,False,False,False,True,False
-0.13685808193856605,0.604815695886699,0.3089912383466744,0.24519960750747372,4,6,-0.8637102453263336,4,0.7745346421854028,5,1,False,True,False,False,False,False,False,False,False
0.9099910914823859,0.4676506176704566,-1.2563139204510683,-1.4247724226076421,0,6,0.30502407429757966,3,0.6831320087145331,1,1,False,False,False,False,False,False,False,True,False
-0.31133294417539137,-0.512099941016989,-0.47366134105219687,-0.5599654784408856,3,6,-0.3183008961685074,4,-0.2446352159482409,4,1,False,True,False,False,False,False,False,False,False
-0.48580780641221666,-0.7080500527544781,0.3089912383466744,0.5434088985994587,22,6,0.8893912341095362,3,-0.5387401490011535,1,1,False,False,False,False,False,False,False,True,False
1.4334156781928618,0.9771209081879283,-1.2563139204510683,-1.4247724226076421,0,6,-0.3962165174767683,3,0.9958043609570506,2,0,False,True,False,False,False,False,False,False,False
-1.3581821175963433,-0.9137976700788416,0.3089912383466744,-0.4705026911132902,2,6,1.0062646660719277,4,-0.9348964083082332,8,1,False,False,False,False,False,False,False,True,False
-0.660282668649042,1.4474011763579022,-1.2563139204510683,-1.4247724226076421,2,6,-0.16246965355198562,5,1.2324529444604144,1,0,False,False,False,False,True,False,False,False,False
0.3865665047719099,-0.6688600304069802,0.3089912383466744,0.9310809770190391,6,6,-0.20142746420611607,3,-0.47467916939348176,2,0,False,False,False,False,False,False,False,True,False
-0.8347575308858673,0.604815695886699,0.3089912383466744,0.3346623948350692,2,6,0.2660662636434492,4,0.7745346421854028,2,1,False,False,False,False,False,False,True,False,False
-0.8347575308858673,0.820360818797937,-0.47366134105219687,-1.007279415078863,7,6,0.38293969560584057,5,0.9069307690186567,1,1,False,True,False,False,False,False,False,False,False
0.9099910914823859,1.143678503164794,-0.47366134105219687,0.30484146572587073,7,6,-1.6818242690630727,1,1.0843417148941714,4,0,False,False,False,False,False,False,False,False,True
-0.13685808193856605,-1.031367737121335,0.3089912383466744,-1.007279415078863,6,6,1.2400115299967103,5,-1.225882285152544,6,0,False,False,False,False,False,False,False,True,False
-1.183707255359518,1.6139587713347678,0.3089912383466744,0.3644833239442677,9,6,-0.20142746420611607,5,1.3073836393851386,2,1,False,True,False,False,False,False,False,False,False
-1.5326569798331686,-0.7570375806888503,-0.47366134105219687,-0.9178166277512676,11,6,1.4737583939214929,4,-0.6232490376741642,8,0,False,False,False,False,False,False,True,False,False
-1.3581821175963433,-0.7962276030363481,0.3089912383466744,-0.05300968358451123,2,6,-1.4870352157924205,1,-0.6948008574797353,5,0,False,False,False,False,False,True,False,False,False
-1.0092323931226925,0.2521054947592186,-1.2563139204510683,0.15573682017987825,15,6,2.019167743079319,5,0.5259908272677123,1,1,False,False,False,False,False,False,True,False,False
-0.31133294417539137,-1.0901527706425818,-1.2563139204510683,-0.6494282657684811,0,6,-1.1364149199052467,3,-1.3982397841555005,4,1,False,False,True,False,False,False,False,False,False
-1.0092323931226925,-0.16918724547638297,-0.47366134105219687,-0.5897864075500842,10,6,0.5387709382223623,5,0.15482731800204141,1,1,False,True,False,False,False,False,False,False,False
0.21209164253508458,0.928133380253556,-0.47366134105219687,0.09609496196148125,8,6,0.4998131275682319,4,0.9686424798267335,6,1,False,True,False,False,False,False,False,False,False
1.607890540429687,2.4663417573928457,-0.47366134105219687,-0.11265154180290822,11,6,-0.08455403224372474,4,1.6376391556480718,1,0,True,False,False,False,False,False,False,False,False
-0.8347575308858673,-1.0607602538819585,1.874296397144417,2.422127432478964,17,6,-0.47413213878502913,4,-1.309366192217106,4,1,False,False,False,False,True,False,False,False,False
-0.31133294417539137,-1.266507871206322,0.3089912383466744,0.9907228352374361,6,6,-0.3183008961685074,3,-2.101678710831266,6,1,False,False,False,False,False,False,False,True,False
1.607890540429687,-0.8844051533182182,0.3089912383466744,1.1994693390018256,8,6,-1.331203973175899,2,-0.8708354287005626,5,1,False,False,False,False,False,True,False,False,False
1.0844659537192112,1.4082111540104043,-0.47366134105219687,-0.7985329113144737,0,6,0.6556443701847536,5,1.2142134363873422,2,1,False,False,False,False,False,False,False,False,True
1.4334156781928618,1.2808435813810364,0.3089912383466744,1.1696484098926272,10,6,-0.2403852748602465,4,1.1532092010478403,2,1,False,True,False,False,False,False,False,False,False
0.3865665047719099,-0.13979472871575963,-0.47366134105219687,0.7223344732546496,13,6,-0.9416258666345945,2,0.18423190982344206,7,1,False,True,False,False,False,False,False,False,False
-1.0092323931226925,0.0757503941954784,0.3089912383466744,0.7819763314730467,10,6,-0.006638410935463857,4,0.3825831578318871,6,0,False,False,False,False,False,False,True,False,False
-1.183707255359518,0.26190300034609304,0.3089912383466744,0.15573682017987825,2,6,0.3439818849517101,3,0.5335363953381014,2,0,False,False,False,False,False,False,True,False,False
1.2589408159560365,-0.6884550415807291,-0.47366134105219687,0.12591589107067974,10,6,1.4348005832673625,5,-0.5063371780610029,2,0,False,True,False,False,False,False,False,False,False
0.5610413670087352,-0.8550126365575949,-0.47366134105219687,-1.4247724226076421,0,6,-2.032444564950247,1,-0.8096225632981838,4,0,False,False,False,False,False,True,False,False,False
0.5610413670087352,-0.8648101421444693,1.0916438177455456,0.30484146572587073,5,6,-0.2403852748602465,2,-0.8297260258454636,6,1,False,False,False,False,True,False,False,False,False
0.21209164253508458,-0.3651373572138721,0.3089912383466744,-0.2021143291305037,3,6,-1.525993026446551,2,-0.05909998262951051,4,1,False,False,False,False,False,False,False,False,True
-1.8816067043068192,0.7811707964504392,1.874296397144417,1.4380367718754135,13,6,0.1491928316810579,4,0.8837863128306024,2,1,False,False,False,False,False,False,False,True,False
1.607890540429687,0.7713732908635648,-0.47366134105219687,-0.2021143291305037,1,6,2.525619281583015,4,0.877938903928167,0,0,False,True,False,False,False,False,False,False,False
0.21209164253508458,-0.7766325918625993,-0.47366134105219687,1.2889321263294211,17,6,-0.006638410935463857,3,-0.6585602731110675,2,0,True,False,False,False,False,False,False,False,False
-0.8347575308858673,2.2997841624159796,0.3089912383466744,0.12591589107067974,11,6,2.019167743079319,5,1.5790318969405355,1,1,False,False,False,False,False,False,True,False,False
1.607890540429687,-1.3644829270750665,1.0916438177455456,1.0801856225650317,15,6,-1.6428664584089423,2,-2.7387403197125413,7,0,False,False,False,False,False,True,False,False,False
0.21209164253508458,0.0757503941954784,-1.2563139204510683,-0.7687119822052751,0,6,0.4998131275682319,3,0.3825831578318871,2,1,False,True,False,False,False,False,False,False,False
-1.183707255359518,-0.7766325918625993,0.3089912383466744,0.8714391188006422,4,6,1.7854208791545363,6,-0.6585602731110675,8,0,False,False,False,False,False,False,True,False,False
-1.5326569798331686,0.712588257342318,0.3089912383466744,-0.7388910530960766,5,6,0.30502407429757966,4,0.8423232274957445,1,1,False,False,False,False,False,False,True,False,False
-0.8347575308858673,0.3794730673885865,0.3089912383466744,0.15573682017987825,2,6,0.03231939971866658,3,0.6209983390469039,6,1,False,False,False,False,False,False,True,False,False
1.607890540429687,-1.031367737121335,0.3089912383466744,0.15573682017987825,6,6,-0.08455403224372474,4,-1.225882285152544,2,0,False,False,False,False,False,False,False,True,False
0.21209164253508458,-1.0215702315344606,-0.47366134105219687,-0.7090701239868782,0,6,-0.5130899494391595,3,-1.199142362881779,7,1,False,True,False,False,False,False,False,False,False
0.3865665047719099,-0.384732368387621,-1.2563139204510683,-0.4705026911132902,1,6,-1.2532883518676379,2,-0.08244058762886136,5,1,False,False,False,False,False,True,False,False,False
-1.8816067043068192,0.28149801151984194,-0.47366134105219687,-0.8879956986420691,1,6,-0.2793430855143769,2,0.5485046158343135,6,0,False,True,False,False,False,False,False,False,False
-1.3581821175963433,-1.0999502762294562,-1.2563139204510683,-1.2160259188432525,6,6,1.2789693406508407,3,-1.429186316327021,2,1,False,False,False,False,False,False,True,False,False
1.607890540429687,0.712588257342318,-0.47366134105219687,-0.9178166277512676,3,6,1.746463068500406,7,0.8423232274957445,1,0,False,True,False,False,False,False,False,False,False
-0.660282668649042,-0.5904799857119846,0.3089912383466744,1.3187530554386195,12,6,0.11023502102692746,3,-0.3548590452835678,2,0,False,False,False,False,False,False,False,False,True
0.5610413670087352,0.7517782796898158,-0.47366134105219687,0.9012600479098406,14,6,0.5387709382223623,4,0.8661690653769629,2,0,False,True,False,False,False,False,False,False,False
-1.707131842069994,-0.619872502472608,1.0916438177455456,1.050364693455833,5,6,-0.08455403224372474,3,-0.3985789943752203,1,0,False,False,False,False,False,False,False,True,False
0.7355162292455605,-0.2083772678238808,0.3089912383466744,-0.2915771164580992,8,6,0.11023502102692746,1,0.11461825040449736,2,0,False,False,False,False,False,False,False,True,False
-1.183707255359518,-0.37493486280074656,2.6569489765432883,0.7521554023638481,9,6,-0.35725870682263783,3,-0.07072083410293639,6,1,False,False,False,False,False,False,False,False,True
-0.31133294417539137,-0.7962276030363481,1.0916438177455456,1.1696484098926272,16,6,-0.006638410935463857,3,-0.6948008574797353,2,1,False,True,False,False,False,False,False,False,False
-0.31133294417539137,0.8497533355585604,1.0916438177455456,0.8416181896914436,17,6,-1.2143305412135075,3,0.9240373582887288,4,1,True,False,False,False,False,False,False,False,False
0.3865665047719099,-0.06141468402076397,1.0916438177455456,0.9310809770190391,9,6,-1.0195414879428553,2,0.25970628945380353,6,1,True,False,False,False,False,False,False,False,False
-1.8816067043068192,-0.46311241308261664,-0.47366134105219687,0.48376704038106166,10,6,0.6556443701847536,2,-0.179972504748136,6,1,False,False,False,False,False,False,True,False,False
-1.8816067043068192,0.38927057297546097,-1.2563139204510683,-0.8581747695328706,0,6,1.9802099324251885,7,0.6280421535218793,1,1,False,False,False,False,False,False,True,False,False
1.4334156781928618,-0.7766325918625993,-0.47366134105219687,0.006632174633885757,3,6,0.1491928316810579,5,-0.6585602731110675,2,0,False,True,False,False,False,False,False,False,False
-0.8347575308858673,-1.050962748295084,-0.47366134105219687,0.18555774928907673,4,6,0.7725178021471449,2,-1.2809721403451977,6,1,False,False,False,False,False,False,True,False,False
-0.31133294417539137,1.9764664780491228,-0.47366134105219687,0.5732298277086572,10,6,0.8114756128012753,4,1.4576099781549887,2,0,False,False,False,False,False,False,True,False,False
1.4334156781928618,1.5845662545741446,0.3089912383466744,0.21537867839827524,3,6,1.4737583939214929,5,1.294453377929655,1,1,False,False,False,False,False,False,True,False,False
0.9099910914823859,-0.7962276030363481,-1.2563139204510683,-0.9774584859696646,0,6,0.7335599914930145,4,-0.6948008574797353,1,1,False,False,False,False,False,False,False,True,False
0.03761678029825927,0.3304855394542142,-0.47366134105219687,0.09609496196148125,7,6,0.3439818849517101,4,0.5852284648955612,1,0,False,True,False,False,False,False,False,False,False
-1.183707255359518,2.0940365450916163,-0.47366134105219687,0.006632174633885757,7,6,1.0841802873801885,5,1.5030117627678523,0,0,False,True,False,False,False,False,False,False,False
0.3865665047719099,2.5545193076747155,-1.2563139204510683,0.006632174633885757,6,6,-0.9805836772887249,3,1.6676853525620394,2,0,True,False,False,False,False,False,False,False,False
0.5610413670087352,-0.15938973988950852,0.3089912383466744,-0.2915771164580992,0,6,0.5777287488764927,3,0.16469877767461183,2,0,True,False,False,False,False,False,False,False,False
0.7355162292455605,1.0065134249485517,1.0916438177455456,1.1398274807834285,10,6,1.746463068500406,4,1.011847991681581,1,1,False,False,False,False,False,False,True,False,False
-0.8347575308858673,-0.2573647957582531,-1.2563139204510683,-0.7090701239868782,1,6,-0.3962165174767683,2,0.06264745142044481,6,0,False,False,False,False,False,False,False,True,False
0.3865665047719099,0.7321832685160669,0.3089912383466744,0.24519960750747372,0,6,1.5516740152297537,5,0.8542977614489293,1,1,False,False,False,False,False,False,True,False,False
0.21209164253508458,-0.5316949521907378,1.874296397144417,1.408215842766215,15,6,0.30502407429757966,4,-0.2713751382190057,8,1,True,False,False,False,False,False,False,False,False
-0.13685808193856605,-0.8452151309707204,-0.47366134105219687,0.18555774928907673,2,6,-0.8637102453263336,2,-0.7898083692589257,4,0,False,False,False,False,True,False,False,False,False
-0.48580780641221666,0.604815695886699,-0.47366134105219687,-0.2319352582397022,0,6,-0.045596221589594296,5,0.7745346421854028,2,1,False,False,False,False,False,False,False,True,False
0.03761678029825927,0.10514291095610177,-1.2563139204510683,0.5732298277086572,8,6,-0.55204776009329,3,0.40754570349907226,2,1,False,False,False,False,False,False,True,False,False
0.7355162292455605,-0.35533985162699766,1.874296397144417,1.0801856225650317,5,6,-0.3183008961685074,4,-0.04757637791488216,6,0,False,True,False,False,False,False,False,False,False
-0.13685808193856605,-0.7570375806888503,-0.47366134105219687,-1.0371003441880615,11,6,-1.1364149199052467,4,-0.6232490376741642,6,1,False,False,False,False,True,False,False,False,False
0.7355162292455605,-0.6590625248201057,-0.47366134105219687,-1.0967422024064586,0,6,1.2010537193425799,2,-0.45911897301738686,2,1,False,True,False,False,False,False,False,False,False
0.3865665047719099,-0.3063523236926254,-0.47366134105219687,0.6328716859270541,7,6,-0.7078790027098117,3,0.008638069196031287,4,0,False,True,False,False,False,False,False,False,False
-0.8347575308858673,-1.0411652427082094,-1.2563139204510683,-0.02318875447531274,2,6,0.3439818849517101,3,-1.2531517451061938,6,1,False,True,False,False,False,False,False,False,False
-1.0092323931226925,-0.815822614210097,-0.47366134105219687,-0.1424724709121067,0,6,-0.7857946240180727,2,-0.7320210347955439,4,0,False,True,False,False,False,False,False,False,False
1.4334156781928618,-0.7080500527544781,-0.47366134105219687,-0.6494282657684811,3,6,0.4998131275682319,3,-0.5387401490011535,2,1,False,False,False,False,False,False,False,False,True
-1.0092323931226925,-0.6688600304069802,0.3089912383466744,0.18555774928907673,9,6,0.11023502102692746,3,-0.47467916939348176,2,1,False,True,False,False,False,False,False,False,False
1.7823654026665123,0.6146132014735735,-0.47366134105219687,0.2750205366166722,11,6,0.11023502102692746,4,0.780836999764454,6,0,False,False,False,False,False,False,True,False,False
1.2589408159560365,2.1626190841997373,1.874296397144417,1.4976786300938105,19,6,-0.045596221589594296,5,1.5288209227677154,2,1,False,False,False,False,False,False,False,True,False
-1.3581821175963433,-0.6100749968857335,1.0916438177455456,0.12591589107067974,11,6,1.668547447192145,6,-0.3838509103740575,6,0,False,False,False,False,False,False,False,True,False
-1.707131842069994,-1.031367737121335,-1.2563139204510683,-1.4247724226076421,9,6,-1.5649508371006815,2,-1.225882285152544,4,0,False,False,False,False,False,False,False,False,True
0.21209164253508458,-1.2371153544456985,-0.47366134105219687,0.12591589107067974,0,6,-1.525993026446551,1,-1.9565906717819592,7,0,False,False,False,False,False,True,False,False,False
-1.8816067043068192,1.9568714668753737,0.3089912383466744,1.229290268111024,11,6,1.0841802873801885,5,1.4498953208496907,1,1,False,False,False,False,False,False,True,False,False
0.5610413670087352,0.4676506176704566,-0.47366134105219687,0.30484146572587073,9,6,1.4348005832673625,6,0.6831320087145331,2,0,False,True,False,False,False,False,False,False,False
1.4334156781928618,-0.7178475583413525,-1.2563139204510683,-0.05300968358451123,3,6,-0.045596221589594296,2,-0.5552321153074962,6,0,False,False,False,False,False,False,False,True,False
-0.48580780641221666,-0.2573647957582531,0.3089912383466744,0.036453103743084254,1,6,0.38293969560584057,4,0.06264745142044481,1,0,False,False,False,False,False,False,True,False,False
0.21209164253508458,-1.050962748295084,-1.2563139204510683,-0.41086083289489317,11,6,-0.2793430855143769,2,-1.2809721403451977,4,1,False,False,False,False,False,False,False,False,True
-1.707131842069994,-0.8060251086232226,-0.47366134105219687,-0.3512189746764962,0,6,-2.032444564950247,1,-0.7132851984679097,5,1,False,False,True,False,False,False,False,False,False
-0.48580780641221666,-0.8256201197969715,1.0916438177455456,0.21537867839827524,6,6,0.9283490447636668,5,-0.7510153045906475,8,1,False,True,False,False,False,False,False,False,False
0.5610413670087352,2.4565442518059712,-1.2563139204510683,-0.7687119822052751,3,6,1.941252121771058,6,1.6342598589157107,0,0,False,False,False,False,False,False,True,False,False
-1.0092323931226925,-0.9040001644919672,0.3089912383466744,0.2750205366166722,14,6,0.5387709382223623,5,-0.913209932910027,6,0,False,False,False,False,False,False,False,True,False
0.03761678029825927,1.231856053446664,0.3089912383466744,0.3644833239442677,16,6,-0.08455403224372474,3,1.1290071241859405,2,0,False,False,False,False,False,False,True,False,False
-0.31133294417539137,0.12473792212985067,0.3089912383466744,-0.2915771164580992,7,6,0.18815064233518836,4,0.4239395010135452,6,1,False,False,False,False,True,False,False,False,False
-0.48580780641221666,0.8497533355585604,-1.2563139204510683,-1.4247724226076421,1,6,-0.2793430855143769,4,0.9240373582887288,2,1,False,False,False,False,False,False,False,True,False
-0.8347575308858673,-0.6786575359938547,0.3089912383466744,0.036453103743084254,3,6,1.2789693406508407,3,-0.4904172004346891,2,1,False,False,False,False,False,False,True,False,False
0.5610413670087352,-0.11040221195513625,-1.2563139204510683,-1.4247724226076421,3,6,1.045222476726058,5,0.21302172624107618,6,0,False,False,False,False,False,False,True,False,False
0.9099910914823859,-0.13979472871575963,-0.47366134105219687,-1.0967422024064586,0,6,-1.2532883518676379,2,0.18423190982344206,6,0,True,False,False,False,False,False,False,False,False
0.9099910914823859,1.721731332790387,0.3089912383466744,0.6626926150362527,9,6,1.2010537193425799,6,1.3537821785595803,9,1,False,True,False,False,False,False,False,False,False
-0.660282668649042,0.8693483467323093,-0.47366134105219687,-0.11265154180290822,8,6,-0.55204776009329,2,0.9353248208905662,6,0,False,False,False,False,False,False,True,False,False
1.2589408159560365,-0.7962276030363481,1.0916438177455456,2.1239181413869788,22,6,0.22710845298931878,2,-0.6948008574797353,2,1,False,False,False,False,False,False,False,True,False
0.21209164253508458,-0.8942026589050927,-0.47366134105219687,-1.0669212732972602,0,6,-0.2403852748602465,3,-0.891859695513094,5,1,True,False,False,False,False,False,False,False,False
-0.48580780641221666,0.3304855394542142,0.3089912383466744,-0.1424724709121067,7,6,1.2010537193425799,7,0.5852284648955612,2,0,False,False,False,False,False,False,False,True,False
-0.48580780641221666,-0.7178475583413525,-0.47366134105219687,-1.3353096352800466,0,6,-1.2532883518676379,3,-0.5552321153074962,7,0,False,False,False,False,False,True,False,False,False
-1.183707255359518,-1.4232679605963132,-1.2563139204510683,-1.4247724226076421,9,6,-1.2532883518676379,1,-3.338200610194098,4,1,False,False,True,False,False,False,False,False,False
3.3526391627979404,0.04635787743485503,0.3089912383466744,-0.4406817620040917,8,6,0.30502407429757966,5,0.35715973922484895,2,1,False,False,False,False,False,False,True,False,False
2.305789989376988,-0.19857976223700635,-1.2563139204510683,0.4241251821626647,1,6,-1.4870352157924205,1,0.12478112108807513,4,1,False,False,False,False,True,False,False,False,False
1.0844659537192112,-0.7864300974494737,-0.47366134105219687,-1.2458468479524512,0,6,0.03231939971866658,2,-0.6765613494066632,2,0,False,False,False,False,False,False,True,False,False
2.131315127140163,-1.2567103656194476,-0.47366134105219687,-1.4247724226076421,3,6,-1.1364149199052467,2,-2.051598183561151,5,1,False,False,False,False,True,False,False,False,False
-0.31133294417539137,-0.6688600304069802,-1.2563139204510683,-1.126563131515657,0,6,0.7725178021471449,3,-0.47467916939348176,8,1,False,False,False,False,False,False,True,False,False
1.4334156781928618,1.0261084361223005,-1.2563139204510683,0.06627403285228275,9,6,-0.16246965355198562,5,1.0224408341253088,2,0,True,False,False,False,False,False,False,False,False
1.607890540429687,-0.45331490749574216,-0.47366134105219687,0.15573682017987825,12,6,-0.7078790027098117,4,-0.16739650202479608,4,0,False,False,False,False,False,False,True,False,False
-0.48580780641221666,-0.1006047063682618,-0.47366134105219687,-0.8879956986420691,18,6,0.7335599914930145,4,0.22248611213799482,2,0,False,False,False,False,False,False,True,False,False
1.607890540429687,-0.45331490749574216,0.3089912383466744,-1.2458468479524512,8,6,0.7725178021471449,5,-0.16739650202479608,1,0,False,True,False,False,False,False,False,False,False
-0.48580780641221666,-0.3259473348663743,0.3089912383466744,1.6169623465306044,15,6,-2.032444564950247,1,-0.013573101475193741,4,1,False,True,False,False,False,False,False,False,False
-1.8816067043068192,-0.26716230134512753,1.0916438177455456,0.9012600479098406,14,6,1.2400115299967103,3,0.052013709565456326,6,1,False,False,False,False,False,False,False,True,False
-0.13685808193856605,0.08554789978235286,0.3089912383466744,-0.6196073366592827,6,6,0.1491928316810579,3,0.39095438560166185,6,0,False,False,False,False,True,False,False,False,False
0.03761678029825927,2.2018091065472354,-0.47366134105219687,-0.5897864075500842,12,6,1.317927151304971,6,1.5433547012377506,1,0,False,True,False,False,False,False,False,False,False
-0.13685808193856605,0.007167855087357215,-0.47366134105219687,-0.3213980455672977,1,6,1.2010537193425799,2,0.3225148244754811,6,1,False,False,False,False,False,False,False,True,False
1.607890540429687,1.4278061651841532,2.6569489765432883,2.3624855742605666,13,6,-0.3183008961685074,4,1.223363388505666,2,0,True,False,False,False,False,False,False,False,False
-0.660282668649042,-1.1097477818163306,-0.47366134105219687,0.12591589107067974,7,6,-0.902668055980464,4,-1.460844324994541,5,1,False,False,False,False,True,False,False,False,False
0.03761678029825927,-0.6394675136463568,1.874296397144417,1.7362460629673986,15,6,-1.0974571092511163,3,-0.42851631966582654,4,0,False,False,False,False,False,False,False,False,True
-1.3581821175963433,0.007167855087357215,1.0916438177455456,-0.05300968358451123,0,6,-0.35725870682263783,5,0.3225148244754811,2,1,False,False,False,False,False,False,False,True,False
1.2589408159560365,1.4865911987054,-1.2563139204510683,-1.4247724226076421,0,6,1.0062646660719277,5,1.2504540207560089,2,0,False,True,False,False,False,False,False,False,False
0.03761678029825927,0.08554789978235286,-1.2563139204510683,-1.4247724226076421,0,6,0.30502407429757966,2,0.39095438560166185,2,0,False,False,False,False,False,False,True,False,False
-0.660282668649042,-1.4232679605963132,-0.47366134105219687,-1.126563131515657,8,6,-1.954528943641986,1,-3.338200610194098,4,1,False,False,True,False,False,False,False,False,False
1.4334156781928618,-1.1783303209244518,-1.2563139204510683,-1.4247724226076421,0,6,0.3439818849517101,4,-1.7055224515241862,6,1,False,False,False,False,True,False,False,False,False
0.7355162292455605,-1.3056978935538197,0.3089912383466744,1.5573204883122076,20,6,-1.44807740513829,2,-2.3224805978581817,6,0,False,False,False,False,False,True,False,False,False
0.9099910914823859,-1.1783303209244518,1.0916438177455456,2.571232078024956,23,6,0.07127721037279702,3,-1.7055224515241862,2,0,False,True,False,False,False,False,False,False,False
-0.48580780641221666,-0.03202216726014061,-1.2563139204510683,-1.4247724226076421,0,6,-0.824752434672203,3,0.2869757494074534,6,0,False,False,False,False,False,False,True,False,False
1.7823654026665123,0.42846059532295877,-1.2563139204510683,-1.3949514934984435,0,6,-0.4351743281308987,3,0.6558625487608831,1,1,False,False,False,False,True,False,False,False,False
0.03761678029825927,-0.17898475106325742,-0.47366134105219687,0.7819763314730467,4,6,0.30502407429757966,2,0.14488458363535497,2,1,False,False,False,False,False,False,False,False,True
-0.8347575308858673,0.5166381456048289,-1.2563139204510683,-1.4247724226076421,0,6,1.045222476726058,6,0.7164765610434196,1,0,False,False,False,False,False,False,False,True,False
0.9099910914823859,1.6727438048560146,-0.47366134105219687,1.050364693455833,21,6,0.1491928316810579,5,1.332885529811862,6,1,False,False,False,False,False,False,True,False,False
1.0844659537192112,-0.012427156086391696,1.0916438177455456,-0.9774584859696646,2,6,0.42189750625997097,3,0.30485993230054503,6,1,False,True,False,False,False,False,False,False,False
-1.5326569798331686,-0.8354176253838459,0.3089912383466744,0.9907228352374361,8,6,-0.2403852748602465,4,-0.7702752371100967,6,0,False,False,False,False,False,False,False,False,True
-1.0092323931226925,-1.0215702315344606,0.3089912383466744,0.6328716859270541,7,6,-1.603908647754812,2,-1.199142362881779,7,1,False,False,False,True,False,False,False,False,False
-1.8816067043068192,0.4480556064967077,-0.47366134105219687,0.06627403285228275,3,6,-0.08455403224372474,4,0.6695647785038223,1,1,False,False,False,False,False,False,True,False,False
-0.8347575308858673,-0.6394675136463568,0.3089912383466744,1.348573984547818,14,6,-1.4091195944841597,1,-0.42851631966582654,6,0,False,False,False,True,False,False,False,False,False
-0.13685808193856605,-0.9823802091869628,-0.47366134105219687,1.1100065516742301,15,6,-2.032444564950247,2,-1.0970910366276114,6,1,False,False,True,False,False,False,False,False,False
-0.48580780641221666,0.21291547241172076,1.0916438177455456,1.467857700984612,23,6,-0.629963381401551,2,0.4953881739161519,6,1,False,False,False,False,False,False,False,False,True
0.21209164253508458,-0.8746076477313438,-0.47366134105219687,-0.1424724709121067,13,6,0.7725178021471449,4,-0.8501273282830314,1,0,False,False,False,False,False,False,True,False,False
0.03761678029825927,-0.6100749968857335,-1.2563139204510683,-1.4247724226076421,4,6,0.6556443701847536,4,-0.3838509103740575,2,0,False,False,False,False,False,False,True,False,False
-0.660282668649042,-1.3644829270750665,-1.2563139204510683,-0.9178166277512676,3,6,-1.8376555116795945,2,-2.7387403197125413,6,1,False,False,True,False,False,False,False,False,False
1.4334156781928618,-0.02222466167326615,-0.47366134105219687,-0.7090701239868782,0,6,0.11023502102692746,3,0.29594687382247137,6,1,False,False,False,False,False,False,False,True,False
-0.31133294417539137,1.1730710199254173,0.3089912383466744,0.006632174633885757,2,6,-0.902668055980464,4,1.0993917305688925,8,1,False,False,False,False,True,False,False,False,False
0.03761678029825927,-0.8060251086232226,0.3089912383466744,1.348573984547818,26,6,-1.175372730559377,3,-0.7132851984679097,7,0,False,False,True,False,False,False,False,False,False
2.131315127140163,-1.139140298576954,0.3089912383466744,-0.1424724709121067,3,6,-1.7597398903713337,1,-1.5604344124748795,5,0,False,False,False,False,False,True,False,False,False
0.7355162292455605,-0.06141468402076397,-0.47366134105219687,1.0801856225650317,19,6,1.045222476726058,3,0.25970628945380353,1,1,False,False,False,False,False,False,True,False,False
0.9099910914823859,-0.49250492984324,0.3089912383466744,-1.4247724226076421,0,6,-0.8637102453263336,3,-0.218404656630343,7,0,False,False,False,False,False,True,False,False,False
0.03761678029825927,0.3304855394542142,-1.2563139204510683,-1.4247724226076421,0,6,1.9022943111169277,4,0.5852284648955612,0,1,False,False,False,False,False,False,True,False,False
0.7355162292455605,0.7909683020373136,1.0916438177455456,-0.3512189746764962,5,6,-0.045596221589594296,5,0.8896089968858337,2,0,False,False,False,False,False,False,False,False,True
0.5610413670087352,0.7321832685160669,-0.47366134105219687,-0.41086083289489317,4,6,0.38293969560584057,5,0.8542977614489293,2,1,False,False,False,False,False,False,False,True,False
0.3865665047719099,-0.7668350862757247,0.3089912383466744,0.6328716859270541,8,6,-0.045596221589594296,3,-0.6407914752553205,6,1,False,False,False,False,False,False,False,False,True
-1.3581821175963433,-0.619872502472608,0.3089912383466744,0.5732298277086572,13,6,2.7983239561619278,4,-0.3985789943752203,9,1,False,True,False,False,False,False,False,False,False
0.21209164253508458,2.1430240730259884,1.0916438177455456,1.7064251338582,23,6,-0.3962165174767683,6,1.521496103756028,1,0,False,False,False,False,False,False,False,True,False
0.9099910914823859,3.2403446987559272,-0.47366134105219687,-0.8283538404236721,7,6,0.4608553169141014,6,1.88137505653208,6,0,False,False,False,False,False,False,True,False,False
2.305789989376988,-1.3742804326619409,-0.47366134105219687,0.006632174633885757,8,6,-1.525993026446551,2,-2.822224226777104,7,0,False,False,True,False,False,False,False,False,False
0.5610413670087352,-1.2763053767931964,0.3089912383466744,0.8714391188006422,10,6,-0.9805836772887249,3,-2.1536495098153177,4,0,False,False,False,False,False,True,False,False,False
0.5610413670087352,0.36967556180171207,1.0916438177455456,0.9609019061282377,10,6,0.42189750625997097,3,0.6139183094283378,2,0,False,False,False,False,False,False,True,False,False
-1.8816067043068192,-0.051617178433889514,-1.2563139204510683,-1.2458468479524512,3,6,-0.35725870682263783,5,0.2688562415721272,2,0,True,False,False,False,False,False,False,False,False
2.131315127140163,3.3285222490377975,-1.2563139204510683,-1.3353096352800466,2,6,0.5777287488764927,5,1.9065915587989368,0,0,False,False,False,False,False,False,False,True,False
1.0844659537192112,0.24230798917234414,-1.2563139204510683,-0.7388910530960766,10,6,-1.2532883518676379,2,0.5184036856097667,5,0,False,False,False,False,False,False,True,False,False
-1.5326569798331686,-0.12999722312888515,1.0916438177455456,0.8117972605822451,18,6,-1.331203973175899,2,0.19389554756830313,5,1,True,False,False,False,False,False,False,False,False
-0.13685808193856605,-0.5708849745382356,-1.2563139204510683,0.3346623948350692,6,6,0.8893912341095362,4,-0.32646499341165824,8,0,False,False,False,False,False,False,False,True,False
0.21209164253508458,1.359223626076032,2.6569489765432883,2.0046344249501846,28,6,-0.3183008961685074,5,1.191068980199288,1,0,True,False,False,False,False,False,False,False,False
-1.0092323931226925,0.2912955171067164,0.3089912383466744,-0.5599654784408856,0,6,-1.4091195944841597,2,0.5559281525583185,5,1,True,False,False,False,False,False,False,False,False
1.0844659537192112,-0.7276450639282269,-0.47366134105219687,0.5732298277086572,13,6,-0.20142746420611607,3,-0.5719239891016517,8,0,False,False,False,False,False,False,True,False,False
-0.13685808193856605,1.5649712434003955,-1.2563139204510683,-1.186204989734054,0,6,1.2400115299967103,5,1.2857652561929134,1,0,False,False,False,False,False,False,True,False,False
-1.707131842069994,-0.5904799857119846,1.874296397144417,2.4817692906973607,13,6,1.045222476726058,4,-0.3548590452835678,8,0,False,True,False,False,False,False,False,False,False
-1.707131842069994,0.6733982349948202,-0.47366134105219687,-1.007279415078863,6,6,-0.006638410935463857,4,0.8180571770802627,1,0,False,False,False,False,False,False,True,False,False
1.2589408159560365,1.4767936931185255,-1.2563139204510683,-1.1563840606248557,2,6,-0.2793430855143769,4,1.2459757640373272,6,0,False,False,False,False,False,False,True,False,False
-0.660282668649042,0.38927057297546097,-0.47366134105219687,0.036453103743084254,9,6,0.9283490447636668,4,0.6280421535218793,2,0,False,True,False,False,False,False,False,False,False
-1.8816067043068192,-0.45331490749574216,0.3089912383466744,-0.5897864075500842,3,6,-0.9805836772887249,1,-0.16739650202479608,4,0,True,False,False,False,False,False,False,False,False
2.4802648516138137,0.8105633132110626,-1.2563139204510683,-0.9178166277512676,0,6,0.5777287488764927,4,0.901181020676341,8,1,False,True,False,False,False,False,False,False,False
-1.8816067043068192,-0.7080500527544781,-0.47366134105219687,0.2750205366166722,4,6,-0.902668055980464,3,-0.5387401490011535,4,0,False,True,False,False,False,False,False,False,False
1.607890540429687,-1.3056978935538197,-0.47366134105219687,-0.7687119822052751,1,6,0.8114756128012753,3,-2.3224805978581817,2,1,False,True,False,False,False,False,False,False,False
1.607890540429687,-1.1881278265113264,-1.2563139204510683,-0.9178166277512676,1,6,-0.8637102453263336,3,-1.744315516192465,5,0,False,True,False,False,False,False,False,False,False
-0.31133294417539137,-0.6982525471676035,-1.2563139204510683,-0.5599654784408856,0,6,1.0062646660719277,3,-0.5224433584767779,6,1,False,False,False,False,False,False,False,True,False
1.4334156781928618,-0.512099941016989,0.3089912383466744,-0.02318875447531274,6,6,-1.5649508371006815,2,-0.2446352159482409,4,1,False,False,False,False,False,False,False,False,False
0.9099910914823859,-0.8844051533182182,1.0916438177455456,-0.02318875447531274,6,6,-0.2793430855143769,2,-0.8708354287005626,5,0,False,False,False,False,False,False,True,False,False
-0.13685808193856605,-1.3840779382488155,0.3089912383466744,-0.11265154180290822,6,6,-1.2532883518676379,3,-2.911097818715498,5,0,False,False,False,False,False,False,False,False,False
0.21209164253508458,-0.5414924577776122,-0.47366134105219687,0.24519960750747372,10,6,-1.4870352157924205,2,-0.2849423684297165,4,1,False,False,False,False,False,True,False,False,False
-0.660282668649042,1.6237562769216423,-0.47366134105219687,-1.0371003441880615,0,6,-0.6689211920556813,3,1.3116668861583878,2,1,False,False,False,False,False,False,False,False,True
-0.31133294417539137,-0.3357448404532487,-0.47366134105219687,-1.126563131515657,0,6,0.07127721037279702,4,-0.024814492288357765,6,0,False,False,False,False,False,False,True,False,False
0.03761678029825927,0.5460306623654523,-0.47366134105219687,-0.2915771164580992,12,6,-0.2793430855143769,1,0.7361024903031957,6,1,False,False,False,False,False,False,True,False,False
1.0844659537192112,1.0848934696435473,1.0916438177455456,1.7064251338582,9,6,-0.08455403224372474,2,1.053739061542611,2,1,False,True,False,False,False,False,False,False,False
-0.660282668649042,-0.5023024354301144,0.3089912383466744,0.24519960750747372,4,6,-0.2403852748602465,1,-0.2314574816324678,1,0,False,False,False,False,True,False,False,False,False
0.03761678029825927,-0.9529876924263394,-1.2563139204510683,0.24519960750747372,12,6,-1.3701617838300293,1,-1.0252279810364753,7,0,False,False,False,False,False,True,False,False,False
-0.660282668649042,0.2031179668248463,1.0916438177455456,0.3346623948350692,6,6,-1.603908647754812,2,0.4876300535235215,5,0,False,False,False,False,True,False,False,False,False
1.0844659537192112,0.7615757852766902,0.3089912383466744,0.8714391188006422,8,6,0.6556443701847536,5,0.8720665593046775,1,0,False,True,False,False,False,False,False,False,False
0.03761678029825927,0.24230798917234414,-1.2563139204510683,-1.4247724226076421,0,6,-0.6689211920556813,3,0.5184036856097667,4,1,False,False,False,False,False,False,False,False,True
0.3865665047719099,2.848444475280949,1.0916438177455456,1.1398274807834285,10,6,-0.35725870682263783,5,1.763353167747493,2,1,False,False,False,False,False,False,True,False,False
0.03761678029825927,-0.44351740190886774,-0.47366134105219687,0.15573682017987825,2,6,1.9022943111169277,4,-0.15493431084145182,2,0,False,False,False,False,False,False,True,False,False
0.3865665047719099,-0.5904799857119846,-0.47366134105219687,-0.8283538404236721,6,6,1.0062646660719277,6,-0.3548590452835678,6,0,False,False,False,False,False,False,True,False,False
1.0844659537192112,0.6831957405816946,1.874296397144417,1.7958879211857954,10,6,0.4608553169141014,4,0.8241638954133435,2,1,False,False,False,False,False,False,True,False,False
1.4334156781928618,0.5460306623654523,-0.47366134105219687,0.30484146572587073,6,6,-2.032444564950247,1,0.7361024903031957,7,0,True,False,False,False,False,False,False,False,False
0.5610413670087352,-0.26716230134512753,0.3089912383466744,-0.2319352582397022,8,6,0.30502407429757966,3,0.052013709565456326,2,0,False,True,False,False,False,False,False,False,False
-0.13685808193856605,-0.5610874689513612,-1.2563139204510683,-0.2021143291305037,3,6,-0.5910055707474204,2,-0.31248454107410345,5,0,False,False,False,False,False,False,False,False,True
0.9099910914823859,-0.6982525471676035,0.3089912383466744,0.48376704038106166,4,6,0.38293969560584057,4,-0.5224433584767779,2,1,True,False,False,False,False,False,False,False,False
-1.183707255359518,0.7419807741029414,1.0916438177455456,1.4976786300938105,16,6,2.369788038966493,3,0.8602462058059293,3,1,False,False,False,False,False,False,False,True,False
-0.8347575308858673,-0.5904799857119846,-0.47366134105219687,0.036453103743084254,7,6,0.11023502102692746,5,-0.3548590452835678,8,1,False,True,False,False,False,False,False,False,False
-0.13685808193856605,-0.815822614210097,-1.2563139204510683,-0.9178166277512676,0,6,2.369788038966493,6,-0.7320210347955439,1,0,False,True,False,False,False,False,False,False,False
-1.183707255359518,1.9862639836359972,2.6569489765432883,1.4380367718754135,14,6,-0.5130899494391595,3,1.4614511598014521,1,0,False,False,False,False,False,False,False,True,False
-1.8816067043068192,1.0750959640566728,-1.2563139204510683,-0.8581747695328706,0,6,0.03231939971866658,5,1.0485718407428288,2,1,False,True,False,False,False,False,False,False,False
-1.8816067043068192,1.466996187531651,-0.47366134105219687,0.5434088985994587,16,6,-0.3962165174767683,4,1.2414828963409923,2,1,False,False,False,False,False,False,False,True,False
-1.5326569798331686,0.16392794447734851,0.3089912383466744,0.036453103743084254,7,6,-1.3701617838300293,2,0.4561529635618233,5,1,False,True,False,False,False,False,False,False,False
-1.0092323931226925,3.3971047881459184,0.3089912383466744,1.1994693390018256,11,6,1.2010537193425799,6,1.925890051002739,1,1,False,False,False,False,False,False,False,True,False
-0.660282668649042,1.3984136484235299,-1.2563139204510683,-1.4247724226076421,0,6,1.6295896365380147,5,1.2096155599042206,3,0,False,False,False,False,False,False,True,False,False
0.03761678029825927,-1.0411652427082094,-0.47366134105219687,-1.305488706170848,2,6,-0.08455403224372474,3,-1.2531517451061938,2,0,False,False,False,False,False,False,False,True,False
-0.48580780641221666,-0.8746076477313438,-1.2563139204510683,-0.7090701239868782,0,6,0.9283490447636668,3,-0.8501273282830314,6,0,False,False,False,False,False,False,True,False,False
0.7355162292455605,0.04635787743485503,-1.2563139204510683,0.5135879694902602,3,6,0.03231939971866658,3,0.35715973922484895,1,1,False,True,False,False,False,False,False,False,False
-0.13685808193856605,-0.5316949521907378,0.3089912383466744,0.6626926150362527,17,6,1.1231380980343189,5,-0.2713751382190057,6,1,False,True,False,False,False,False,False,False,False
0.03761678029825927,-1.266507871206322,-0.47366134105219687,-0.17229340002130522,8,6,-1.8376555116795945,2,-2.101678710831266,5,0,False,False,False,False,False,False,False,False,False
-0.31133294417539137,0.22271297799859524,0.3089912383466744,1.7064251338582,11,6,-1.7986977010254641,4,0.5031028312214499,6,0,False,False,False,False,False,False,False,False,False
-1.707131842069994,-1.2567103656194476,1.0916438177455456,2.1835599996053756,22,6,-0.2793430855143769,4,-2.051598183561151,6,1,True,False,False,False,False,False,False,False,False
-1.0092323931226925,0.22271297799859524,0.3089912383466744,1.0801856225650317,8,6,0.11023502102692746,4,0.5031028312214499,6,1,False,False,False,False,False,False,False,False,True
0.03761678029825927,1.9372764557016249,1.0916438177455456,0.9907228352374361,11,6,0.7335599914930145,5,1.4421372004570603,6,0,False,True,False,False,False,False,False,False,False
0.3865665047719099,-0.5806824801251101,1.874296397144417,1.8555297794041925,21,6,-1.4870352157924205,1,-0.340588837505201,4,1,False,False,False,False,False,True,False,False,False
-0.660282668649042,-0.815822614210097,-0.47366134105219687,-0.17229340002130522,4,6,0.07127721037279702,2,-0.7320210347955439,2,1,False,False,False,False,False,False,False,True,False
1.0844659537192112,0.10514291095610177,-0.47366134105219687,0.21537867839827524,8,6,-1.0584992985969857,5,0.40754570349907226,5,1,True,False,False,False,False,False,False,False,False
0.03761678029825927,-0.17898475106325742,-1.2563139204510683,-0.8283538404236721,6,6,0.5777287488764927,4,0.14488458363535497,2,1,False,False,False,False,False,False,False,True,False
-0.31133294417539137,2.956217036736568,-0.47366134105219687,-1.126563131515657,8,6,-0.8637102453263336,1,1.7968303744292833,8,1,False,False,False,False,False,False,True,False,False
0.03761678029825927,0.21291547241172076,-0.47366134105219687,0.6328716859270541,8,6,-1.2143305412135075,3,0.4953881739161519,6,0,False,True,False,False,False,False,False,False,False
-0.660282668649042,0.28149801151984194,0.3089912383466744,-0.4406817620040917,7,6,1.4737583939214929,4,0.5485046158343135,6,0,False,False,False,False,False,False,True,False,False
0.03761678029825927,3.0150020702578146,-1.2563139204510683,-0.9774584859696646,10,6,0.694602180838884,3,1.8147533527394681,9,0,False,True,False,False,False,False,False,False,False
4.0505386117452415,-1.3252929047275688,0.3089912383466744,-1.2458468479524512,11,6,-1.7207820797172033,3,-2.4477544428682303,4,0,False,False,False,False,False,True,False,False,False
0.21209164253508458,1.0261084361223005,-0.47366134105219687,0.09609496196148125,9,6,-0.47413213878502913,2,1.0224408341253088,2,1,False,False,False,False,False,False,True,False,False
-0.31133294417539137,0.5460306623654523,-0.47366134105219687,0.3644833239442677,8,6,-0.7468368133639423,2,0.7361024903031957,5,0,True,False,False,False,False,False,False,False,False
1.4334156781928618,-0.14959223430263408,0.3089912383466744,0.6626926150362527,14,6,0.6556443701847536,2,0.17449997725240166,6,1,False,True,False,False,False,False,False,False,False
0.3865665047719099,0.8497533355585604,0.3089912383466744,-0.3213980455672977,9,6,1.5516740152297537,4,0.9240373582887288,1,0,False,False,False,False,False,False,True,False,False
2.6547397138506392,-0.2965548181057509,0.3089912383466744,0.18555774928907673,9,6,-1.331203973175899,2,0.019610738625305664,6,0,False,False,False,False,False,True,False,False,False
-1.3581821175963433,1.2024635366860408,-0.47366134105219687,0.3644833239442677,5,6,0.4608553169141014,5,1.1142790401847764,6,1,False,True,False,False,False,False,False,False,False
-0.8347575308858673,0.22271297799859524,-0.47366134105219687,-0.17229340002130522,6,6,-1.5649508371006815,5,0.5031028312214499,5,0,False,False,False,False,False,False,False,False,True
0.7355162292455605,0.8007658076241881,-0.47366134105219687,0.48376704038106166,7,6,-0.8637102453263336,3,0.8954071643040282,5,1,True,False,False,False,False,False,False,False,False
0.9099910914823859,-0.5218974466038634,1.0916438177455456,0.15573682017987825,16,6,0.8114756128012753,4,-0.2579402733400024,2,0,False,False,False,False,False,False,False,True,False
-0.8347575308858673,1.3494261204891576,-0.47366134105219687,0.006632174633885757,0,6,1.5516740152297537,4,1.1863930411483385,9,1,False,False,False,False,False,False,False,True,False
-0.48580780641221666,0.8497533355585604,2.6569489765432883,2.6308739362433533,23,6,0.1491928316810579,2,0.9240373582887288,2,0,False,True,False,False,False,False,False,False,False
-0.660282668649042,-0.8844051533182182,-1.2563139204510683,-0.5599654784408856,8,6,0.07127721037279702,3,-0.8708354287005626,2,1,True,False,False,False,False,False,False,False,False
0.21209164253508458,1.9078839389410016,0.3089912383466744,-0.7090701239868782,8,6,0.38293969560584057,4,1.4304174469311353,2,0,False,False,False,False,False,False,True,False,False
-0.13685808193856605,-0.8060251086232226,-1.2563139204510683,-0.7687119822052751,0,6,1.2010537193425799,4,-0.7132851984679097,6,0,False,False,False,False,False,False,True,False,False
-0.48580780641221666,0.13453542771672514,0.3089912383466744,-0.3810399037856947,2,6,0.7725178021471449,4,0.4320637884567608,2,0,False,True,False,False,False,False,False,False,False
-0.660282668649042,-0.7374425695151013,0.3089912383466744,0.6328716859270541,11,6,-0.2403852748602465,4,-0.588820676271268,6,1,False,False,False,False,False,False,False,True,False
0.03761678029825927,-0.45331490749574216,-1.2563139204510683,-1.4247724226076421,0,6,0.4608553169141014,4,-0.16739650202479608,6,1,False,False,False,False,False,False,False,True,False
-1.8816067043068192,-0.6982525471676035,-1.2563139204510683,-1.007279415078863,0,6,0.38293969560584057,4,-0.5224433584767779,1,0,False,False,False,False,False,False,False,True,False
2.305789989376988,2.0352515115703693,0.3089912383466744,0.9012600479098406,13,6,-1.2922461625217683,3,1.480497974201251,2,1,False,False,False,False,False,False,False,False,True
1.7823654026665123,0.28149801151984194,1.0916438177455456,0.9310809770190391,23,6,-0.3962165174767683,2,0.5485046158343135,6,0,False,True,False,False,False,False,False,False,False
-1.183707255359518,-0.6492650192332313,-0.47366134105219687,-1.0371003441880615,0,6,-0.20142746420611607,3,-0.44373263722196177,1,1,False,True,False,False,False,False,False,False,False
0.5610413670087352,0.7419807741029414,1.874296397144417,1.1100065516742301,12,6,1.3568849619591015,4,0.8602462058059293,1,0,False,True,False,False,False,False,False,False,False
1.607890540429687,-0.09080720078138733,-1.2563139204510683,-1.2458468479524512,1,6,-0.9805836772887249,2,0.23188589421479966,4,1,False,False,False,False,False,False,False,False,True
2.131315127140163,-0.3161498292794998,-1.2563139204510683,-0.3810399037856947,3,6,0.42189750625997097,2,-0.002422735068140659,2,1,False,False,False,False,False,False,True,False,False
0.21209164253508458,-0.8942026589050927,0.3089912383466744,-0.3512189746764962,11,6,-1.525993026446551,2,-0.891859695513094,5,1,False,False,False,False,False,False,False,False,False
-0.31133294417539137,-0.7962276030363481,0.3089912383466744,1.0801856225650317,12,6,-0.824752434672203,2,-0.6948008574797353,5,0,False,True,False,False,False,False,False,False,False
-1.3581821175963433,-0.45331490749574216,-1.2563139204510683,-1.4247724226076421,3,6,-0.3183008961685074,3,-0.16739650202479608,1,1,True,False,False,False,False,False,False,False,False
1.4334156781928618,0.5558281679523267,-0.47366134105219687,0.036453103743084254,10,6,0.18815064233518836,4,0.7425827974499012,1,1,False,False,False,False,False,False,False,False,True
0.9099910914823859,-0.8942026589050927,0.3089912383466744,0.06627403285228275,14,6,-1.4870352157924205,1,-0.891859695513094,4,1,False,False,False,False,False,True,False,False,False
-1.5326569798331686,0.4676506176704566,-0.47366134105219687,-0.4406817620040917,7,6,0.6556443701847536,5,0.6831320087145331,2,0,False,True,False,False,False,False,False,False,False
-0.13685808193856605,-0.8452151309707204,-0.47366134105219687,-0.2319352582397022,11,6,0.3439818849517101,2,-0.7898083692589257,6,0,False,False,False,False,False,False,True,False,False
-0.660282668649042,2.9366220255628193,0.3089912383466744,-0.5301445493316872,3,6,0.7335599914930145,6,1.7908038320868735,3,0,False,True,False,False,False,False,False,False,False
-1.0092323931226925,-0.46311241308261664,-1.2563139204510683,-0.8879956986420691,4,6,-0.902668055980464,2,-0.179972504748136,4,1,False,False,False,False,False,False,False,False,True
0.3865665047719099,-0.815822614210097,0.3089912383466744,0.8714391188006422,16,6,1.045222476726058,5,-0.7320210347955439,2,1,False,True,False,False,False,False,False,False,False
0.03761678029825927,-0.03202216726014061,-1.2563139204510683,-0.9178166277512676,0,6,-0.7468368133639423,3,0.2869757494074534,7,0,False,False,False,False,False,False,True,False,False
0.7355162292455605,-0.600277491298859,-1.2563139204510683,-0.2021143291305037,3,6,1.4348005832673625,4,-0.3692786820379775,1,1,False,False,False,False,False,False,False,True,False
-1.0092323931226925,0.09534540536922731,-1.2563139204510683,-1.2458468479524512,3,6,0.9673068554177972,3,0.39927503162604266,2,1,False,False,False,False,False,False,False,True,False
1.2589408159560365,-1.2469128600325732,-0.47366134105219687,-0.9476375568604661,8,6,-0.20142746420611607,3,-2.0032752349946863,4,1,False,False,False,False,False,False,False,False,True
0.03761678029825927,0.6733982349948202,1.0916438177455456,0.12591589107067974,6,6,-2.032444564950247,3,0.8180571770802627,5,1,False,False,False,False,False,False,False,False,True
0.9099910914823859,0.2031179668248463,-1.2563139204510683,-1.186204989734054,13,6,0.4608553169141014,4,0.4876300535235215,6,1,False,False,False,False,False,False,True,False,False
-1.5326569798331686,-1.031367737121335,-0.47366134105219687,-0.6792491948776797,0,6,-1.7207820797172033,3,-1.225882285152544,5,1,False,False,False,False,False,True,False,False,False
-0.8347575308858673,-0.3651373572138721,-1.2563139204510683,-0.9774584859696646,8,6,-0.5910055707474204,5,-0.05909998262951051,6,1,False,True,False,False,False,False,False,False,False
0.5610413670087352,-0.2573647957582531,1.0916438177455456,0.09609496196148125,17,6,-1.0974571092511163,2,0.06264745142044481,5,1,False,False,False,False,False,False,True,False,False
-0.660282668649042,1.721731332790387,1.874296397144417,0.9907228352374361,10,6,0.9673068554177972,5,1.3537821785595803,6,0,False,True,False,False,False,False,False,False,False
0.3865665047719099,1.682541310442889,1.0916438177455456,0.8416181896914436,3,6,-0.7078790027098117,3,1.337090304765426,1,0,False,False,False,False,False,False,False,False,True
-0.31133294417539137,-0.8256201197969715,2.6569489765432883,2.4817692906973607,16,6,1.395842772613232,6,-0.7510153045906475,2,0,False,False,False,False,False,False,False,True,False
0.7355162292455605,-0.619872502472608,1.0916438177455456,-0.02318875447531274,10,6,-1.8376555116795945,2,-0.3985789943752203,5,0,False,False,False,False,False,False,False,False,False
-0.31133294417539137,1.6041612657478934,-0.47366134105219687,-0.3512189746764962,9,6,-0.08455403224372474,4,1.3030870283257363,1,1,False,True,False,False,False,False,False,False,False
-0.8347575308858673,-0.923595175665716,1.0916438177455456,1.766066992076597,5,6,-0.9416258666345945,2,-0.9569298820016794,6,1,True,False,False,False,False,False,False,False,False
-0.13685808193856605,1.1926660310991664,0.3089912383466744,-1.0967422024064586,3,6,-0.7468368133639423,3,1.1093344649355803,1,1,False,True,False,False,False,False,False,False,False
-0.8347575308858673,0.39906807856233545,1.0916438177455456,1.3783949136570166,18,6,-1.603908647754812,1,0.6350501214576345,4,0,False,False,False,False,True,False,False,False,False
-0.660282668649042,2.025454005983495,-1.2563139204510683,-0.1424724709121067,11,6,0.8114756128012753,6,1.476709628683059,6,1,False,False,False,False,False,False,False,True,False
-1.8816067043068192,-0.23776978458450418,-0.47366134105219687,-0.4705026911132902,0,6,0.11023502102692746,2,0.08367171823297616,2,1,False,False,False,False,True,False,False,False,False
1.4334156781928618,-0.6688600304069802,-0.47366134105219687,-0.6494282657684811,5,6,0.18815064233518836,4,-0.47467916939348176,1,1,False,True,False,False,False,False,False,False,False
1.607890540429687,0.6244107070604479,-1.2563139204510683,-1.0371003441880615,1,6,1.7075052578462755,5,0.7871106449087427,1,1,False,False,False,False,False,False,True,False,False
-0.48580780641221666,0.3402830450410887,-1.2563139204510683,-0.02318875447531274,5,6,-0.16246965355198562,3,0.5924571572290916,8,1,False,True,False,False,False,False,False,False,False
0.3865665047719099,3.0345970814315635,-0.47366134105219687,0.30484146572587073,5,6,-0.824752434672203,3,1.8206762123105018,1,1,False,True,False,False,False,False,False,False,False
1.7823654026665123,-0.4729099186694911,1.0916438177455456,0.3346623948350692,9,6,0.8893912341095362,2,-0.19266441696418832,1,0,False,False,False,False,False,False,True,False,False
1.4334156781928618,-1.139140298576954,0.3089912383466744,0.9907228352374361,17,6,-1.525993026446551,1,-1.5604344124748795,4,1,False,False,False,False,False,True,False,False,False
-0.660282668649042,-0.03202216726014061,1.874296397144417,1.9449925667317878,12,6,1.941252121771058,5,0.2869757494074534,9,0,False,False,False,False,False,False,True,False,False
-0.660282668649042,0.007167855087357215,-0.47366134105219687,-0.7985329113144737,0,6,-0.4351743281308987,3,0.3225148244754811,6,1,True,False,False,False,False,False,False,False,False
-0.13685808193856605,-0.44351740190886774,-0.47366134105219687,-0.7985329113144737,3,6,0.7725178021471449,4,-0.15493431084145182,2,1,False,True,False,False,False,False,False,False,False
0.5610413670087352,0.3794730673885865,-0.47366134105219687,0.24519960750747372,13,6,2.019167743079319,5,0.6209983390469039,1,0,False,True,False,False,False,False,False,False,False
-1.183707255359518,-0.9529876924263394,-1.2563139204510683,0.6925135441454512,13,6,0.8504334234554058,3,-1.0252279810364753,2,0,False,True,False,False,False,False,False,False,False
0.21209164253508458,-1.2763053767931964,-1.2563139204510683,-1.4247724226076421,2,6,0.8114756128012753,3,-2.1536495098153177,8,0,False,False,False,False,False,False,True,False,False
-1.8816067043068192,-0.6492650192332313,0.3089912383466744,0.2750205366166722,11,6,-0.47413213878502913,5,-0.44373263722196177,7,0,True,False,False,False,False,False,False,False,False
0.9099910914823859,0.01696536067423167,2.6569489765432883,1.348573984547818,2,6,-1.44807740513829,1,0.3312581092593746,6,1,False,False,False,False,False,False,False,False,True
-0.8347575308858673,0.5460306623654523,0.3089912383466744,0.3943042530534662,5,6,-0.629963381401551,4,0.7361024903031957,2,1,False,True,False,False,False,False,False,False,False
0.3865665047719099,0.49704313443108,0.3089912383466744,1.0801856225650317,16,6,0.4608553169141014,3,0.7032354712618129,2,0,False,False,False,False,False,False,True,False,False
0.7355162292455605,-0.03202216726014061,-1.2563139204510683,0.6030507568178557,10,6,0.07127721037279702,2,0.2869757494074534,2,1,False,True,False,False,False,False,False,False,False
0.9099910914823859,1.4376036707710278,1.0916438177455456,0.5732298277086572,3,6,1.5516740152297537,5,1.2279156661302801,1,1,False,True,False,False,False,False,False,False,False
0.3865665047719099,-0.923595175665716,-0.47366134105219687,-0.6792491948776797,0,6,0.9673068554177972,4,-0.9569298820016794,8,0,False,True,False,False,False,False,False,False,False
-0.13685808193856605,0.9477283914273049,-1.2563139204510683,-1.4247724226076421,4,6,0.4998131275682319,4,0.9795716064589786,2,0,False,False,False,False,False,False,True,False,False
-0.8347575308858673,0.43825810090983325,-0.47366134105219687,0.7819763314730467,7,6,0.38293969560584057,4,0.6627307062769666,1,1,False,True,False,False,False,False,False,False,False
-0.48580780641221666,-1.0215702315344606,0.3089912383466744,-0.3512189746764962,7,6,-1.6428664584089423,1,-1.199142362881779,5,1,False,False,True,False,False,False,False,False,False
-0.48580780641221666,0.42846059532295877,0.3089912383466744,0.8416181896914436,1,6,1.2400115299967103,5,0.6558625487608831,2,1,False,False,False,False,False,False,True,False,False
-1.0092323931226925,0.9771209081879283,0.3089912383466744,-0.3512189746764962,6,6,-0.9805836772887249,3,0.9958043609570506,4,0,False,True,False,False,False,False,False,False,False
-1.5326569798331686,1.7315288383772613,-1.2563139204510683,-1.4247724226076421,0,6,-0.20142746420611607,4,1.3579237237185462,6,0,False,False,False,False,False,False,True,False,False
0.7355162292455605,-0.14959223430263408,0.3089912383466744,0.4539461112718632,18,6,-0.7468368133639423,2,0.17449997725240166,7,1,False,False,False,False,True,False,False,False,False
1.0844659537192112,-0.7668350862757247,-0.47366134105219687,0.18555774928907673,0,6,0.30502407429757966,4,-0.6407914752553205,2,1,False,False,False,False,False,False,False,False,True
0.5610413670087352,-1.1881278265113264,0.3089912383466744,-0.3512189746764962,0,6,0.03231939971866658,2,-1.744315516192465,6,0,True,False,False,False,False,False,False,False,False
0.03761678029825927,-0.7766325918625993,2.6569489765432883,2.779978581789346,17,6,-1.525993026446551,1,-0.6585602731110675,4,1,True,False,False,False,False,False,False,False,False
0.9099910914823859,-0.48270742425636554,-0.47366134105219687,0.8714391188006422,18,6,-0.55204776009329,4,-0.20547439517485935,6,1,False,False,False,False,False,False,False,True,False
0.9099910914823859,-1.0901527706425818,0.3089912383466744,1.1100065516742301,17,6,-1.9155711329878555,1,-1.3982397841555005,5,0,False,False,False,False,False,True,False,False,False
-1.3581821175963433,-0.3455423460401232,0.3089912383466744,0.18555774928907673,10,6,0.2660662636434492,3,-0.03614840587693777,8,1,False,True,False,False,False,False,False,False,False
-1.0092323931226925,-0.943190186839465,-0.47366134105219687,-1.3353096352800466,0,6,-1.3701617838300293,2,-1.002083524848421,7,1,False,False,False,False,True,False,False,False,False
1.0844659537192112,-1.39387544383569,-0.47366134105219687,-1.126563131515657,0,6,-1.4870352157924205,2,-3.0061053304946896,5,1,False,False,False,False,False,True,False,False,False
0.7355162292455605,-1.2861028823800709,-1.2563139204510683,-1.4247724226076421,0,6,-0.7078790027098117,2,-2.2076588920397326,4,0,False,False,False,False,False,True,False,False,False
-0.13685808193856605,3.024799575844689,1.0916438177455456,0.6030507568178557,10,6,0.1491928316810579,5,1.8177179668605417,2,0,False,False,False,False,False,False,True,False,False
-0.31133294417539137,0.7713732908635648,0.3089912383466744,-0.3810399037856947,7,6,-1.0974571092511163,3,0.877938903928167,4,0,False,False,False,False,True,False,False,False,False
-0.660282668649042,-0.6492650192332313,1.874296397144417,1.408215842766215,19,6,-0.35725870682263783,4,-0.44373263722196177,6,0,False,False,False,False,True,False,False,False,False
0.5610413670087352,0.4676506176704566,-1.2563139204510683,-1.4247724226076421,0,6,0.8893912341095362,5,0.6831320087145331,2,0,False,True,False,False,False,False,False,False,False
-1.0092323931226925,0.09534540536922731,0.3089912383466744,-0.5599654784408856,0,6,1.0062646660719277,6,0.39927503162604266,6,1,False,False,False,False,False,False,False,True,False
0.7355162292455605,0.24230798917234414,-1.2563139204510683,-0.9178166277512676,0,6,-0.9805836772887249,4,0.5184036856097667,5,0,False,False,False,False,False,False,True,False,False
-0.660282668649042,-1.1979253320982008,-1.2563139204510683,-0.8879956986420691,9,6,-0.4351743281308987,2,-1.7842331727790024,4,1,False,False,False,False,False,False,False,True,False
0.7355162292455605,-0.7668350862757247,0.3089912383466744,0.4539461112718632,15,6,-1.7597398903713337,1,-0.6407914752553205,5,0,False,False,True,False,False,False,False,False,False
-1.183707255359518,-0.600277491298859,-0.47366134105219687,-0.3512189746764962,10,6,1.1620959086884493,4,-0.3692786820379775,2,1,False,False,False,False,False,False,False,True,False
-0.8347575308858673,-0.5806824801251101,-1.2563139204510683,-1.4247724226076421,0,6,1.0062646660719277,3,-0.340588837505201,6,1,False,False,False,False,False,False,False,True,False
-0.13685808193856605,0.1443329333035996,0.3089912383466744,-0.7388910530960766,0,6,-0.3962165174767683,3,0.4401404258462551,8,0,False,False,False,False,False,False,False,True,False
-1.8816067043068192,1.0261084361223005,-0.47366134105219687,0.15573682017987825,7,6,1.6295896365380147,4,1.0224408341253088,9,0,False,True,False,False,False,False,False,False,False
-0.8347575308858673,-0.6786575359938547,-1.2563139204510683,-0.5897864075500842,3,6,-1.6428664584089423,3,-0.4904172004346891,7,0,False,False,True,False,False,False,False,False,False
-0.31133294417539137,-0.44351740190886774,-1.2563139204510683,-0.9178166277512676,6,6,0.42189750625997097,5,-0.15493431084145182,6,1,False,True,False,False,False,False,False,False,False
-0.660282668649042,1.0848934696435473,0.3089912383466744,0.3644833239442677,5,6,-0.16246965355198562,4,1.053739061542611,2,0,False,False,False,False,False,False,False,True,False
-0.8347575308858673,-0.512099941016989,-0.47366134105219687,0.21537867839827524,5,6,0.07127721037279702,2,-0.2446352159482409,2,0,False,False,False,False,False,False,False,True,False
-1.183707255359518,-0.276959806932002,1.0916438177455456,2.332664645151368,12,6,0.6166865595306232,4,0.04129721402351179,6,1,False,True,False,False,False,False,False,False,False
-1.183707255359518,-0.23776978458450418,0.3089912383466744,-0.5301445493316872,15,6,-0.55204776009329,1,0.08367171823297616,6,0,False,False,False,False,True,False,False,False,False
0.7355162292455605,0.22271297799859524,0.3089912383466744,0.3644833239442677,15,6,-0.629963381401551,3,0.5031028312214499,6,0,False,False,False,False,False,False,True,False,False
1.2589408159560365,-0.6590625248201057,0.3089912383466744,-0.2319352582397022,1,6,0.4998131275682319,3,-0.45911897301738686,1,0,False,False,False,False,False,False,False,True,False
-0.13685808193856605,0.7517782796898158,-1.2563139204510683,-1.3949514934984435,0,6,1.4348005832673625,5,0.8661690653769629,2,1,False,False,False,False,False,False,True,False,False
1.2589408159560365,0.11494041654297622,-1.2563139204510683,-1.2160259188432525,0,6,0.5387709382223623,4,0.4157669979323853,8,1,False,True,False,False,False,False,False,False,False
0.21209164253508458,2.5251267909140918,-1.2563139204510683,-1.4247724226076421,5,6,0.42189750625997097,4,1.6577426181953516,6,0,False,True,False,False,False,False,False,False,False
-0.13685808193856605,-0.3357448404532487,-0.47366134105219687,1.2889321263294211,9,6,-0.3183008961685074,3,-0.024814492288357765,2,1,True,False,False,False,False,False,False,False,False
0.03761678029825927,-0.3259473348663743,1.0916438177455456,0.7223344732546496,10,6,-0.006638410935463857,4,-0.013573101475193741,2,0,False,False,False,False,False,False,True,False,False
0.9099910914823859,-0.7766325918625993,1.0916438177455456,0.18555774928907673,6,6,-0.3962165174767683,2,-0.6585602731110675,5,0,True,False,False,False,False,False,False,False,False
0.5610413670087352,0.8889433579060582,2.6569489765432883,2.422127432478964,15,6,-1.2922461625217683,1,0.9465205144886617,4,1,False,False,False,False,False,False,False,False,True
1.607890540429687,-0.6884550415807291,-0.47366134105219687,-0.2915771164580992,12,6,1.3568849619591015,4,-0.5063371780610029,6,1,False,False,False,False,False,False,True,False,False
-1.0092323931226925,4.2788802909646195,-1.2563139204510683,-0.3512189746764962,9,6,0.1491928316810579,6,2.152560399386309,9,0,False,True,False,False,False,False,False,False,False
0.7355162292455605,-0.7276450639282269,-0.47366134105219687,1.0801856225650317,22,6,-0.824752434672203,5,-0.5719239891016517,5,0,False,False,True,False,False,False,False,False,False
0.3865665047719099,-0.06141468402076397,-0.47366134105219687,0.9012600479098406,9,6,0.4608553169141014,5,0.25970628945380353,2,0,False,False,False,False,False,False,True,False,False
-0.8347575308858673,0.36967556180171207,-1.2563139204510683,-1.0967422024064586,0,6,-0.7078790027098117,4,0.6139183094283378,5,1,False,False,False,False,True,False,False,False,False
0.21209164253508458,-0.2965548181057509,0.3089912383466744,1.9449925667317878,16,6,-0.045596221589594296,4,0.019610738625305664,6,1,True,False,False,False,False,False,False,False,False
-1.8816067043068192,-0.7962276030363481,-0.47366134105219687,-1.1563840606248557,7,6,0.4608553169141014,4,-0.6948008574797353,8,1,False,False,False,False,False,False,True,False,False
-0.48580780641221666,0.026762866261106126,-0.47366134105219687,-0.08283061269370973,4,6,0.7725178021471449,5,0.33994623099611615,2,0,False,False,False,False,False,False,True,False,False
-1.5326569798331686,1.8001113774853825,0.3089912383466744,-0.6792491948776797,0,6,1.395842772613232,6,1.3865709353902995,9,0,False,True,False,False,False,False,False,False,False
-0.31133294417539137,-0.3259473348663743,1.0916438177455456,-0.08283061269370973,16,6,-0.902668055980464,3,-0.013573101475193741,4,1,True,False,False,False,False,False,False,False,False
0.3865665047719099,-0.12999722312888515,0.3089912383466744,-0.3810399037856947,5,6,-0.12351184289785518,4,0.19389554756830313,6,1,False,True,False,False,False,False,False,False,False
0.21209164253508458,-0.09080720078138733,0.3089912383466744,-0.02318875447531274,0,6,0.5777287488764927,4,0.23188589421479966,6,1,False,False,False,False,False,False,True,False,False
0.5610413670087352,0.05615538302172949,0.3089912383466744,1.527499559203009,12,6,1.2789693406508407,3,0.3656864706622696,2,1,False,False,False,False,False,False,False,True,False
0.9099910914823859,0.09534540536922731,0.3089912383466744,0.24519960750747372,2,6,-0.47413213878502913,3,0.39927503162604266,6,1,False,False,False,False,False,False,True,False,False
1.7823654026665123,-0.5904799857119846,0.3089912383466744,0.9310809770190391,4,6,2.6814505241995366,6,-0.3548590452835678,3,0,False,True,False,False,False,False,False,False,False
0.03761678029825927,-0.9040001644919672,0.3089912383466744,-0.17229340002130522,1,6,1.5516740152297537,5,-0.913209932910027,2,0,False,False,False,False,False,False,True,False,False
1.0844659537192112,-1.1881278265113264,-0.47366134105219687,0.7819763314730467,14,6,-2.032444564950247,2,-1.744315516192465,4,1,False,False,False,True,False,False,False,False,False
-1.183707255359518,-0.8942026589050927,0.3089912383466744,1.2591111972202227,13,6,-0.7857946240180727,3,-0.891859695513094,4,1,True,False,False,False,False,False,False,False,False
-0.31133294417539137,-0.051617178433889514,2.6569489765432883,1.7958879211857954,11,6,1.1231380980343189,6,0.2688562415721272,2,1,False,True,False,False,False,False,False,False,False
1.0844659537192112,-1.3252929047275688,-0.47366134105219687,0.18555774928907673,3,6,-0.47413213878502913,3,-2.4477544428682303,6,1,True,False,False,False,False,False,False,False,False
-1.707131842069994,-0.1887822566501319,-0.47366134105219687,-0.2319352582397022,2,6,-0.16246965355198562,1,0.1348695378381167,1,0,False,False,False,False,False,False,False,True,False
1.0844659537192112,-0.2083772678238808,2.6569489765432883,0.7521554023638481,18,6,0.7335599914930145,4,0.11461825040449736,6,1,False,False,False,False,False,False,False,True,False
0.21209164253508458,-0.02222466167326615,-0.47366134105219687,-1.2458468479524512,0,6,1.395842772613232,6,0.29594687382247137,2,1,False,True,False,False,False,False,False,False,False
0.5610413670087352,-0.9921777147738372,-0.47366134105219687,-1.4247724226076421,12,6,0.694602180838884,4,-1.121903648958335,2,0,False,False,False,False,False,False,True,False,False
0.21209164253508458,-0.3063523236926254,1.874296397144417,1.7064251338582,13,6,1.5127162045756233,4,0.008638069196031287,2,0,False,True,False,False,False,False,False,False,False
-1.8816067043068192,-0.2279722789976297,1.0916438177455456,1.467857700984612,16,6,1.6295896365380147,5,0.09406469380928996,2,0,False,False,False,False,False,False,True,False,False
-0.31133294417539137,3.5832573942965333,-0.47366134105219687,-1.4247724226076421,9,6,0.5387709382223623,4,1.9769479810588475,9,0,False,False,False,False,False,False,True,False,False
-0.660282668649042,-0.8648101421444693,-0.47366134105219687,-1.186204989734054,10,6,-1.44807740513829,2,-0.8297260258454636,7,1,False,False,False,False,False,False,False,False,True
-0.660282668649042,-0.6296700080594824,0.3089912383466744,0.7521554023638481,11,6,0.7335599914930145,4,-0.4134663039911042,6,1,False,True,False,False,False,False,False,False,False
0.7355162292455605,1.4571986819447766,-1.2563139204510683,-1.4247724226076421,2,6,0.38293969560584057,5,1.2369753220138666,2,0,False,True,False,False,False,False,False,False,False
-0.13685808193856605,0.15413043889047404,-1.2563139204510683,-1.4247724226076421,0,6,0.11023502102692746,3,0.44816996887253596,8,0,False,True,False,False,False,False,False,False,False
-1.3581821175963433,-0.012427156086391696,-0.47366134105219687,-0.3213980455672977,10,6,0.42189750625997097,5,0.30485993230054503,6,0,False,False,False,False,False,False,True,False,False
-0.8347575308858673,-0.2965548181057509,-0.47366134105219687,0.09609496196148125,13,6,-1.525993026446551,3,0.019610738625305664,5,0,False,False,False,False,False,False,False,False,True
0.5610413670087352,1.6923388160297634,-1.2563139204510683,-0.41086083289489317,12,6,0.8114756128012753,5,1.3412822797754345,2,0,False,False,False,False,False,False,True,False,False
-1.0092323931226925,-0.8354176253838459,-0.47366134105219687,0.18555774928907673,6,6,-1.4870352157924205,1,-0.7702752371100967,6,1,False,False,False,False,False,True,False,False,False
-0.48580780641221666,-0.384732368387621,0.3089912383466744,0.9907228352374361,18,6,-1.2143305412135075,3,-0.08244058762886136,4,1,False,False,False,False,False,False,False,False,False
-1.0092323931226925,-0.5316949521907378,-1.2563139204510683,-0.5897864075500842,2,6,-0.7857946240180727,3,-0.2713751382190057,5,0,True,False,False,False,False,False,False,False,False
1.7823654026665123,0.15413043889047404,-1.2563139204510683,-1.4247724226076421,0,6,-0.3962165174767683,2,0.44816996887253596,2,0,False,True,False,False,False,False,False,False,False
1.0844659537192112,-1.0607602538819585,-1.2563139204510683,-0.6494282657684811,3,6,-1.4870352157924205,2,-1.309366192217106,4,1,False,False,False,False,False,True,False,False,False
-0.8347575308858673,4.837338109416463,-0.47366134105219687,-0.7090701239868782,0,6,0.8504334234554058,5,2.278944412656208,1,0,False,True,False,False,False,False,False,False,False
1.0844659537192112,0.3206880338673398,0.3089912383466744,0.5732298277086572,10,6,-0.7857946240180727,3,0.5779616262517648,6,0,False,False,False,False,True,False,False,False,False
-1.0092323931226925,-0.6394675136463568,0.3089912383466744,-0.5003236202224887,0,6,1.3568849619591015,7,-0.42851631966582654,2,1,False,False,False,False,False,False,True,False,False
-0.660282668649042,-1.1195452874032052,1.874296397144417,2.153739070496177,18,6,2.720408334853667,6,-1.4932472959346916,0,1,False,False,False,False,False,False,False,True,False
0.03761678029825927,-0.6884550415807291,0.3089912383466744,0.3943042530534662,12,6,0.4608553169141014,2,-0.5063371780610029,2,0,False,False,False,False,False,False,True,False,False
-1.3581821175963433,0.2031179668248463,-0.47366134105219687,-0.2319352582397022,4,6,-0.6689211920556813,2,0.4876300535235215,4,0,False,False,False,False,False,False,False,True,False
0.21209164253508458,-0.8746076477313438,-0.47366134105219687,0.9310809770190391,5,6,0.1491928316810579,4,-0.8501273282830314,1,1,False,True,False,False,False,False,False,False,False
-1.0092323931226925,-0.619872502472608,1.874296397144417,1.3187530554386195,10,6,0.6166865595306232,4,-0.3985789943752203,6,1,False,True,False,False,False,False,False,False,False
0.5610413670087352,0.8595508411454348,-0.47366134105219687,-0.8283538404236721,2,6,0.03231939971866658,4,0.929692654645181,2,0,False,False,False,False,False,False,False,True,False
-0.31133294417539137,-0.5708849745382356,-1.2563139204510683,-1.4247724226076421,0,6,-0.006638410935463857,3,-0.32646499341165824,8,1,False,True,False,False,False,False,False,False,False
-1.707131842069994,-0.4043273795613699,1.0916438177455456,-0.11265154180290822,10,6,-0.7857946240180727,1,-0.10618363662241849,4,0,False,False,False,False,False,False,False,False,False
0.03761678029825927,-0.7962276030363481,0.3089912383466744,-0.2021143291305037,5,6,1.2789693406508407,3,-0.6948008574797353,6,1,False,False,False,False,False,False,False,True,False
0.7355162292455605,-1.0019752203607117,0.3089912383466744,0.09609496196148125,10,6,-0.3183008961685074,4,-1.1471715638977271,4,1,False,False,False,False,False,False,False,False,True
-1.0092323931226925,1.7511238495510102,2.6569489765432883,2.8992622982261396,22,6,0.4608553169141014,5,1.366169632952732,2,1,False,False,False,False,False,False,False,True,False
-0.13685808193856605,-0.6394675136463568,-1.2563139204510683,-0.7687119822052751,7,6,0.9673068554177972,4,-0.42851631966582654,6,1,False,False,False,False,False,False,True,False,False
0.21209164253508458,-0.6982525471676035,1.874296397144417,2.034455354059383,18,6,-0.3183008961685074,3,-0.5224433584767779,4,0,False,True,False,False,False,False,False,False,False
-0.13685808193856605,0.05615538302172949,-0.47366134105219687,-0.9774584859696646,0,6,-1.3701617838300293,2,0.3656864706622696,5,0,False,False,False,False,False,False,False,False,True
-1.707131842069994,0.5264356511917033,1.0916438177455456,1.7362460629673986,15,6,-0.3962165174767683,3,0.723049665301071,6,0,False,True,False,False,False,False,False,False,False
-1.8816067043068192,-0.8354176253838459,0.3089912383466744,-0.6494282657684811,4,6,-0.2793430855143769,5,-0.7702752371100967,6,0,False,False,False,False,True,False,False,False,False
-0.660282668649042,-0.5218974466038634,-0.47366134105219687,-0.3810399037856947,4,6,-0.2403852748602465,3,-0.2579402733400024,2,1,False,False,False,False,False,False,False,False,True
1.7823654026665123,2.3781642071109754,2.6569489765432883,2.601053007134155,22,6,-0.55204776009329,6,1.606922728369288,2,1,False,False,False,False,False,False,True,False,False
0.3865665047719099,-0.12999722312888515,1.0916438177455456,1.6766042047490015,17,6,0.11023502102692746,4,0.19389554756830313,6,1,False,False,False,False,False,False,False,True,False
1.4334156781928618,1.6629462992691402,0.3089912383466744,-1.0371003441880615,0,6,1.045222476726058,5,1.328667876507556,2,1,False,False,False,False,False,False,False,True,False
0.5610413670087352,-0.2083772678238808,0.3089912383466744,0.8416181896914436,13,6,1.2400115299967103,5,0.11461825040449736,6,1,False,True,False,False,False,False,False,False,False
0.21209164253508458,-0.44351740190886774,-0.47366134105219687,-0.6792491948776797,3,6,0.8114756128012753,5,-0.15493431084145182,6,1,False,False,False,False,False,False,True,False,False
-1.8816067043068192,1.5747687489872702,-1.2563139204510683,-1.1563840606248557,3,6,0.42189750625997097,4,1.2901161689036704,2,0,False,False,False,False,False,False,False,True,False
-0.660282668649042,-0.6786575359938547,-1.2563139204510683,-1.4247724226076421,2,6,-0.20142746420611607,3,-0.4904172004346891,6,1,False,False,False,False,False,False,False,True,False
-1.183707255359518,0.6636007294079457,-1.2563139204510683,-1.0967422024064586,4,6,-0.5910055707474204,3,0.8119232572394649,2,1,False,False,False,False,False,False,True,False,False
-1.707131842069994,-0.1201997175420107,1.0916438177455456,-0.1424724709121067,12,6,-1.1364149199052467,2,0.2034918423428913,4,1,False,False,False,False,False,False,False,False,True
-1.3581821175963433,-0.619872502472608,-1.2563139204510683,-1.4247724226076421,0,6,-1.7597398903713337,2,-0.3985789943752203,4,0,False,False,True,False,False,False,False,False,False
0.9099910914823859,-1.2175203432719497,-0.47366134105219687,-0.02318875447531274,12,6,-1.876613322333725,1,-1.8677170798435652,4,1,False,False,False,False,False,False,False,False,True
-1.5326569798331686,-1.0803552650557073,-0.47366134105219687,0.24519960750747372,13,6,-0.7078790027098117,1,-1.367973450924643,6,1,False,False,False,False,False,False,False,False,True
0.21209164253508458,0.01696536067423167,-1.2563139204510683,-1.4247724226076421,0,6,0.8893912341095362,5,0.3312581092593746,2,1,False,True,False,False,False,False,False,False,False
-0.48580780641221666,-0.2573647957582531,1.0916438177455456,2.213380928714574,22,6,-0.4351743281308987,4,0.06264745142044481,4,1,False,True,False,False,False,False,False,False,False
-1.3581821175963433,-0.41412488514824436,-1.2563139204510683,-1.4247724226076421,6,6,1.5516740152297537,4,-0.11821046178020403,2,0,False,True,False,False,False,False,False,False,False
0.21209164253508458,1.3690211316629064,-1.2563139204510683,-1.4247724226076421,7,6,0.6166865595306232,4,1.1957290953991666,6,0,False,False,False,False,False,False,False,True,False
0.5610413670087352,1.1142859864041708,1.0916438177455456,0.48376704038106166,6,6,1.2400115299967103,5,1.0691253973380361,2,1,False,True,False,False,False,False,False,False,False
-1.0092323931226925,1.5845662545741446,1.0916438177455456,1.1994693390018256,16,6,1.1231380980343189,3,1.294453377929655,2,1,False,False,False,False,False,False,False,True,False
0.3865665047719099,0.8007658076241881,0.3089912383466744,0.09609496196148125,8,6,0.9283490447636668,4,0.8954071643040282,8,1,False,False,False,False,False,False,True,False,False
-1.3581821175963433,0.5558281679523267,-0.47366134105219687,0.3644833239442677,3,6,0.07127721037279702,4,0.7425827974499012,2,1,False,False,False,False,False,False,False,True,False
2.4802648516138137,-0.2279722789976297,0.3089912383466744,0.8416181896914436,3,6,0.2660662636434492,2,0.09406469380928996,8,0,False,True,False,False,False,False,False,False,False
-1.5326569798331686,0.2521054947592186,0.3089912383466744,-0.02318875447531274,0,6,-0.20142746420611607,1,0.5259908272677123,2,0,False,False,False,False,False,False,False,False,True
-1.3581821175963433,1.4474011763579022,0.3089912383466744,1.646783275639803,19,6,-0.12351184289785518,4,1.2324529444604144,6,0,False,False,False,False,False,False,False,True,False
1.2589408159560365,0.13453542771672514,-0.47366134105219687,-0.4406817620040917,4,6,-1.2532883518676379,3,0.4320637884567608,7,1,False,False,False,False,False,False,False,False,True
1.607890540429687,-1.2959003879669453,-1.2563139204510683,0.4539461112718632,7,6,-1.44807740513829,4,-2.2638733391506447,6,0,False,False,False,False,False,True,False,False,False
0.03761678029825927,-0.9137976700788416,1.0916438177455456,0.5732298277086572,2,6,-1.525993026446551,2,-0.9348964083082332,6,1,False,False,False,False,False,True,False,False,False
-0.31133294417539137,-1.1783303209244518,-1.2563139204510683,-0.8283538404236721,1,6,-0.9805836772887249,1,-1.7055224515241862,4,1,True,False,False,False,False,False,False,False,False
1.2589408159560365,-0.9040001644919672,-1.2563139204510683,0.12591589107067974,9,6,-0.2403852748602465,2,-0.913209932910027,5,0,False,True,False,False,False,False,False,False,False
-0.31133294417539137,-0.3357448404532487,2.6569489765432883,1.3187530554386195,5,6,-0.7078790027098117,2,-0.024814492288357765,6,1,False,False,False,False,False,False,False,False,True
-0.660282668649042,-0.6394675136463568,0.3089912383466744,-0.2319352582397022,9,6,0.6166865595306232,4,-0.42851631966582654,2,1,False,False,False,False,False,False,False,True,False
-1.8816067043068192,-0.5316949521907378,-1.2563139204510683,-0.3512189746764962,9,6,-1.0974571092511163,2,-0.2713751382190057,5,0,False,False,True,False,False,False,False,False,False
-1.707131842069994,-0.9529876924263394,1.0916438177455456,0.15573682017987825,13,6,0.07127721037279702,1,-1.0252279810364753,2,0,False,False,False,False,False,False,True,False,False
0.3865665047719099,1.9568714668753737,-1.2563139204510683,0.2750205366166722,16,6,0.03231939971866658,4,1.4498953208496907,1,0,False,False,False,False,False,False,True,False,False
-1.3581821175963433,-0.9137976700788416,1.0916438177455456,1.1398274807834285,14,6,-1.7207820797172033,1,-0.9348964083082332,5,1,False,False,True,False,False,False,False,False,False
0.21209164253508458,-0.6394675136463568,0.3089912383466744,-0.2319352582397022,6,6,0.8893912341095362,4,-0.42851631966582654,1,1,False,True,False,False,False,False,False,False,False
0.3865665047719099,0.06595288860860395,-0.47366134105219687,-0.6494282657684811,5,6,-1.2922461625217683,4,0.374160729574017,7,0,False,True,False,False,False,False,False,False,False
1.0844659537192112,-0.48270742425636554,0.3089912383466744,1.2591111972202227,8,6,1.5127162045756233,6,-0.20547439517485935,2,0,False,False,False,False,False,False,True,False,False
-1.183707255359518,0.16392794447734851,-0.47366134105219687,-0.7985329113144737,3,6,0.03231939971866658,2,0.4561529635618233,6,0,False,False,False,False,False,False,True,False,False
-1.183707255359518,0.7517782796898158,-0.47366134105219687,-0.2021143291305037,6,6,-1.2922461625217683,3,0.8661690653769629,4,1,True,False,False,False,False,False,False,False,False
1.607890540429687,-0.3455423460401232,1.0916438177455456,2.1835599996053756,20,6,0.9283490447636668,4,-0.03614840587693777,6,0,False,False,False,False,False,False,False,True,False
-0.31133294417539137,0.820360818797937,1.0916438177455456,1.7958879211857954,12,6,0.4608553169141014,4,0.9069307690186567,6,0,False,True,False,False,False,False,False,False,False
-0.31133294417539137,0.13453542771672514,1.874296397144417,1.2889321263294211,17,6,0.18815064233518836,2,0.4320637884567608,6,1,False,False,False,False,False,False,True,False,False
-0.13685808193856605,0.06595288860860395,0.3089912383466744,0.8714391188006422,9,6,-0.08455403224372474,4,0.374160729574017,2,0,False,False,False,False,False,False,True,False,False
0.21209164253508458,0.28149801151984194,1.0916438177455456,1.1696484098926272,21,6,-0.55204776009329,4,0.5485046158343135,6,1,False,True,False,False,False,False,False,False,False
1.2589408159560365,-0.9627851980132138,-1.2563139204510683,-0.2319352582397022,8,6,-1.1364149199052467,3,-1.0487680880611483,5,0,False,False,False,False,False,False,False,True,False
2.4802648516138137,-0.49250492984324,0.3089912383466744,0.006632174633885757,10,6,-0.902668055980464,3,-0.218404656630343,6,0,False,False,False,False,True,False,False,False,False
-0.660282668649042,-0.13979472871575963,0.3089912383466744,0.4241251821626647,9,6,-1.603908647754812,1,0.18423190982344206,5,0,False,False,False,False,False,True,False,False,False
-1.183707255359518,-0.3259473348663743,-0.47366134105219687,-0.17229340002130522,0,6,0.5777287488764927,3,-0.013573101475193741,1,1,False,True,False,False,False,False,False,False,False
0.5610413670087352,1.1044884808172961,-0.47366134105219687,-0.7985329113144737,5,6,-0.20142746420611607,4,1.0640156967541041,6,1,False,False,False,False,False,False,True,False,False
0.3865665047719099,-0.5610874689513612,-0.47366134105219687,-1.4247724226076421,0,6,-1.4870352157924205,2,-0.31248454107410345,4,0,False,False,False,False,True,False,False,False,False
-0.48580780641221666,0.0757503941954784,-1.2563139204510683,-1.4247724226076421,0,6,1.1620959086884493,4,0.3825831578318871,2,0,False,True,False,False,False,False,False,False,False
0.3865665047719099,-0.7864300974494737,0.3089912383466744,-0.3810399037856947,4,6,-1.5649508371006815,1,-0.6765613494066632,5,0,False,False,False,False,True,False,False,False,False
0.03761678029825927,1.2220585478597896,-0.47366134105219687,-0.4406817620040917,16,6,0.1491928316810579,2,1.1241152443439009,2,0,False,True,False,False,False,False,False,False,False
-0.660282668649042,0.6146132014735735,0.3089912383466744,-0.41086083289489317,3,6,-0.006638410935463857,3,0.780836999764454,2,0,False,False,False,False,False,False,True,False,False
-0.48580780641221666,3.083584609365936,-0.47366134105219687,-0.02318875447531274,5,6,-0.55204776009329,4,1.835372859035479,6,1,False,False,False,False,False,False,False,True,False
1.2589408159560365,-0.7668350862757247,-1.2563139204510683,-0.2915771164580992,0,6,-1.2922461625217683,1,-0.6407914752553205,5,1,True,False,False,False,False,False,False,False,False
-0.8347575308858673,2.5251267909140918,1.0916438177455456,1.1696484098926272,13,6,0.7725178021471449,5,1.6577426181953516,3,1,False,True,False,False,False,False,False,False,False
0.03761678029825927,-0.1201997175420107,0.3089912383466744,-0.6494282657684811,1,6,1.5127162045756233,5,0.2034918423428913,2,1,False,False,False,False,False,False,True,False,False
0.9099910914823859,-0.8648101421444693,1.0916438177455456,0.4241251821626647,8,6,-1.525993026446551,2,-0.8297260258454636,5,0,False,False,False,False,False,False,False,False,False
0.7355162292455605,1.359223626076032,1.0916438177455456,-0.17229340002130522,8,6,0.6166865595306232,3,1.191068980199288,1,1,False,False,False,False,False,False,True,False,False
0.03761678029825927,-0.11040221195513625,-0.47366134105219687,-0.41086083289489317,8,6,1.5516740152297537,5,0.21302172624107618,2,1,False,True,False,False,False,False,False,False,False
1.9568402649033378,-0.6786575359938547,0.3089912383466744,-1.0669212732972602,0,6,-1.0974571092511163,1,-0.4904172004346891,5,0,False,False,False,False,False,False,False,False,True
-0.13685808193856605,0.5950181902998245,1.874296397144417,0.18555774928907673,9,6,1.317927151304971,5,0.7682033081478125,6,1,False,False,False,False,False,False,False,True,False
-0.31133294417539137,0.7223857629291924,-1.2563139204510683,0.7521554023638481,6,6,1.5516740152297537,6,0.8483235103111203,0,0,False,False,False,False,False,False,True,False,False
0.21209164253508458,-0.24756729017137863,1.0916438177455456,1.0801856225650317,11,6,0.4608553169141014,4,0.07319970786297861,2,0,False,False,False,False,False,False,True,False,False
1.0844659537192112,-0.3161498292794998,1.874296397144417,1.408215842766215,13,6,0.07127721037279702,4,-0.002422735068140659,6,0,False,False,False,False,False,False,True,False,False
1.0844659537192112,-0.512099941016989,-1.2563139204510683,-0.8283538404236721,3,6,0.30502407429757966,5,-0.2446352159482409,6,1,False,False,False,False,False,False,True,False,False
-0.8347575308858673,0.6831957405816946,-0.47366134105219687,-1.365130564389245,0,6,1.4737583939214929,4,0.8241638954133435,2,1,False,False,False,False,False,False,True,False,False
0.5610413670087352,-0.8844051533182182,-1.2563139204510683,0.036453103743084254,11,6,-0.045596221589594296,5,-0.8708354287005626,2,1,False,False,False,False,True,False,False,False,False
0.9099910914823859,-1.1881278265113264,1.874296397144417,1.229290268111024,6,6,-0.629963381401551,3,-1.744315516192465,6,0,False,False,False,False,False,False,False,False,True
-0.31133294417539137,0.7713732908635648,-1.2563139204510683,-1.4247724226076421,2,6,-1.0584992985969857,3,0.877938903928167,4,1,False,False,True,False,False,False,False,False,False
0.21209164253508458,0.7223857629291924,1.0916438177455456,2.064276283168582,16,6,0.5387709382223623,4,0.8483235103111203,1,0,False,False,False,False,False,False,True,False,False
2.4802648516138137,0.40886558414920987,1.0916438177455456,0.9907228352374361,9,6,0.6556443701847536,2,0.6420226058594353,6,0,False,False,False,False,False,False,True,False,False
1.4334156781928618,-0.8060251086232226,-1.2563139204510683,-0.2915771164580992,13,6,-1.0974571092511163,1,-0.7132851984679097,4,0,True,False,False,False,False,False,False,False,False
1.0844659537192112,-0.8452151309707204,0.3089912383466744,0.21537867839827524,4,6,0.8114756128012753,4,-0.7898083692589257,6,1,False,False,False,False,False,False,False,True,False
1.2589408159560365,-0.02222466167326615,1.0916438177455456,1.825708850294994,28,6,0.42189750625997097,4,0.29594687382247137,1,1,False,True,False,False,False,False,False,False,False
-0.8347575308858673,0.2717005059329675,0.3089912383466744,-0.5003236202224887,4,6,-1.2143305412135075,3,0.5410408429424346,4,1,False,False,False,False,True,False,False,False,False
1.7823654026665123,-0.002629650499517241,-1.2563139204510683,-0.9476375568604661,1,6,-0.9805836772887249,3,0.3137156716782183,4,0,False,False,False,False,True,False,False,False,False
0.21209164253508458,-0.37493486280074656,-0.47366134105219687,-0.9774584859696646,11,6,-2.032444564950247,3,-0.07072083410293639,4,1,True,False,False,False,False,False,False,False,False
0.21209164253508458,0.17372545006422296,1.0916438177455456,0.9310809770190391,11,6,-0.35725870682263783,3,0.46408994649884966,2,0,False,False,False,False,False,False,True,False,False
0.7355162292455605,0.19332046123797186,0.3089912383466744,0.4241251821626647,4,6,-0.3962165174767683,4,0.4798279775400558,2,0,False,False,False,False,False,False,False,True,False
-1.707131842069994,-0.8648101421444693,-0.47366134105219687,-1.305488706170848,0,6,1.1620959086884493,5,-0.8297260258454636,2,1,False,False,False,False,False,False,True,False,False
0.21209164253508458,0.604815695886699,-0.47366134105219687,-0.6494282657684811,0,6,-0.7857946240180727,2,0.7745346421854028,7,0,False,False,False,False,True,False,False,False,False
1.0844659537192112,-0.923595175665716,0.3089912383466744,0.24519960750747372,12,6,-1.0584992985969857,2,-0.9569298820016794,4,0,False,False,False,True,False,False,False,False,False
-1.0092323931226925,-0.276959806932002,1.0916438177455456,-0.02318875447531274,1,6,-0.2793430855143769,2,0.04129721402351179,2,0,False,False,False,False,False,False,False,False,True
0.3865665047719099,-0.600277491298859,-0.47366134105219687,-1.4247724226076421,0,6,-0.35725870682263783,3,-0.3692786820379775,7,0,False,True,False,False,False,False,False,False,False
-0.48580780641221666,0.7419807741029414,0.3089912383466744,-0.6494282657684811,8,6,0.6556443701847536,6,0.8602462058059293,8,0,False,False,False,False,False,False,True,False,False
-0.48580780641221666,-0.3651373572138721,-0.47366134105219687,-1.365130564389245,0,6,0.6166865595306232,3,-0.05909998262951051,2,0,False,True,False,False,False,False,False,False,False
-0.13685808193856605,3.1815596652346803,-0.47366134105219687,-0.3810399037856947,4,6,0.3439818849517101,6,1.8643038123609528,2,0,False,True,False,False,False,False,False,False,False
0.21209164253508458,-0.815822614210097,0.3089912383466744,0.4241251821626647,5,6,-1.4870352157924205,3,-0.7320210347955439,4,1,False,False,False,False,False,True,False,False,False
0.03761678029825927,1.3102360981416599,1.874296397144417,0.7521554023638481,11,6,1.824378689808667,3,1.167528873174615,3,0,False,True,False,False,False,False,False,False,False
-0.48580780641221666,-0.28675731251887643,-0.47366134105219687,0.9012600479098406,5,6,-0.9805836772887249,2,0.03049666667775276,6,0,False,False,False,False,False,False,True,False,False
0.5610413670087352,-0.49250492984324,0.3089912383466744,0.4539461112718632,10,6,-0.629963381401551,3,-0.218404656630343,5,1,True,False,False,False,False,False,False,False,False
0.5610413670087352,0.8007658076241881,-0.47366134105219687,0.6626926150362527,6,6,0.8893912341095362,3,0.8954071643040282,2,1,False,True,False,False,False,False,False,False,False
-0.48580780641221666,-0.5610874689513612,0.3089912383466744,1.348573984547818,12,6,-1.175372730559377,2,-0.31248454107410345,4,1,True,False,False,False,False,False,False,False,False
-0.31133294417539137,0.3598780562148376,0.3089912383466744,-0.7090701239868782,7,6,1.746463068500406,6,0.6068016903469649,3,0,False,False,False,False,False,False,True,False,False
0.03761678029825927,0.5068406400179545,1.0916438177455456,0.6626926150362527,18,6,1.4348005832673625,6,0.7098719309852979,1,1,False,True,False,False,False,False,False,False,False
0.5610413670087352,-0.5512899633644868,-0.47366134105219687,-0.7388910530960766,0,6,-0.08455403224372474,3,-0.2986445981726544,6,0,False,False,False,False,False,False,False,False,True
-0.660282668649042,0.47744812325733105,0.3089912383466744,0.006632174633885757,12,6,-0.2793430855143769,2,0.6898658252005728,6,0,False,True,False,False,False,False,False,False,False
-0.13685808193856605,2.495734274153469,-1.2563139204510683,-0.41086083289489317,0,6,0.694602180838884,4,1.6477275723981135,6,0,False,True,False,False,False,False,False,False,False
1.9568402649033378,-0.41412488514824436,-0.47366134105219687,-1.126563131515657,0,6,-1.7597398903713337,3,-0.11821046178020403,4,1,False,False,True,False,False,False,False,False,False
-0.31133294417539137,-1.0019752203607117,-0.47366134105219687,-0.7985329113144737,0,6,0.4998131275682319,6,-1.1471715638977271,2,1,False,True,False,False,False,False,False,False,False
-1.0092323931226925,-0.7080500527544781,-0.47366134105219687,0.7819763314730467,29,6,-1.6818242690630727,1,-0.5387401490011535,5,0,False,False,False,False,False,False,False,False,True
-0.13685808193856605,-0.8354176253838459,-0.47366134105219687,-0.11265154180290822,17,6,1.941252121771058,4,-0.7702752371100967,6,1,False,False,False,False,False,False,True,False,False
0.5610413670087352,-1.1783303209244518,-1.2563139204510683,-0.05300968358451123,9,6,0.5777287488764927,3,-1.7055224515241862,6,1,False,True,False,False,False,False,False,False,False
0.21209164253508458,0.36967556180171207,-1.2563139204510683,0.48376704038106166,14,6,1.0841802873801885,5,0.6139183094283378,2,0,False,True,False,False,False,False,False,False,False
1.4334156781928618,-0.5708849745382356,-0.47366134105219687,-0.08283061269370973,3,6,-0.9805836772887249,3,-0.32646499341165824,4,1,False,False,False,True,False,False,False,False,False
1.2589408159560365,0.5754231791260757,-1.2563139204510683,-0.7985329113144737,0,6,-0.08455403224372474,4,0.7554526362412216,2,0,False,False,False,False,False,False,False,True,False
0.5610413670087352,-0.24756729017137863,-0.47366134105219687,-0.3213980455672977,9,6,-0.2793430855143769,3,0.07319970786297861,6,0,False,False,False,False,False,False,True,False,False
0.21209164253508458,1.4180086595972787,1.0916438177455456,1.2889321263294211,8,6,0.2660662636434492,5,1.218796012088489,6,0,False,False,False,False,False,False,False,True,False
0.03761678029825927,1.5747687489872702,-0.47366134105219687,-0.17229340002130522,11,6,-0.7857946240180727,3,1.2901161689036704,1,1,False,False,False,False,False,False,False,False,True
0.03761678029825927,-0.8844051533182182,-1.2563139204510683,-0.5599654784408856,0,6,1.4737583939214929,3,-0.8708354287005626,6,1,False,False,False,False,False,False,True,False,False
-1.707131842069994,0.28149801151984194,1.874296397144417,1.3783949136570166,12,6,-0.7857946240180727,3,0.5485046158343135,5,1,False,False,False,False,False,False,False,False,True
-0.48580780641221666,-0.28675731251887643,-0.47366134105219687,-0.41086083289489317,0,6,1.2010537193425799,6,0.03049666667775276,2,1,False,False,False,False,False,False,True,False,False
0.03761678029825927,2.417354229458473,-0.47366134105219687,-0.4705026911132902,9,6,0.8504334234554058,3,1.620659128827183,1,1,False,False,False,False,False,False,True,False,False
0.21209164253508458,-0.051617178433889514,-0.47366134105219687,0.09609496196148125,0,6,0.2660662636434492,2,0.2688562415721272,2,0,False,True,False,False,False,False,False,False,False
0.5610413670087352,0.4676506176704566,0.3089912383466744,0.06627403285228275,9,6,0.3439818849517101,4,0.6831320087145331,6,1,False,False,False,False,False,False,False,False,True
-0.31133294417539137,-1.3252929047275688,0.3089912383466744,-0.6494282657684811,2,6,0.4608553169141014,2,-2.4477544428682303,2,0,False,False,False,False,False,False,False,True,False
-0.31133294417539137,0.8105633132110626,-0.47366134105219687,-0.9178166277512676,11,6,-1.2922461625217683,1,0.901181020676341,4,0,False,True,False,False,False,False,False,False,False
0.7355162292455605,-1.1685328153375774,1.874296397144417,2.4519483615881623,16,6,0.3439818849517101,4,-1.6677923454014492,8,0,False,True,False,False,False,False,False,False,False
0.5610413670087352,-0.002629650499517241,-1.2563139204510683,0.24519960750747372,7,6,0.07127721037279702,3,0.3137156716782183,6,0,False,False,False,False,False,False,False,True,False
-0.13685808193856605,-0.3259473348663743,-1.2563139204510683,-0.2021143291305037,1,6,0.2660662636434492,3,-0.013573101475193741,6,0,False,False,False,False,False,False,False,True,False
-0.31133294417539137,1.2220585478597896,1.0916438177455456,1.408215842766215,24,6,-0.7078790027098117,3,1.1241152443439009,8,1,False,False,False,False,False,False,False,True,False
-1.183707255359518,0.2521054947592186,-1.2563139204510683,-1.4247724226076421,2,6,-1.2143305412135075,3,0.5259908272677123,7,1,True,False,False,False,False,False,False,False,False
0.03761678029825927,-0.8550126365575949,-1.2563139204510683,-0.6792491948776797,0,6,0.6556443701847536,3,-0.8096225632981838,2,1,False,False,False,False,False,False,True,False,False
-0.13685808193856605,-0.45331490749574216,0.3089912383466744,1.1100065516742301,18,6,-0.20142746420611607,3,-0.16739650202479608,2,0,False,True,False,False,False,False,False,False,False
-0.48580780641221666,-1.3154953991406944,0.3089912383466744,0.9609019061282377,6,6,-1.0195414879428553,4,-2.3836934632605593,5,0,False,False,True,False,False,False,False,False,False
-0.660282668649042,-0.1887822566501319,0.3089912383466744,1.3783949136570166,15,6,-0.47413213878502913,3,0.1348695378381167,5,0,False,False,False,False,False,False,False,False,True
1.0844659537192112,-0.6786575359938547,-0.47366134105219687,-0.6494282657684811,6,6,-1.9155711329878555,2,-0.4904172004346891,4,1,False,False,False,False,False,True,False,False,False
0.5610413670087352,-0.8256201197969715,-0.47366134105219687,-1.3949514934984435,9,6,1.3568849619591015,3,-0.7510153045906475,6,0,False,False,False,False,False,False,True,False,False
-1.183707255359518,0.6342082126473224,-1.2563139204510683,-1.4247724226076421,0,6,-1.0974571092511163,2,0.79335583804986,6,1,False,False,False,False,False,False,False,True,False
0.03761678029825927,-0.21817477341075525,-0.47366134105219687,0.15573682017987825,0,6,0.42189750625997097,4,0.10437981865050744,1,0,False,True,False,False,False,False,False,False,False
-0.660282668649042,0.12473792212985067,0.3089912383466744,-1.4247724226076421,0,6,1.1231380980343189,3,0.4239395010135452,8,1,False,False,False,False,False,False,False,True,False
-0.660282668649042,0.0757503941954784,1.0916438177455456,1.467857700984612,16,6,0.4998131275682319,4,0.3825831578318871,2,1,False,False,False,False,False,False,True,False,False
0.7355162292455605,-0.8060251086232226,0.3089912383466744,-0.6494282657684811,8,6,0.5777287488764927,3,-0.7132851984679097,1,0,False,True,False,False,False,False,False,False,False
0.9099910914823859,-1.3056978935538197,0.3089912383466744,-1.305488706170848,0,6,-0.006638410935463857,3,-2.3224805978581817,4,0,False,True,False,False,False,False,False,False,False
1.9568402649033378,4.004550134532135,-1.2563139204510683,0.21537867839827524,16,6,0.1491928316810579,6,2.085953709715568,2,0,False,True,False,False,False,False,False,False,False
0.21209164253508458,0.7419807741029414,1.0916438177455456,-0.2021143291305037,6,6,1.7854208791545363,5,0.8602462058059293,9,0,False,False,False,False,False,False,False,True,False
-0.8347575308858673,-0.14959223430263408,-0.47366134105219687,-0.3810399037856947,6,6,1.1231380980343189,4,0.17449997725240166,6,1,False,True,False,False,False,False,False,False,False
-1.183707255359518,-1.158735309750703,0.3089912383466744,-1.0967422024064586,0,6,-1.4870352157924205,2,-1.631068496340202,6,0,False,False,False,False,False,True,False,False,False
0.9099910914823859,-0.19857976223700635,-0.47366134105219687,-0.3512189746764962,8,6,-0.7078790027098117,4,0.12478112108807513,6,0,False,False,False,False,True,False,False,False,False
-1.0092323931226925,-0.37493486280074656,-0.47366134105219687,0.15573682017987825,12,6,0.6166865595306232,4,-0.07072083410293639,1,1,False,True,False,False,False,False,False,False,False
0.5610413670087352,-0.5904799857119846,1.0916438177455456,0.7819763314730467,13,6,-2.032444564950247,1,-0.3548590452835678,4,0,False,False,True,False,False,False,False,False,False
-1.8816067043068192,-0.002629650499517241,1.874296397144417,2.064276283168582,17,6,0.38293969560584057,4,0.3137156716782183,2,0,False,True,False,False,False,False,False,False,False
1.7823654026665123,1.2024635366860408,-0.47366134105219687,1.1696484098926272,11,6,1.824378689808667,5,1.1142790401847764,1,0,False,True,False,False,False,False,False,False,False
-1.5326569798331686,-0.24756729017137863,0.3089912383466744,0.30484146572587073,13,6,0.8114756128012753,5,0.07319970786297861,2,0,False,False,False,False,False,False,False,True,False
-1.3581821175963433,0.6831957405816946,-1.2563139204510683,-0.11265154180290822,9,6,1.1231380980343189,5,0.8241638954133435,2,0,False,True,False,False,False,False,False,False,False
0.3865665047719099,-0.4043273795613699,0.3089912383466744,1.9449925667317878,10,6,-1.4091195944841597,1,-0.10618363662241849,6,1,False,False,False,False,False,True,False,False,False
0.21209164253508458,1.5257812210528978,-0.47366134105219687,-0.2915771164580992,11,6,0.8504334234554058,5,1.268222818611757,6,0,False,True,False,False,False,False,False,False,False
-0.660282668649042,1.8588964110066293,1.0916438177455456,1.885350708513391,7,6,0.6166865595306232,4,1.410660110495362,2,0,False,True,False,False,False,False,False,False,False
-0.48580780641221666,-0.7570375806888503,-0.47366134105219687,-0.1424724709121067,0,6,0.8893912341095362,4,-0.6232490376741642,6,0,False,True,False,False,False,False,False,False,False
0.21209164253508458,-0.6492650192332313,1.874296397144417,2.392306503369765,21,6,-0.16246965355198562,3,-0.44373263722196177,1,1,False,False,False,False,True,False,False,False,False
-0.31133294417539137,-0.6100749968857335,-0.47366134105219687,0.006632174633885757,9,6,-0.6689211920556813,2,-0.3838509103740575,5,0,False,False,False,False,False,False,True,False,False
-1.183707255359518,-0.3651373572138721,-0.47366134105219687,-0.9178166277512676,0,6,-1.0584992985969857,5,-0.05909998262951051,5,1,True,False,False,False,False,False,False,False,False
1.4334156781928618,-0.3161498292794998,0.3089912383466744,-0.5301445493316872,10,6,0.22710845298931878,3,-0.002422735068140659,6,1,False,False,False,False,False,False,True,False,False
1.607890540429687,-1.2469128600325732,-0.47366134105219687,-0.8283538404236721,2,6,-0.5910055707474204,3,-2.0032752349946863,6,1,False,False,False,False,False,False,False,False,True
-0.8347575308858673,0.5166381456048289,-1.2563139204510683,-0.6792491948776797,7,6,-0.20142746420611607,3,0.7164765610434196,6,1,False,False,False,False,True,False,False,False,False
-0.13685808193856605,0.6342082126473224,0.3089912383466744,-0.11265154180290822,3,6,0.11023502102692746,2,0.79335583804986,6,1,True,False,False,False,False,False,False,False,False
0.5610413670087352,-0.28675731251887643,-0.47366134105219687,-0.7388910530960766,0,6,-1.44807740513829,2,0.03049666667775276,4,1,True,False,False,False,False,False,False,False,False
0.21209164253508458,-1.2469128600325732,1.0916438177455456,0.006632174633885757,14,6,-1.9934867542961163,3,-2.0032752349946863,6,1,False,False,True,False,False,False,False,False,False
-1.0092323931226925,2.319379173589729,-0.47366134105219687,0.09609496196148125,2,6,0.8893912341095362,5,1.5860577424229765,3,1,False,False,False,False,False,False,False,True,False
-0.48580780641221666,0.1835229556510974,1.0916438177455456,0.4539461112718632,9,6,-1.1364149199052467,2,0.47198144504329875,4,0,False,False,False,False,False,False,False,False,True
-1.8816067043068192,-1.2077228376850753,0.3089912383466744,1.1398274807834285,16,6,1.5127162045756233,5,-1.8253425756341009,1,0,False,False,False,False,False,False,False,True,False
-0.13685808193856605,0.12473792212985067,0.3089912383466744,0.7819763314730467,16,6,1.9802099324251885,7,0.4239395010135452,0,0,False,False,False,False,False,False,True,False,False
-1.8816067043068192,1.1730710199254173,-1.2563139204510683,-1.4247724226076421,0,6,0.4998131275682319,4,1.0993917305688925,6,0,False,True,False,False,False,False,False,False,False
0.3865665047719099,-0.815822614210097,0.3089912383466744,0.30484146572587073,12,6,0.38293969560584057,4,-0.7320210347955439,6,1,False,False,False,False,False,False,False,True,False
-0.13685808193856605,0.4480556064967077,-0.47366134105219687,-0.3512189746764962,5,6,-0.3183008961685074,2,0.6695647785038223,2,1,False,False,False,False,False,False,True,False,False
0.5610413670087352,-0.15938973988950852,0.3089912383466744,0.4539461112718632,15,6,0.4608553169141014,3,0.16469877767461183,6,0,False,True,False,False,False,False,False,False,False
0.21209164253508458,0.04635787743485503,-1.2563139204510683,-0.9774584859696646,0,6,0.9283490447636668,3,0.35715973922484895,2,0,False,False,False,False,False,False,True,False,False
-1.183707255359518,-1.0411652427082094,-0.47366134105219687,-0.2319352582397022,3,6,-0.5130899494391595,3,-1.2531517451061938,4,0,True,False,False,False,False,False,False,False,False
-0.31133294417539137,-0.9725827036000884,-0.47366134105219687,-1.126563131515657,0,6,2.174998985695841,6,-1.0727176087137429,6,1,False,True,False,False,False,False,False,False,False
0.21209164253508458,0.8007658076241881,-0.47366134105219687,0.21537867839827524,9,6,-0.47413213878502913,3,0.8954071643040282,1,1,False,False,False,False,False,False,False,True,False
1.607890540429687,-1.0607602538819585,-1.2563139204510683,-1.4247724226076421,8,6,-0.006638410935463857,3,-1.309366192217106,1,1,False,False,False,False,False,False,False,False,True
1.4334156781928618,-0.14959223430263408,-1.2563139204510683,-1.4247724226076421,0,6,1.0062646660719277,4,0.17449997725240166,1,1,False,False,False,False,False,False,False,True,False
-1.183707255359518,0.38927057297546097,-1.2563139204510683,-1.2458468479524512,0,6,0.07127721037279702,2,0.6280421535218793,8,1,False,False,False,False,False,False,True,False,False
0.3865665047719099,-1.050962748295084,1.874296397144417,0.9907228352374361,20,6,0.7335599914930145,4,-1.2809721403451977,6,0,False,False,False,False,False,False,True,False,False
-1.707131842069994,0.2031179668248463,-1.2563139204510683,-0.9178166277512676,0,6,1.746463068500406,5,0.4876300535235215,9,0,False,False,False,False,False,False,True,False,False
-0.660282668649042,-0.619872502472608,-1.2563139204510683,-0.2915771164580992,13,6,1.2010537193425799,5,-0.3985789943752203,2,1,False,False,False,False,False,False,True,False,False
0.7355162292455605,-0.7374425695151013,-0.47366134105219687,0.2750205366166722,8,6,-0.35725870682263783,3,-0.588820676271268,5,0,False,False,False,False,True,False,False,False,False
-1.707131842069994,-0.619872502472608,-1.2563139204510683,-1.1563840606248557,4,6,1.2789693406508407,3,-0.3985789943752203,2,1,False,False,False,False,False,False,False,True,False
0.21209164253508458,0.7517782796898158,1.0916438177455456,1.0801856225650317,12,6,-0.7078790027098117,3,0.8661690653769629,6,0,True,False,False,False,False,False,False,False,False
0.3865665047719099,0.11494041654297622,1.0916438177455456,1.825708850294994,14,6,1.1620959086884493,6,0.4157669979323853,6,0,False,False,False,False,False,False,False,True,False
0.21209164253508458,1.506186209879149,-1.2563139204510683,-1.0967422024064586,2,6,1.395842772613232,8,1.2593670792340839,1,0,False,False,False,False,False,False,False,True,False
-1.0092323931226925,-1.39387544383569,0.3089912383466744,0.09609496196148125,2,6,-1.954528943641986,1,-3.0061053304946896,4,0,False,False,False,False,False,True,False,False,False
-0.48580780641221666,0.2031179668248463,-0.47366134105219687,-0.7985329113144737,2,6,1.2400115299967103,4,0.4876300535235215,2,1,False,True,False,False,False,False,False,False,False
1.0844659537192112,-0.42392239073511884,-0.47366134105219687,0.8117972605822451,10,6,1.1620959086884493,3,-0.1303432515201953,2,1,False,False,False,False,False,False,False,True,False
2.305789989376988,-1.2959003879669453,-1.2563139204510683,-1.0371003441880615,7,6,0.03231939971866658,2,-2.2638733391506447,2,1,False,True,False,False,False,False,False,False,False
-1.3581821175963433,-0.8550126365575949,-0.47366134105219687,-0.2319352582397022,10,6,0.03231939971866658,2,-0.8096225632981838,2,0,False,False,False,False,False,False,True,False,False
-0.13685808193856605,1.4474011763579022,-1.2563139204510683,-0.4406817620040917,11,6,0.03231939971866658,3,1.2324529444604144,8,0,False,False,False,False,False,False,False,True,False
-0.8347575308858673,-0.5806824801251101,0.3089912383466744,0.9310809770190391,16,6,0.22710845298931878,4,-0.340588837505201,1,1,False,False,False,False,False,False,True,False,False
0.03761678029825927,-0.5316949521907378,0.3089912383466744,0.5732298277086572,12,6,-0.35725870682263783,2,-0.2713751382190057,6,0,False,False,False,False,False,False,True,False,False
-1.8816067043068192,0.5264356511917033,1.0916438177455456,1.1398274807834285,18,6,1.2010537193425799,4,0.723049665301071,2,1,False,False,False,False,False,False,False,True,False
-1.0092323931226925,-0.923595175665716,0.3089912383466744,-0.2021143291305037,7,6,0.9283490447636668,4,-0.9569298820016794,2,0,False,False,False,False,False,False,False,True,False
0.3865665047719099,-0.512099941016989,2.6569489765432883,2.3624855742605666,22,6,0.5777287488764927,4,-0.2446352159482409,2,0,False,False,False,False,False,False,True,False,False
0.21209164253508458,-0.5610874689513612,-0.47366134105219687,-0.5897864075500842,12,6,1.045222476726058,4,-0.31248454107410345,1,0,False,False,False,False,False,False,True,False,False
-0.13685808193856605,-1.050962748295084,1.874296397144417,0.9310809770190391,10,6,1.6295896365380147,5,-1.2809721403451977,2,1,False,False,False,False,False,False,True,False,False
-1.0092323931226925,0.5166381456048289,-1.2563139204510683,-0.7090701239868782,9,6,0.4998131275682319,4,0.7164765610434196,2,1,True,False,False,False,False,False,False,False,False
-0.8347575308858673,-0.7080500527544781,1.0916438177455456,0.4241251821626647,7,6,0.5777287488764927,3,-0.5387401490011535,1,0,False,True,False,False,False,False,False,False,False
0.21209164253508458,2.064644028330993,-1.2563139204510683,-1.4247724226076421,2,6,-0.55204776009329,3,1.4918008781016614,6,1,False,False,False,False,False,False,True,False,False
0.5610413670087352,0.9183358746666815,-1.2563139204510683,-0.7687119822052751,5,6,-0.4351743281308987,3,0.9631452161295688,2,0,False,False,False,False,False,False,True,False,False
0.5610413670087352,1.0065134249485517,-1.2563139204510683,-1.4247724226076421,1,6,0.22710845298931878,4,1.011847991681581,2,1,False,True,False,False,False,False,False,False,False
1.607890540429687,-0.8550126365575949,-1.2563139204510683,-0.41086083289489317,0,6,1.1231380980343189,4,-0.8096225632981838,2,0,False,True,False,False,False,False,False,False,False
-0.13685808193856605,0.5068406400179545,-0.47366134105219687,-0.17229340002130522,10,6,0.2660662636434492,4,0.7098719309852979,6,0,False,False,False,False,False,False,True,False,False
-1.8816067043068192,1.3984136484235299,-0.47366134105219687,-1.4247724226076421,0,6,-0.4351743281308987,4,1.2096155599042206,1,1,False,False,False,False,False,False,False,True,False
1.0844659537192112,-1.0019752203607117,-1.2563139204510683,-1.4247724226076421,0,6,-1.0195414879428553,1,-1.1471715638977271,4,1,False,False,True,False,False,False,False,False,False
2.131315127140163,-0.28675731251887643,-1.2563139204510683,-1.4247724226076421,0,6,0.8893912341095362,4,0.03049666667775276,6,0,False,True,False,False,False,False,False,False,False
-0.660282668649042,-0.13979472871575963,0.3089912383466744,0.7223344732546496,12,6,-0.55204776009329,3,0.18423190982344206,4,0,False,False,False,False,False,False,False,True,False
-1.0092323931226925,0.2717005059329675,-0.47366134105219687,-0.9476375568604661,3,6,0.6556443701847536,5,0.5410408429424346,2,0,False,False,False,False,False,False,False,True,False
0.9099910914823859,-0.07121218960763843,0.3089912383466744,1.0205437643466346,9,6,-0.045596221589594296,4,0.25049513318749494,8,0,False,True,False,False,False,False,False,False,False
0.9099910914823859,0.692993246168569,-0.47366134105219687,-1.4247724226076421,1,6,0.9673068554177972,4,0.830243652429796,2,0,False,False,False,False,False,False,True,False,False
-0.13685808193856605,1.016310930535426,-0.47366134105219687,-0.2915771164580992,8,6,1.1231380980343189,6,1.0171545983539836,2,1,False,True,False,False,False,False,False,False,False
-0.8347575308858673,0.6244107070604479,0.3089912383466744,0.15573682017987825,7,6,-0.9416258666345945,3,0.7871106449087427,7,1,False,True,False,False,False,False,False,False,False
0.03761678029825927,0.5068406400179545,0.3089912383466744,0.30484146572587073,3,6,1.0841802873801885,5,0.7098719309852979,2,0,False,False,False,False,False,False,False,True,False
-0.8347575308858673,1.9274789501147505,-1.2563139204510683,-1.007279415078863,5,6,0.22710845298931878,5,1.4382416880222815,2,0,False,True,False,False,False,False,False,False,False
0.21209164253508458,2.005858994809746,1.0916438177455456,1.3783949136570166,15,6,2.019167743079319,5,1.469101527963777,1,0,False,False,False,False,False,False,False,True,False
-1.0092323931226925,-1.2567103656194476,-0.47366134105219687,0.3943042530534662,17,6,1.2010537193425799,5,-2.051598183561151,1,1,False,False,False,False,False,False,True,False,False
0.5610413670087352,-1.0019752203607117,0.3089912383466744,0.4241251821626647,0,6,-1.175372730559377,1,-1.1471715638977271,4,0,False,False,False,False,False,True,False,False,False
-1.8816067043068192,1.378818637249781,-0.47366134105219687,2.3028437160421698,17,6,0.6166865595306232,6,1.2003734934858945,6,0,False,True,False,False,False,False,False,False,False
0.9099910914823859,-1.0803552650557073,1.0916438177455456,1.0205437643466346,14,6,1.045222476726058,4,-1.367973450924643,8,1,False,True,False,False,False,False,False,False,False
-0.13685808193856605,0.8595508411454348,-0.47366134105219687,-1.0371003441880615,0,6,1.2400115299967103,6,0.929692654645181,2,0,False,True,False,False,False,False,False,False,False
-0.48580780641221666,-0.6786575359938547,2.6569489765432883,2.392306503369765,20,6,-1.175372730559377,4,-0.4904172004346891,6,0,False,False,False,False,False,True,False,False,False
0.3865665047719099,-1.0803552650557073,1.874296397144417,1.467857700984612,10,6,1.3568849619591015,6,-1.367973450924643,2,1,False,False,False,False,False,False,False,True,False
-0.13685808193856605,-0.8942026589050927,-0.47366134105219687,0.5135879694902602,12,6,-0.629963381401551,2,-0.891859695513094,4,0,False,False,False,False,False,False,True,False,False
-0.13685808193856605,-0.1201997175420107,-1.2563139204510683,-0.7985329113144737,3,6,-0.3962165174767683,4,0.2034918423428913,1,1,False,False,False,False,False,False,False,False,True
0.7355162292455605,0.6636007294079457,1.874296397144417,1.9748134958409862,8,6,-0.5910055707474204,4,0.8119232572394649,6,0,False,False,False,False,True,False,False,False,False
-1.8816067043068192,-0.28675731251887643,0.3089912383466744,-0.1424724709121067,6,6,0.6166865595306232,2,0.03049666667775276,6,0,False,True,False,False,False,False,False,False,False
0.3865665047719099,0.2031179668248463,-0.47366134105219687,-1.365130564389245,0,6,0.03231939971866658,3,0.4876300535235215,2,1,False,False,False,False,False,False,True,False,False
-0.48580780641221666,-1.0803552650557073,-0.47366134105219687,1.2591111972202227,8,6,-1.6818242690630727,1,-1.367973450924643,4,0,False,False,False,False,False,True,False,False,False
-1.183707255359518,1.143678503164794,-1.2563139204510683,-1.0967422024064586,0,6,-0.35725870682263783,4,1.0843417148941714,2,1,False,True,False,False,False,False,False,False,False
0.03761678029825927,1.2220585478597896,-0.47366134105219687,0.5135879694902602,6,6,0.03231939971866658,5,1.1241152443439009,2,1,False,True,False,False,False,False,False,False,False
0.03761678029825927,0.05615538302172949,0.3089912383466744,0.15573682017987825,18,6,1.317927151304971,6,0.3656864706622696,1,1,False,True,False,False,False,False,False,False,False
-0.13685808193856605,-0.9627851980132138,0.3089912383466744,0.3644833239442677,5,6,0.6556443701847536,3,-1.0487680880611483,8,0,False,True,False,False,False,False,False,False,False
0.9099910914823859,-0.9529876924263394,-0.47366134105219687,0.5732298277086572,4,6,-2.032444564950247,1,-1.0252279810364753,4,0,False,False,True,False,False,False,False,False,False
1.7823654026665123,0.8497533355585604,-0.47366134105219687,-1.0967422024064586,3,6,0.694602180838884,3,0.9240373582887288,6,0,False,True,False,False,False,False,False,False,False
-0.31133294417539137,1.1730710199254173,1.874296397144417,0.8416181896914436,10,6,0.6556443701847536,4,1.0993917305688925,1,0,False,True,False,False,False,False,False,False,False
0.5610413670087352,1.2024635366860408,1.0916438177455456,1.825708850294994,15,6,-0.9805836772887249,4,1.1142790401847764,2,1,False,False,False,False,False,False,False,False,True
1.0844659537192112,-1.2077228376850753,-0.47366134105219687,-1.2160259188432525,6,6,-1.44807740513829,3,-1.8253425756341009,4,1,True,False,False,False,False,False,False,False,False
1.4334156781928618,0.2717005059329675,-1.2563139204510683,-1.4247724226076421,0,6,1.2010537193425799,4,0.5410408429424346,2,1,False,False,False,False,False,False,True,False,False
0.5610413670087352,2.926824519975945,-1.2563139204510683,-1.4247724226076421,0,6,0.30502407429757966,6,1.7877806415699367,6,1,False,True,False,False,False,False,False,False,False
-0.48580780641221666,-0.17898475106325742,-0.47366134105219687,-0.2915771164580992,8,6,0.38293969560584057,3,0.14488458363535497,8,0,False,False,False,False,False,False,False,True,False
-0.13685808193856605,1.3494261204891576,-0.47366134105219687,-0.5003236202224887,7,6,0.1491928316810579,4,1.1863930411483385,2,1,False,False,False,False,False,False,True,False,False
-1.3581821175963433,2.2018091065472354,-0.47366134105219687,-0.6196073366592827,0,6,1.2789693406508407,5,1.5433547012377506,0,0,False,False,False,False,False,False,False,True,False
2.4802648516138137,1.2514510646204131,1.0916438177455456,0.3346623948350692,18,6,-0.5130899494391595,4,1.1387390567569808,2,0,True,False,False,False,False,False,False,False,False
0.3865665047719099,-0.6688600304069802,1.0916438177455456,2.6606948653525517,20,6,-1.6428664584089423,3,-0.47467916939348176,5,0,False,False,False,False,False,True,False,False,False
0.9099910914823859,-0.14959223430263408,-0.47366134105219687,-1.4247724226076421,0,6,-0.629963381401551,3,0.17449997725240166,5,1,False,False,False,False,False,False,False,False,True
0.3865665047719099,-0.39452987397449546,-1.2563139204510683,-0.9476375568604661,4,6,1.6295896365380147,5,-0.09426094112760951,2,0,False,False,False,False,False,False,True,False,False
0.21209164253508458,-0.48270742425636554,1.0916438177455456,0.2750205366166722,18,6,-1.2532883518676379,4,-0.20547439517485935,5,0,True,False,False,False,False,False,False,False,False
-0.660282668649042,0.06595288860860395,0.3089912383466744,0.7819763314730467,12,6,0.6166865595306232,3,0.374160729574017,8,0,False,False,False,False,False,False,True,False,False
0.21209164253508458,0.2912955171067164,-0.47366134105219687,0.7223344732546496,11,6,0.8893912341095362,4,0.5559281525583185,6,1,False,True,False,False,False,False,False,False,False
-1.0092323931226925,0.3206880338673398,-0.47366134105219687,0.12591589107067974,12,6,0.3439818849517101,3,0.5779616262517648,2,1,False,True,False,False,False,False,False,False,False
-0.660282668649042,-0.051617178433889514,-1.2563139204510683,-1.4247724226076421,6,6,-1.0584992985969857,3,0.2688562415721272,4,0,False,False,False,False,True,False,False,False,False
0.21209164253508458,0.5362331567785779,1.874296397144417,0.5732298277086572,6,6,-0.12351184289785518,4,0.7295915432924971,8,0,False,False,False,False,False,False,True,False,False
1.0844659537192112,-0.051617178433889514,-0.47366134105219687,-0.7687119822052751,1,6,-0.5130899494391595,3,0.2688562415721272,6,1,False,False,False,False,False,False,False,False,True
-0.8347575308858673,1.790313871898508,2.6569489765432883,2.511590219806559,22,6,1.3568849619591015,6,1.3825147830398015,1,1,False,False,False,False,False,False,True,False,False
-1.8816067043068192,0.2521054947592186,-1.2563139204510683,-0.9476375568604661,2,6,-0.5910055707474204,2,0.5259908272677123,6,0,False,False,False,False,False,False,False,False,True
1.0844659537192112,0.8889433579060582,0.3089912383466744,0.8416181896914436,3,6,1.2400115299967103,4,0.9465205144886617,1,0,False,False,False,False,False,False,True,False,False
0.7355162292455605,0.5852206847129501,-0.47366134105219687,0.3644833239442677,8,6,1.2400115299967103,4,0.7618427299693504,2,1,False,False,False,False,False,False,True,False,False
-0.660282668649042,1.5355787266397722,0.3089912383466744,0.48376704038106166,7,6,-0.824752434672203,3,1.2726294230996587,6,0,False,False,False,False,False,False,True,False,False
1.0844659537192112,-0.5806824801251101,0.3089912383466744,1.2591111972202227,4,6,-1.9934867542961163,1,-0.340588837505201,4,0,False,False,False,False,False,False,False,False,False
1.9568402649033378,-1.1195452874032052,-0.47366134105219687,0.15573682017987825,10,6,-1.44807740513829,1,-1.4932472959346916,6,0,False,False,False,False,False,True,False,False,False
-1.5326569798331686,-1.0019752203607117,-1.2563139204510683,-1.1563840606248557,6,6,0.07127721037279702,1,-1.1471715638977271,2,1,True,False,False,False,False,False,False,False,False
0.3865665047719099,0.2325104835854697,1.874296397144417,1.4380367718754135,12,6,-0.824752434672203,3,0.510774509711577,7,1,True,False,False,False,False,False,False,False,False
-0.31133294417539137,-0.3651373572138721,-0.47366134105219687,-0.7985329113144737,0,6,1.590631825883884,4,-0.05909998262951051,6,0,False,True,False,False,False,False,False,False,False
-0.31133294417539137,0.6342082126473224,-1.2563139204510683,-0.6792491948776797,5,6,0.4998131275682319,4,0.79335583804986,6,0,False,False,False,False,False,False,True,False,False
1.4334156781928618,-1.3840779382488155,-1.2563139204510683,-1.2160259188432525,0,6,-0.2793430855143769,3,-2.911097818715498,7,0,True,False,False,False,False,False,False,False,False
1.0844659537192112,-0.1887822566501319,1.0916438177455456,0.7521554023638481,15,6,0.5777287488764927,2,0.1348695378381167,2,0,False,True,False,False,False,False,False,False,False
1.0844659537192112,-0.3063523236926254,-0.47366134105219687,0.18555774928907673,11,6,-1.0195414879428553,2,0.008638069196031287,4,0,False,True,False,False,False,False,False,False,False
0.21209164253508458,-1.2371153544456985,0.3089912383466744,0.7521554023638481,14,6,-1.44807740513829,1,-1.9565906717819592,6,0,False,False,True,False,False,False,False,False,False
1.0844659537192112,0.38927057297546097,0.3089912383466744,-0.8879956986420691,3,6,-1.1364149199052467,1,0.6280421535218793,7,0,False,False,False,False,False,False,False,False,True
0.7355162292455605,0.7419807741029414,-0.47366134105219687,-0.5003236202224887,7,6,-0.20142746420611607,4,0.8602462058059293,2,1,False,False,False,False,False,False,False,True,False
0.21209164253508458,1.2514510646204131,1.874296397144417,1.7958879211857954,10,6,-0.20142746420611607,3,1.1387390567569808,2,1,False,True,False,False,False,False,False,False,False
-1.3581821175963433,0.3010930226935909,-1.2563139204510683,-0.6196073366592827,1,6,-1.0584992985969857,4,0.5633118846046191,5,0,False,False,False,False,False,False,True,False,False
-0.13685808193856605,-0.4043273795613699,-0.47366134105219687,-1.2458468479524512,0,6,-1.0195414879428553,2,-0.10618363662241849,7,0,False,False,False,False,False,False,False,False,True
-1.183707255359518,-0.46311241308261664,0.3089912383466744,-0.4406817620040917,13,6,-1.603908647754812,1,-0.179972504748136,5,0,False,False,True,False,False,False,False,False,False
-0.660282668649042,0.12473792212985067,-0.47366134105219687,-0.3512189746764962,9,6,0.9283490447636668,5,0.4239395010135452,6,1,False,True,False,False,False,False,False,False,False
-0.8347575308858673,-0.42392239073511884,0.3089912383466744,0.21537867839827524,0,6,1.2010537193425799,6,-0.1303432515201953,6,0,False,False,False,False,False,False,True,False,False
0.03761678029825927,0.08554789978235286,-1.2563139204510683,0.48376704038106166,8,6,0.6166865595306232,5,0.39095438560166185,6,1,False,False,False,False,False,False,True,False,False
-0.8347575308858673,-0.051617178433889514,-1.2563139204510683,-0.2617561873489007,6,6,-0.4351743281308987,3,0.2688562415721272,1,1,False,False,False,False,False,False,True,False,False
0.03761678029825927,-0.19857976223700635,0.3089912383466744,0.9310809770190391,0,6,0.4608553169141014,5,0.12478112108807513,8,0,False,False,False,False,False,False,False,True,False
-0.660282668649042,-1.0215702315344606,-1.2563139204510683,-0.2021143291305037,1,6,2.174998985695841,5,-1.199142362881779,2,1,False,True,False,False,False,False,False,False,False
0.03761678029825927,-0.8256201197969715,0.3089912383466744,-1.2756677770616496,0,6,-0.9416258666345945,2,-0.7510153045906475,7,1,True,False,False,False,False,False,False,False,False
0.03761678029825927,0.40886558414920987,1.0916438177455456,1.527499559203009,19,6,-0.824752434672203,3,0.6420226058594353,6,0,False,False,False,False,False,False,False,True,False
0.5610413670087352,1.0261084361223005,0.3089912383466744,0.30484146572587073,4,6,-0.16246965355198562,4,1.0224408341253088,2,1,False,False,False,False,False,False,False,True,False
0.9099910914823859,2.319379173589729,-0.47366134105219687,-0.9178166277512676,1,6,0.9283490447636668,7,1.5860577424229765,1,1,False,False,False,False,False,False,False,True,False
-0.13685808193856605,0.19332046123797186,-1.2563139204510683,-1.4247724226076421,0,6,0.3439818849517101,4,0.4798279775400558,6,0,False,False,False,False,False,False,True,False,False
0.7355162292455605,0.22271297799859524,0.3089912383466744,-0.11265154180290822,0,6,0.9673068554177972,5,0.5031028312214499,2,0,False,False,False,False,False,False,True,False,False
0.5610413670087352,0.4872456288442055,0.3089912383466744,0.9012600479098406,15,6,1.2400115299967103,6,0.6965668735935364,8,1,False,True,False,False,False,False,False,False,False
-0.660282668649042,1.3494261204891576,1.874296397144417,1.1696484098926272,14,6,-0.2793430855143769,5,1.1863930411483385,1,1,False,False,False,False,True,False,False,False,False
1.0844659537192112,4.563007952983979,-0.47366134105219687,-0.5301445493316872,6,6,0.8504334234554058,7,2.218309214630283,1,1,False,False,False,False,False,False,True,False,False
0.03761678029825927,-0.14959223430263408,1.0916438177455456,-0.17229340002130522,0,6,0.6556443701847536,4,0.17449997725240166,1,0,False,False,False,False,False,False,True,False,False
0.5610413670087352,-0.5708849745382356,1.874296397144417,0.4241251821626647,9,6,-0.7078790027098117,2,-0.32646499341165824,5,1,False,False,False,False,False,False,False,False,True
-0.660282668649042,-0.5806824801251101,0.3089912383466744,-0.6196073366592827,4,6,-0.2403852748602465,4,-0.340588837505201,2,0,False,False,False,False,False,False,True,False,False
-1.0092323931226925,2.260594140068482,0.3089912383466744,0.6925135441454512,12,6,1.045222476726058,6,1.5648717441254543,1,1,False,False,False,False,False,False,True,False,False
1.9568402649033378,-1.031367737121335,-0.47366134105219687,-0.02318875447531274,4,6,-0.3962165174767683,3,-1.225882285152544,4,1,False,False,False,False,False,False,False,True,False
0.21209164253508458,0.03656037184798058,1.0916438177455456,1.3187530554386195,17,6,0.3439818849517101,5,0.3485798813921975,1,0,False,True,False,False,False,False,False,False,False
1.607890540429687,-0.8354176253838459,0.3089912383466744,-0.08283061269370973,0,6,-0.9416258666345945,3,-0.7702752371100967,6,0,False,True,False,False,False,False,False,False,False
-1.5326569798331686,-0.5316949521907378,-0.47366134105219687,-1.4247724226076421,0,6,1.8633365004627973,5,-0.2713751382190057,2,1,False,True,False,False,False,False,False,False,False
-0.660282668649042,-0.5316949521907378,0.3089912383466744,-0.2617561873489007,2,6,0.18815064233518836,3,-0.2713751382190057,6,0,False,False,False,False,False,False,True,False,False
0.21209164253508458,-0.3259473348663743,1.0916438177455456,0.9012600479098406,7,6,-0.16246965355198562,3,-0.013573101475193741,1,1,False,True,False,False,False,False,False,False,False
1.607890540429687,0.2031179668248463,-0.47366134105219687,0.4241251821626647,10,6,-0.629963381401551,4,0.4876300535235215,7,0,False,False,False,False,False,False,False,False,True
0.03761678029825927,-0.09080720078138733,-1.2563139204510683,-1.4247724226076421,0,6,0.07127721037279702,5,0.23188589421479966,2,1,False,False,False,False,False,False,False,True,False
0.21209164253508458,-0.923595175665716,1.0916438177455456,1.6766042047490015,17,6,-0.47413213878502913,1,-0.9569298820016794,6,1,True,False,False,False,False,False,False,False,False
-1.183707255359518,0.9085383690798071,0.3089912383466744,0.8416181896914436,6,6,0.30502407429757966,5,0.9576259192525006,6,1,False,True,False,False,False,False,False,False,False
0.9099910914823859,-0.9040001644919672,-0.47366134105219687,-0.7090701239868782,13,6,-1.0974571092511163,1,-0.913209932910027,4,0,False,False,False,False,True,False,False,False,False
0.9099910914823859,-1.0117727259475862,1.0916438177455456,1.8555297794041925,11,6,-0.045596221589594296,5,-1.1729118035638813,2,1,False,True,False,False,False,False,False,False,False
-1.183707255359518,-1.0117727259475862,-0.47366134105219687,-0.08283061269370973,7,6,0.07127721037279702,4,-1.1729118035638813,2,0,False,True,False,False,False,False,False,False,False
-0.660282668649042,-1.2371153544456985,-1.2563139204510683,-1.007279415078863,3,6,-1.44807740513829,1,-1.9565906717819592,4,0,False,False,False,False,False,True,False,False,False
0.7355162292455605,0.28149801151984194,0.3089912383466744,-0.3512189746764962,11,6,0.7335599914930145,5,0.5485046158343135,6,1,False,True,False,False,False,False,False,False,False
-1.707131842069994,0.2031179668248463,-1.2563139204510683,0.12591589107067974,4,6,-0.5130899494391595,4,0.4876300535235215,2,1,False,True,False,False,False,False,False,False,False
-0.48580780641221666,0.24230798917234414,0.3089912383466744,0.3943042530534662,10,6,0.03231939971866658,3,0.5184036856097667,6,0,False,False,False,False,False,False,False,True,False
-0.31133294417539137,-0.923595175665716,5.004906714739902,3.4956808804101094,24,6,0.9673068554177972,6,-0.9569298820016794,8,1,False,False,False,False,False,False,True,False,False
-0.13685808193856605,-1.1881278265113264,0.3089912383466744,0.6626926150362527,2,6,-2.032444564950247,1,-1.744315516192465,4,1,False,False,False,False,False,True,False,False,False
-0.660282668649042,0.5264356511917033,-0.47366134105219687,-0.8879956986420691,2,6,0.6166865595306232,3,0.723049665301071,6,0,False,False,False,False,False,False,True,False,False
-0.660282668649042,-0.08100969519451288,1.874296397144417,0.8117972605822451,13,6,0.5777287488764927,4,0.24122194846562783,6,1,False,True,False,False,False,False,False,False,False
0.03761678029825927,-0.2965548181057509,-1.2563139204510683,-0.8581747695328706,0,6,-0.9416258666345945,2,0.019610738625305664,5,1,False,False,False,False,False,False,False,False,True
-1.8816067043068192,-0.14959223430263408,3.4396015559421595,2.332664645151368,15,6,-1.0584992985969857,3,0.17449997725240166,6,1,False,False,False,False,False,False,False,False,True
3.178164300561115,0.8105633132110626,-1.2563139204510683,-0.1424724709121067,6,6,1.4737583939214929,6,0.901181020676341,2,1,False,True,False,False,False,False,False,False,False
-0.48580780641221666,1.5845662545741446,0.3089912383466744,0.6626926150362527,5,6,1.395842772613232,5,1.294453377929655,9,0,False,False,False,False,False,False,True,False,False
-1.0092323931226925,0.42846059532295877,-1.2563139204510683,0.48376704038106166,12,6,-0.2403852748602465,5,0.6558625487608831,2,0,False,False,False,False,False,False,False,True,False
0.3865665047719099,-0.8942026589050927,-1.2563139204510683,-1.4247724226076421,0,6,-0.7078790027098117,2,-0.891859695513094,4,0,True,False,False,False,False,False,False,False,False
0.3865665047719099,-1.2567103656194476,-1.2563139204510683,-0.7687119822052751,12,6,0.7335599914930145,4,-2.051598183561151,1,1,False,False,False,False,False,False,False,False,True
-0.13685808193856605,0.1835229556510974,2.6569489765432883,1.5573204883122076,15,6,-1.331203973175899,3,0.47198144504329875,4,1,False,False,False,False,True,False,False,False,False
0.21209164253508458,2.182214095373486,-1.2563139204510683,-0.5301445493316872,4,6,0.6166865595306232,4,1.5361069859419478,6,1,False,False,False,False,False,False,True,False,False
-0.13685808193856605,-0.7276450639282269,-0.47366134105219687,-0.7985329113144737,1,6,-0.045596221589594296,3,-0.5719239891016517,6,0,False,False,False,False,False,False,False,True,False
0.03761678029825927,-1.1685328153375774,-1.2563139204510683,-0.5897864075500842,5,6,-0.2793430855143769,3,-1.6677923454014492,5,1,False,False,False,False,False,False,True,False,False
0.5610413670087352,-0.7864300974494737,0.3089912383466744,0.4539461112718632,9,6,-1.876613322333725,1,-0.6765613494066632,4,0,False,False,False,False,True,False,False,False,False
0.3865665047719099,0.7321832685160669,1.874296397144417,1.4976786300938105,14,6,0.18815064233518836,2,0.8542977614489293,6,0,False,False,False,False,False,False,True,False,False
0.9099910914823859,0.5264356511917033,0.3089912383466744,0.15573682017987825,11,6,2.019167743079319,4,0.723049665301071,9,0,False,False,False,False,False,False,True,False,False
-0.8347575308858673,-0.2573647957582531,0.3089912383466744,0.5434088985994587,7,6,0.7725178021471449,4,0.06264745142044481,1,0,False,True,False,False,False,False,False,False,False
0.5610413670087352,0.4872456288442055,0.3089912383466744,-0.05300968358451123,11,6,-0.12351184289785518,3,0.6965668735935364,2,0,True,False,False,False,False,False,False,False,False
-1.0092323931226925,-0.923595175665716,0.3089912383466744,-0.05300968358451123,5,6,-1.4870352157924205,1,-0.9569298820016794,4,0,False,False,False,False,False,False,False,False,False
1.2589408159560365,-0.8452151309707204,0.3089912383466744,-1.4247724226076421,0,6,-1.525993026446551,1,-0.7898083692589257,4,1,True,False,False,False,False,False,False,False,False
-1.8816067043068192,2.0450490171572437,-0.47366134105219687,-1.007279415078863,0,6,0.42189750625997097,3,1.4842759264402192,2,1,False,False,False,False,False,False,True,False,False
-1.0092323931226925,-1.1097477818163306,0.3089912383466744,-0.2319352582397022,9,6,-0.2403852748602465,2,-1.460844324994541,5,1,False,False,False,False,False,False,True,False,False
-0.48580780641221666,0.1443329333035996,-0.47366134105219687,0.5434088985994587,4,6,0.8504334234554058,4,0.4401404258462551,2,1,False,False,False,False,False,False,True,False,False
-0.48580780641221666,-0.9040001644919672,1.0916438177455456,-0.2319352582397022,9,6,-0.8637102453263336,4,-0.913209932910027,5,1,False,False,False,False,False,False,False,False,True
0.9099910914823859,-0.7668350862757247,1.874296397144417,0.5732298277086572,0,6,-0.9805836772887249,3,-0.6407914752553205,5,1,False,False,False,False,False,False,True,False,False
0.5610413670087352,1.035905941709175,1.0916438177455456,0.24519960750747372,15,6,0.42189750625997097,3,1.0277068547965174,1,0,False,True,False,False,False,False,False,False,False
-1.183707255359518,0.38927057297546097,-1.2563139204510683,-1.2458468479524512,1,6,0.2660662636434492,5,0.6280421535218793,6,1,False,True,False,False,False,False,False,False,False
-0.660282668649042,-0.3161498292794998,-1.2563139204510683,-1.4247724226076421,0,6,2.6035349028912758,5,-0.002422735068140659,9,0,False,True,False,False,False,False,False,False,False
-0.660282668649042,1.1044884808172961,-1.2563139204510683,-1.0967422024064586,0,6,0.6166865595306232,5,1.0640156967541041,2,0,False,True,False,False,False,False,False,False,False
-0.660282668649042,-0.512099941016989,1.0916438177455456,1.4976786300938105,13,6,-1.5649508371006815,3,-0.2446352159482409,7,1,False,False,False,False,False,False,False,False,True
2.6547397138506392,-0.5610874689513612,-0.47366134105219687,0.3346623948350692,9,6,0.4998131275682319,4,-0.31248454107410345,6,0,False,True,False,False,False,False,False,False,False
-0.13685808193856605,-0.9040001644919672,-0.47366134105219687,0.24519960750747372,5,6,1.6295896365380147,6,-0.913209932910027,6,0,False,False,False,False,False,False,True,False,False
2.6547397138506392,-1.2371153544456985,0.3089912383466744,1.348573984547818,7,6,-1.8376555116795945,1,-1.9565906717819592,4,1,False,False,False,False,False,False,False,False,False
0.7355162292455605,-0.3455423460401232,-0.47366134105219687,-0.7090701239868782,13,6,0.38293969560584057,3,-0.03614840587693777,1,1,False,False,False,False,False,False,True,False,False
0.21209164253508458,0.26190300034609304,1.0916438177455456,0.006632174633885757,7,6,0.7335599914930145,4,0.5335363953381014,1,0,False,False,False,False,True,False,False,False,False
-0.31133294417539137,0.36967556180171207,0.3089912383466744,-0.7985329113144737,5,6,-1.6818242690630727,3,0.6139183094283378,7,0,False,True,False,False,False,False,False,False,False
-0.31133294417539137,0.692993246168569,-0.47366134105219687,-1.0967422024064586,6,6,0.38293969560584057,4,0.830243652429796,6,0,False,True,False,False,False,False,False,False,False
0.3865665047719099,-1.139140298576954,-0.47366134105219687,-0.1424724709121067,15,6,-0.12351184289785518,3,-1.5604344124748795,4,0,False,False,False,False,True,False,False,False,False
2.131315127140163,-1.4232679605963132,2.6569489765432883,1.1994693390018256,17,6,-0.7468368133639423,3,-3.338200610194098,4,1,True,False,False,False,False,False,False,False,False
0.3865665047719099,-0.6100749968857335,-1.2563139204510683,-0.7985329113144737,0,6,0.11023502102692746,3,-0.3838509103740575,2,1,False,False,False,False,False,False,False,True,False
2.6547397138506392,-0.5708849745382356,1.0916438177455456,-0.17229340002130522,12,6,1.1620959086884493,4,-0.32646499341165824,6,1,False,False,False,False,False,False,True,False,False
0.03761678029825927,-0.8648101421444693,-0.47366134105219687,-1.4247724226076421,0,6,1.590631825883884,6,-0.8297260258454636,2,0,False,False,False,False,False,False,True,False,False
-0.13685808193856605,1.4082111540104043,0.3089912383466744,0.09609496196148125,8,6,2.0970833643875797,7,1.2142134363873422,3,1,False,False,False,False,False,False,False,True,False
2.305789989376988,-0.8354176253838459,-0.47366134105219687,-0.7985329113144737,0,6,0.9283490447636668,5,-0.7702752371100967,2,1,False,True,False,False,False,False,False,False,False
-1.3581821175963433,-0.23776978458450418,-1.2563139204510683,-1.4247724226076421,3,6,0.9673068554177972,4,0.08367171823297616,6,1,False,False,False,False,False,False,False,True,False
-0.8347575308858673,0.39906807856233545,-0.47366134105219687,-0.9178166277512676,0,6,-0.12351184289785518,2,0.6350501214576345,1,1,False,False,False,False,False,False,True,False,False
-1.3581821175963433,-0.2279722789976297,0.3089912383466744,-1.2160259188432525,2,6,-0.47413213878502913,3,0.09406469380928996,4,0,False,True,False,False,False,False,False,False,False
-0.48580780641221666,-1.139140298576954,-0.47366134105219687,-0.41086083289489317,0,6,0.9673068554177972,5,-1.5604344124748795,6,0,False,True,False,False,False,False,False,False,False
-0.13685808193856605,0.43825810090983325,0.3089912383466744,0.3943042530534662,6,6,0.9283490447636668,4,0.6627307062769666,6,0,False,True,False,False,False,False,False,False,False
-0.48580780641221666,-0.8354176253838459,1.874296397144417,1.050364693455833,8,6,-0.3962165174767683,3,-0.7702752371100967,4,1,False,False,False,False,False,False,False,False,True
1.7823654026665123,-0.03202216726014061,0.3089912383466744,-0.11265154180290822,12,6,-0.824752434672203,3,0.2869757494074534,4,1,True,False,False,False,False,False,False,False,False
-1.3581821175963433,1.8980864333541272,-0.47366134105219687,-0.3810399037856947,0,6,1.941252121771058,4,1.4264885919768362,9,0,False,True,False,False,False,False,False,False,False
-1.0092323931226925,-1.1685328153375774,-1.2563139204510683,0.3644833239442677,5,6,-1.7597398903713337,2,-1.6677923454014492,5,0,False,False,False,False,False,True,False,False,False
-1.0092323931226925,0.49704313443108,1.874296397144417,2.2730227869329713,23,6,1.2010537193425799,3,0.7032354712618129,6,1,False,False,False,False,False,False,True,False,False
0.3865665047719099,-1.1489378041638285,0.3089912383466744,1.3783949136570166,15,6,0.03231939971866658,2,-1.5952986221888592,2,0,True,False,False,False,False,False,False,False,False
-1.3581821175963433,-0.9333926812525905,0.3089912383466744,0.5732298277086572,3,6,-0.55204776009329,5,-0.9793216392218965,4,0,False,False,False,False,False,False,False,False,True
-0.660282668649042,-1.4232679605963132,-0.47366134105219687,-1.186204989734054,7,6,-1.6428664584089423,1,-3.338200610194098,4,1,False,False,False,False,False,False,False,False,False
0.3865665047719099,-1.139140298576954,1.874296397144417,-0.4705026911132902,2,6,1.5516740152297537,4,-1.5604344124748795,8,1,False,True,False,False,False,False,False,False,False
2.131315127140163,0.6831957405816946,-0.47366134105219687,-0.6494282657684811,0,6,1.2010537193425799,4,0.8241638954133435,2,0,False,True,False,False,False,False,False,False,False
-0.48580780641221666,0.05615538302172949,-1.2563139204510683,-1.4247724226076421,0,6,1.0841802873801885,6,0.3656864706622696,6,0,False,True,False,False,False,False,False,False,False
1.2589408159560365,0.45785311208358215,1.874296397144417,1.2889321263294211,21,6,0.18815064233518836,3,0.6763651020883437,6,1,False,True,False,False,False,False,False,False,False
-0.8347575308858673,-1.3742804326619409,-1.2563139204510683,-1.1563840606248557,1,6,-1.0974571092511163,2,-2.822224226777104,7,0,False,False,False,False,True,False,False,False,False
1.2589408159560365,-0.1201997175420107,0.3089912383466744,1.5573204883122076,8,6,0.8504334234554058,4,0.2034918423428913,1,0,False,False,False,False,False,False,False,True,False
-1.8816067043068192,-0.619872502472608,0.3089912383466744,0.7223344732546496,4,6,-1.525993026446551,2,-0.3985789943752203,4,0,True,False,False,False,False,False,False,False,False
0.03761678029825927,-0.9627851980132138,0.3089912383466744,-0.9178166277512676,0,6,-1.3701617838300293,1,-1.0487680880611483,4,1,False,False,False,False,False,True,False,False,False
0.7355162292455605,-0.041819672847015064,0.3089912383466744,-0.2319352582397022,8,6,1.3568849619591015,6,0.2779457975268756,1,1,False,True,False,False,False,False,False,False,False
1.9568402649033378,-0.7570375806888503,0.3089912383466744,-1.4247724226076421,9,6,0.03231939971866658,4,-0.6232490376741642,6,0,False,False,False,False,False,False,True,False,False
0.3865665047719099,0.2521054947592186,-1.2563139204510683,0.15573682017987825,0,6,-0.9416258666345945,5,0.5259908272677123,4,0,False,False,False,False,False,False,True,False,False
0.9099910914823859,-0.39452987397449546,0.3089912383466744,0.036453103743084254,13,6,0.38293969560584057,4,-0.09426094112760951,6,1,False,True,False,False,False,False,False,False,False
0.5610413670087352,-1.1881278265113264,0.3089912383466744,-0.6196073366592827,5,6,-0.3183008961685074,2,-1.744315516192465,5,1,False,True,False,False,False,False,False,False,False
-0.8347575308858673,-1.0901527706425818,1.874296397144417,1.1100065516742301,16,6,0.42189750625997097,2,-1.3982397841555005,2,0,False,False,False,False,False,False,True,False,False
-0.660282668649042,-0.6492650192332313,-0.47366134105219687,0.15573682017987825,8,6,-1.331203973175899,5,-0.44373263722196177,6,1,False,False,False,False,True,False,False,False,False
0.5610413670087352,1.016310930535426,-0.47366134105219687,1.1398274807834285,7,6,-0.8637102453263336,4,1.0171545983539836,8,1,True,False,False,False,False,False,False,False,False
-1.0092323931226925,-1.3056978935538197,-0.47366134105219687,-0.8879956986420691,11,6,-1.2922461625217683,1,-2.3224805978581817,4,0,True,False,False,False,False,False,False,False,False
0.3865665047719099,-0.6688600304069802,-1.2563139204510683,-1.007279415078863,0,6,-0.8637102453263336,3,-0.47467916939348176,4,0,False,False,False,False,False,False,False,False,True
0.3865665047719099,1.7707188607247593,-0.47366134105219687,0.5732298277086572,12,6,0.9283490447636668,3,1.3743664591031468,2,1,False,False,False,False,False,False,True,False,False
0.21209164253508458,-0.9627851980132138,1.0916438177455456,0.4539461112718632,5,6,-1.7986977010254641,2,-1.0487680880611483,5,1,False,False,False,False,False,True,False,False,False
-0.31133294417539137,-0.7472400751019759,0.3089912383466744,0.036453103743084254,6,6,0.11023502102692746,3,-0.6059272655413414,8,1,False,False,False,False,False,False,False,True,False
1.0844659537192112,-0.8844051533182182,-0.47366134105219687,0.036453103743084254,10,6,1.941252121771058,4,-0.8708354287005626,2,1,False,False,False,False,False,False,False,True,False
1.0844659537192112,0.10514291095610177,0.3089912383466744,0.09609496196148125,10,6,0.07127721037279702,3,0.40754570349907226,8,0,False,True,False,False,False,False,False,False,False
-1.0092323931226925,-0.1201997175420107,0.3089912383466744,-0.3810399037856947,9,6,1.1231380980343189,5,0.2034918423428913,2,0,False,False,False,False,False,False,False,True,False
1.0844659537192112,0.35008055062796317,-0.47366134105219687,-1.4247724226076421,0,6,0.42189750625997097,3,0.599648101649971,6,1,False,True,False,False,False,False,False,False,False
0.21209164253508458,-1.0215702315344606,-1.2563139204510683,-0.9774584859696646,0,6,-1.2143305412135075,2,-1.199142362881779,5,1,False,False,True,False,False,False,False,False,False
-0.660282668649042,-1.3154953991406944,-1.2563139204510683,-1.365130564389245,0,6,-0.9805836772887249,2,-2.3836934632605593,5,1,False,False,False,False,False,False,False,False,False
1.9568402649033378,-0.45331490749574216,0.3089912383466744,-0.02318875447531274,9,6,-1.4091195944841597,3,-0.16739650202479608,5,0,False,False,False,False,False,False,False,False,True
0.03761678029825927,-1.3644829270750665,0.3089912383466744,1.9449925667317878,8,6,-2.032444564950247,2,-2.7387403197125413,5,0,False,False,True,False,False,False,False,False,False
0.03761678029825927,-0.8844051533182182,-1.2563139204510683,-1.2160259188432525,5,6,-0.47413213878502913,4,-0.8708354287005626,4,0,False,False,False,False,False,False,False,True,False
1.4334156781928618,0.40886558414920987,0.3089912383466744,-0.3810399037856947,14,6,-0.2793430855143769,3,0.6420226058594353,2,1,False,False,False,False,True,False,False,False,False
0.21209164253508458,1.4474011763579022,3.4396015559421595,2.511590219806559,22,6,-0.3183008961685074,3,1.2324529444604144,1,1,False,True,False,False,False,False,False,False,False
-1.0092323931226925,0.2912955171067164,-0.47366134105219687,-0.9774584859696646,0,6,0.8114756128012753,3,0.5559281525583185,1,1,False,False,False,False,False,False,False,True,False
-0.13685808193856605,-0.384732368387621,0.3089912383466744,0.006632174633885757,6,6,-0.35725870682263783,2,-0.08244058762886136,2,0,True,False,False,False,False,False,False,False,False
-0.660282668649042,-0.4043273795613699,-1.2563139204510683,-1.4247724226076421,0,6,-0.08455403224372474,3,-0.10618363662241849,6,1,False,False,False,False,False,False,False,True,False
0.21209164253508458,0.17372545006422296,0.3089912383466744,-0.1424724709121067,18,6,-0.902668055980464,3,0.46408994649884966,5,0,False,False,False,False,False,True,False,False,False
0.03761678029825927,1.5747687489872702,1.0916438177455456,1.467857700984612,13,6,-1.4870352157924205,3,1.2901161689036704,4,1,False,False,False,False,False,False,False,False,True
-1.0092323931226925,-0.49250492984324,1.874296397144417,1.646783275639803,19,6,1.6295896365380147,3,-0.218404656630343,1,0,False,True,False,False,False,False,False,False,False
-1.5326569798331686,-0.45331490749574216,1.0916438177455456,-0.9178166277512676,0,6,0.11023502102692746,3,-0.16739650202479608,6,1,False,False,False,False,False,False,False,True,False
0.3865665047719099,0.026762866261106126,-1.2563139204510683,-1.4247724226076421,0,6,-0.35725870682263783,2,0.33994623099611615,1,0,False,True,False,False,False,False,False,False,False
-1.8816067043068192,0.04635787743485503,-0.47366134105219687,0.30484146572587073,7,6,1.1620959086884493,6,0.35715973922484895,2,1,False,True,False,False,False,False,False,False,False
-1.8816067043068192,-0.6296700080594824,0.3089912383466744,-0.2915771164580992,1,6,-0.35725870682263783,4,-0.4134663039911042,6,1,False,False,False,False,False,False,True,False,False
-0.660282668649042,0.7909683020373136,-1.2563139204510683,0.006632174633885757,1,6,-0.08455403224372474,5,0.8896089968858337,6,0,False,True,False,False,False,False,False,False,False
0.9099910914823859,-0.28675731251887643,-0.47366134105219687,0.3346623948350692,0,6,0.9283490447636668,3,0.03049666667775276,6,0,False,False,False,False,False,False,True,False,False
0.9099910914823859,1.6237562769216423,1.0916438177455456,1.050364693455833,6,6,-1.0195414879428553,2,1.3116668861583878,6,1,True,False,False,False,False,False,False,False,False
0.21209164253508458,-0.46311241308261664,0.3089912383466744,-0.6792491948776797,0,6,0.5777287488764927,6,-0.179972504748136,2,1,False,False,False,False,False,False,True,False,False
0.21209164253508458,-0.45331490749574216,-0.47366134105219687,0.5434088985994587,6,6,-0.824752434672203,1,-0.16739650202479608,7,0,False,False,False,False,False,True,False,False,False
-0.8347575308858673,-0.26716230134512753,-0.47366134105219687,-0.5599654784408856,9,6,-1.8376555116795945,2,0.052013709565456326,4,1,True,False,False,False,False,False,False,False,False
0.3865665047719099,-0.39452987397449546,-1.2563139204510683,-1.186204989734054,0,6,1.0841802873801885,5,-0.09426094112760951,2,0,False,True,False,False,False,False,False,False,False
-1.707131842069994,2.4859367685665945,1.874296397144417,1.0801856225650317,15,6,-1.331203973175899,3,1.6443729721341116,2,0,False,False,False,False,False,False,False,False,True
-1.0092323931226925,0.8497533355585604,0.3089912383466744,0.15573682017987825,1,6,-1.4870352157924205,1,0.9240373582887288,4,1,False,False,False,False,False,False,False,False,True
0.3865665047719099,0.8399558299716859,-1.2563139204510683,-1.4247724226076421,0,6,0.4608553169141014,3,0.918358741056601,6,1,False,True,False,False,False,False,False,False,False
1.7823654026665123,-0.9823802091869628,-1.2563139204510683,-0.8879956986420691,7,6,-1.2143305412135075,1,-1.0970910366276114,4,0,False,False,True,False,False,False,False,False,False
0.03761678029825927,0.15413043889047404,0.3089912383466744,-0.2021143291305037,8,6,-1.1364149199052467,3,0.44816996887253596,6,0,False,True,False,False,False,False,False,False,False
0.03761678029825927,-0.3455423460401232,2.6569489765432883,3.7938901715020945,34,6,0.11023502102692746,3,-0.03614840587693777,1,0,False,False,False,False,False,False,True,False,False
-0.660282668649042,-0.45331490749574216,1.0916438177455456,-1.1563840606248557,3,6,-1.0974571092511163,1,-0.16739650202479608,5,0,True,False,False,False,False,False,False,False,False
-0.8347575308858673,-0.49250492984324,0.3089912383466744,-0.08283061269370973,0,6,-1.0584992985969857,2,-0.218404656630343,5,0,False,False,True,False,False,False,False,False,False
-0.660282668649042,-0.7864300974494737,1.0916438177455456,1.7362460629673986,16,6,0.18815064233518836,4,-0.6765613494066632,2,0,False,False,False,False,False,False,True,False,False
-0.660282668649042,0.22271297799859524,-0.47366134105219687,-1.4247724226076421,0,6,0.8893912341095362,4,0.5031028312214499,8,1,False,False,False,False,False,False,True,False,False
2.8292145760874643,-0.19857976223700635,1.874296397144417,2.332664645151368,18,6,0.8504334234554058,6,0.12478112108807513,2,0,False,False,False,False,False,False,True,False,False
0.3865665047719099,-0.9921777147738372,-1.2563139204510683,-1.4247724226076421,1,6,0.3439818849517101,2,-1.121903648958335,2,0,False,False,False,False,True,False,False,False,False
0.03761678029825927,-0.9921777147738372,1.0916438177455456,0.8416181896914436,15,6,2.7983239561619278,6,-1.121903648958335,3,1,False,False,False,False,False,False,True,False,False
-1.5326569798331686,-1.1685328153375774,-1.2563139204510683,-1.1563840606248557,4,6,-1.44807740513829,1,-1.6677923454014492,6,1,False,False,False,False,False,True,False,False,False
-1.8816067043068192,-0.5218974466038634,1.0916438177455456,0.5434088985994587,10,6,-0.7468368133639423,3,-0.2579402733400024,7,0,False,False,False,False,False,False,False,False,True
-0.13685808193856605,1.0065134249485517,-0.47366134105219687,-0.5003236202224887,0,6,-1.175372730559377,2,1.011847991681581,6,0,False,False,False,False,False,False,True,False,False
1.2589408159560365,-0.7276450639282269,-0.47366134105219687,-0.4406817620040917,2,6,0.11023502102692746,4,-0.5719239891016517,2,0,False,False,False,False,False,False,True,False,False
-0.660282668649042,-0.14959223430263408,-0.47366134105219687,-0.5897864075500842,0,6,1.2400115299967103,4,0.17449997725240166,2,0,False,False,False,False,False,False,False,True,False
-1.3581821175963433,0.026762866261106126,2.6569489765432883,2.1239181413869788,17,6,0.8893912341095362,5,0.33994623099611615,2,0,False,False,False,False,False,False,False,True,False
-0.13685808193856605,1.2122610422729152,-0.47366134105219687,-1.4247724226076421,6,6,0.5777287488764927,6,1.1192059246081507,6,0,False,True,False,False,False,False,False,False,False
0.21209164253508458,-0.384732368387621,-0.47366134105219687,-1.1563840606248557,0,6,-0.3183008961685074,4,-0.08244058762886136,6,0,False,True,False,False,False,False,False,False,False
0.03761678029825927,-0.6296700080594824,1.0916438177455456,0.3644833239442677,2,6,0.2660662636434492,2,-0.4134663039911042,6,0,False,True,False,False,False,False,False,False,False
-0.31133294417539137,-1.0901527706425818,-0.47366134105219687,-0.5599654784408856,14,6,-0.629963381401551,4,-1.3982397841555005,5,0,True,False,False,False,False,False,False,False,False
0.03761678029825927,-1.1195452874032052,-0.47366134105219687,-0.17229340002130522,12,6,-0.35725870682263783,2,-1.4932472959346916,6,0,False,True,False,False,False,False,False,False,False
-1.5326569798331686,1.6727438048560146,-0.47366134105219687,-0.41086083289489317,3,6,-1.7986977010254641,2,1.332885529811862,7,1,False,True,False,False,False,False,False,False,False
-0.13685808193856605,-0.1887822566501319,-1.2563139204510683,-0.7388910530960766,10,6,1.746463068500406,7,0.1348695378381167,1,0,False,False,False,False,False,False,False,True,False
-1.5326569798331686,-0.9333926812525905,-0.47366134105219687,-0.05300968358451123,21,6,-1.954528943641986,2,-0.9793216392218965,4,0,False,False,True,False,False,False,False,False,False
0.21209164253508458,0.8301583243848114,-0.47366134105219687,-1.4247724226076421,0,6,0.4608553169141014,4,0.9126566098144244,2,1,False,False,False,False,False,False,True,False,False
-0.31133294417539137,-0.7080500527544781,-0.47366134105219687,-0.7687119822052751,0,6,-0.7078790027098117,4,-0.5387401490011535,5,0,False,False,False,False,True,False,False,False,False
-0.31133294417539137,-1.158735309750703,-1.2563139204510683,0.30484146572587073,4,6,-2.032444564950247,3,-1.631068496340202,5,1,False,False,False,False,False,True,False,False,False
-1.3581821175963433,-0.16918724547638297,3.4396015559421595,0.48376704038106166,11,6,0.6166865595306232,6,0.15482731800204141,8,1,False,False,False,False,False,False,True,False,False
0.21209164253508458,0.5460306623654523,0.3089912383466744,1.0801856225650317,13,6,1.2400115299967103,5,0.7361024903031957,8,1,False,False,False,False,False,False,True,False,False
0.9099910914823859,-0.7374425695151013,-0.47366134105219687,-0.9476375568604661,6,6,-1.7207820797172033,2,-0.588820676271268,5,1,False,False,False,False,True,False,False,False,False
-0.13685808193856605,1.035905941709175,1.0916438177455456,0.3346623948350692,11,6,-0.3183008961685074,3,1.0277068547965174,2,1,False,False,False,False,False,False,True,False,False
-0.8347575308858673,-0.12999722312888515,0.3089912383466744,-0.9178166277512676,0,6,0.9283490447636668,5,0.19389554756830313,2,0,False,False,False,False,False,False,True,False,False
-0.8347575308858673,-0.02222466167326615,1.0916438177455456,0.9012600479098406,11,6,0.1491928316810579,4,0.29594687382247137,2,1,False,False,False,False,False,False,False,False,True
0.03761678029825927,-0.7668350862757247,-0.47366134105219687,-0.9774584859696646,0,6,1.0062646660719277,4,-0.6407914752553205,6,1,False,False,False,False,False,False,True,False,False
0.7355162292455605,0.21291547241172076,-0.47366134105219687,0.7223344732546496,13,6,-0.55204776009329,2,0.4953881739161519,1,0,False,False,False,False,False,False,False,False,True
0.21209164253508458,-1.1685328153375774,0.3089912383466744,1.0801856225650317,18,6,-1.175372730559377,1,-1.6677923454014492,5,1,False,False,False,False,True,False,False,False,False
0.21209164253508458,-1.4232679605963132,-1.2563139204510683,-1.4247724226076421,6,6,-1.6818242690630727,1,-3.338200610194098,4,0,False,False,False,False,False,True,False,False,False
-0.31133294417539137,-0.9921777147738372,-1.2563139204510683,-0.7687119822052751,0,6,1.395842772613232,5,-1.121903648958335,2,0,False,True,False,False,False,False,False,False,False
-0.8347575308858673,0.4676506176704566,0.3089912383466744,0.3943042530534662,14,6,-1.9934867542961163,1,0.6831320087145331,7,1,False,False,False,False,False,True,False,False,False
1.0844659537192112,1.182868525512292,-0.47366134105219687,-1.4247724226076421,10,6,-0.8637102453263336,2,1.1043720713587024,2,0,True,False,False,False,False,False,False,False,False
0.5610413670087352,0.6538032238210713,1.0916438177455456,0.8117972605822451,11,6,0.7725178021471449,3,0.805761892475799,6,0,False,False,False,False,False,False,False,True,False
0.3865665047719099,-0.5806824801251101,-1.2563139204510683,-0.6196073366592827,7,6,0.9283490447636668,6,-0.340588837505201,6,0,False,False,False,False,False,False,False,True,False
0.03761678029825927,0.35008055062796317,1.874296397144417,0.6626926150362527,9,6,0.30502407429757966,4,0.599648101649971,6,1,False,False,False,False,False,False,True,False,False
-1.707131842069994,-1.2175203432719497,-1.2563139204510683,-1.0371003441880615,8,6,0.07127721037279702,1,-1.8677170798435652,6,0,False,False,False,False,False,False,True,False,False
0.21209164253508458,0.8007658076241881,1.0916438177455456,0.30484146572587073,15,6,-1.0974571092511163,3,0.8954071643040282,4,1,False,True,False,False,False,False,False,False,False
0.03761678029825927,0.3010930226935909,1.0916438177455456,0.21537867839827524,9,6,0.07127721037279702,4,0.5633118846046191,2,0,True,False,False,False,False,False,False,False,False
-0.8347575308858673,-0.7766325918625993,0.3089912383466744,0.5135879694902602,2,6,0.38293969560584057,3,-0.6585602731110675,2,1,False,False,False,False,False,False,False,True,False
-1.0092323931226925,-0.21817477341075525,0.3089912383466744,-0.02318875447531274,10,6,-1.0974571092511163,2,0.10437981865050744,4,0,False,True,False,False,False,False,False,False,False
-0.660282668649042,0.6831957405816946,3.4396015559421595,2.0940972122777803,16,6,-0.35725870682263783,5,0.8241638954133435,1,1,False,False,False,False,False,False,True,False,False
0.3865665047719099,-0.49250492984324,-0.47366134105219687,0.4241251821626647,3,6,-0.006638410935463857,3,-0.218404656630343,2,0,False,True,False,False,False,False,False,False,False
-0.48580780641221666,0.4480556064967077,0.3089912383466744,-0.2915771164580992,4,6,-0.9805836772887249,2,0.6695647785038223,7,1,False,False,False,False,False,False,False,True,False
0.3865665047719099,0.15413043889047404,-0.47366134105219687,-0.5301445493316872,0,6,-1.2143305412135075,2,0.44816996887253596,4,1,True,False,False,False,False,False,False,False,False
0.03761678029825927,-0.6590625248201057,-0.47366134105219687,-0.8283538404236721,9,6,-0.5130899494391595,3,-0.45911897301738686,5,0,False,False,False,False,False,False,False,False,True
-0.48580780641221666,-0.7178475583413525,0.3089912383466744,0.6626926150362527,8,6,0.5777287488764927,3,-0.5552321153074962,6,0,False,True,False,False,False,False,False,False,False
0.7355162292455605,0.9379308858404305,1.874296397144417,2.1239181413869788,19,6,-0.006638410935463857,4,0.9741178855588445,2,0,False,True,False,False,False,False,False,False,False
-0.13685808193856605,0.9575258970141793,-1.2563139204510683,-0.1424724709121067,3,6,-1.44807740513829,4,0.9850038136112915,4,0,False,False,False,False,False,False,False,False,True
-1.183707255359518,0.19332046123797186,0.3089912383466744,0.12591589107067974,6,6,-0.35725870682263783,3,0.4798279775400558,1,0,True,False,False,False,False,False,False,False,False
0.7355162292455605,-0.9823802091869628,-0.47366134105219687,0.30484146572587073,8,6,2.0581255537334493,7,-1.0970910366276114,2,1,False,True,False,False,False,False,False,False,False
-0.31133294417539137,-0.26716230134512753,-1.2563139204510683,-1.4247724226076421,0,6,1.2010537193425799,4,0.052013709565456326,1,1,False,False,False,False,False,False,True,False,False
0.3865665047719099,-1.0411652427082094,-1.2563139204510683,0.7819763314730467,13,6,-0.35725870682263783,1,-1.2531517451061938,4,0,False,False,False,False,False,False,False,True,False
-1.3581821175963433,-0.44351740190886774,-0.47366134105219687,-0.5599654784408856,3,6,-0.47413213878502913,3,-0.15493431084145182,4,1,False,False,False,False,False,False,False,True,False
0.03761678029825927,0.026762866261106126,-1.2563139204510683,-1.0669212732972602,0,6,0.694602180838884,4,0.33994623099611615,1,1,False,False,False,False,False,False,True,False,False
-1.707131842069994,1.594363760161019,1.874296397144417,1.1398274807834285,15,6,-0.3183008961685074,5,1.2987769693224733,6,0,False,True,False,False,False,False,False,False,False
-0.48580780641221666,-0.5904799857119846,-0.47366134105219687,0.09609496196148125,13,6,1.1231380980343189,4,-0.3548590452835678,2,0,False,True,False,False,False,False,False,False,False
0.7355162292455605,-0.5316949521907378,-1.2563139204510683,-0.3810399037856947,0,6,-1.6818242690630727,3,-0.2713751382190057,7,1,False,False,False,False,False,True,False,False,False
-1.183707255359518,-0.42392239073511884,-1.2563139204510683,-1.4247724226076421,0,6,0.11023502102692746,2,-0.1303432515201953,8,0,False,False,False,False,False,False,True,False,False
0.03761678029825927,-0.6492650192332313,-0.47366134105219687,-1.2756677770616496,1,6,-0.08455403224372474,3,-0.44373263722196177,1,0,False,True,False,False,False,False,False,False,False
-0.660282668649042,-0.7668350862757247,0.3089912383466744,0.2750205366166722,7,6,-1.603908647754812,2,-0.6407914752553205,6,1,False,False,False,False,False,True,False,False,False
-1.3581821175963433,0.6440057182341968,1.874296397144417,1.9449925667317878,16,6,-0.47413213878502913,4,0.799572836092087,6,1,False,False,False,False,False,False,False,True,False
0.3865665047719099,1.5649712434003955,0.3089912383466744,-1.4247724226076421,2,6,-0.5130899494391595,3,1.2857652561929134,2,0,False,True,False,False,False,False,False,False,False
0.03761678029825927,-0.943190186839465,-0.47366134105219687,0.7521554023638481,4,6,0.38293969560584057,4,-1.002083524848421,1,0,True,False,False,False,False,False,False,False,False
1.2589408159560365,-0.8844051533182182,1.0916438177455456,2.153739070496177,15,6,-1.5649508371006815,1,-0.8708354287005626,4,1,False,False,True,False,False,False,False,False,False
-0.31133294417539137,-1.0117727259475862,0.3089912383466744,0.7223344732546496,11,6,-1.2143305412135075,2,-1.1729118035638813,4,1,True,False,False,False,False,False,False,False,False
-0.31133294417539137,-1.1097477818163306,0.3089912383466744,-0.3512189746764962,0,6,-1.3701617838300293,3,-1.460844324994541,5,0,False,False,True,False,False,False,False,False,False
-0.13685808193856605,-0.5414924577776122,-0.47366134105219687,-1.4247724226076421,0,6,-1.0195414879428553,3,-0.2849423684297165,4,0,False,False,False,False,False,False,False,False,True
0.21209164253508458,1.359223626076032,0.3089912383466744,0.5434088985994587,15,6,-0.902668055980464,3,1.191068980199288,8,0,False,True,False,False,False,False,False,False,False
-1.3581821175963433,-0.012427156086391696,1.0916438177455456,0.6030507568178557,14,6,1.3568849619591015,5,0.30485993230054503,2,0,False,True,False,False,False,False,False,False,False
-1.0092323931226925,-0.46311241308261664,-1.2563139204510683,0.5135879694902602,17,6,-1.525993026446551,4,-0.179972504748136,4,1,False,False,False,False,False,True,False,False,False
-0.31133294417539137,-0.4043273795613699,0.3089912383466744,-0.8879956986420691,7,6,1.0062646660719277,2,-0.10618363662241849,6,0,False,True,False,False,False,False,False,False,False
-1.707131842069994,-1.139140298576954,-0.47366134105219687,0.3346623948350692,0,6,-1.2532883518676379,2,-1.5604344124748795,6,0,False,False,False,False,False,False,False,False,True
0.5610413670087352,-0.7374425695151013,0.3089912383466744,-0.6792491948776797,4,6,0.07127721037279702,4,-0.588820676271268,2,1,False,True,False,False,False,False,False,False,False
0.5610413670087352,-1.2861028823800709,-0.47366134105219687,-1.4247724226076421,0,6,-0.824752434672203,5,-2.2076588920397326,4,1,True,False,False,False,False,False,False,False,False
0.7355162292455605,-1.1783303209244518,1.0916438177455456,0.7521554023638481,7,6,-1.2532883518676379,3,-1.7055224515241862,5,1,True,False,False,False,False,False,False,False,False
-0.31133294417539137,3.2697372155165505,-1.2563139204510683,-1.2458468479524512,4,6,1.7854208791545363,5,1.8898319678241038,1,1,False,False,False,False,False,False,True,False,False
1.607890540429687,-0.4043273795613699,-1.2563139204510683,-1.126563131515657,0,6,-0.47413213878502913,3,-0.10618363662241849,7,1,False,False,False,False,False,False,True,False,False
-0.13685808193856605,-1.1489378041638285,-1.2563139204510683,-0.6196073366592827,6,6,-1.2922461625217683,2,-1.5952986221888592,5,0,False,False,False,True,False,False,False,False,False
0.7355162292455605,-0.600277491298859,0.3089912383466744,-1.2160259188432525,5,6,0.6166865595306232,5,-0.3692786820379775,2,1,False,True,False,False,False,False,False,False,False
-1.5326569798331686,-0.02222466167326615,-1.2563139204510683,-0.8879956986420691,3,6,0.4608553169141014,5,0.29594687382247137,2,0,False,False,False,False,False,False,False,False,True
-0.31133294417539137,0.7615757852766902,0.3089912383466744,-0.11265154180290822,10,6,0.38293969560584057,5,0.8720665593046775,1,1,False,True,False,False,False,False,False,False,False
-1.0092323931226925,-0.815822614210097,1.0916438177455456,2.213380928714574,24,6,-0.629963381401551,4,-0.7320210347955439,6,1,False,False,False,False,False,False,False,False,True
0.21209164253508458,-0.5023024354301144,-1.2563139204510683,-1.4247724226076421,0,6,0.5387709382223623,4,-0.2314574816324678,6,1,False,False,False,False,False,False,True,False,False
-0.31133294417539137,1.182868525512292,-0.47366134105219687,-0.6494282657684811,2,6,1.0841802873801885,5,1.1043720713587024,2,0,False,False,False,False,False,False,False,True,False
-0.8347575308858673,-0.7962276030363481,1.0916438177455456,-0.17229340002130522,4,6,0.5777287488764927,3,-0.6948008574797353,2,0,False,False,False,False,False,False,True,False,False
-1.8816067043068192,2.0940365450916163,-1.2563139204510683,-1.365130564389245,2,6,0.4998131275682319,5,1.5030117627678523,8,1,False,True,False,False,False,False,False,False,False
0.5610413670087352,-1.1685328153375774,1.0916438177455456,-0.3512189746764962,1,6,-0.629963381401551,3,-1.6677923454014492,4,1,False,False,False,False,False,False,False,False,True
0.5610413670087352,-0.03202216726014061,-1.2563139204510683,-1.4247724226076421,0,6,0.3439818849517101,3,0.2869757494074534,1,0,False,True,False,False,False,False,False,False,False
1.2589408159560365,-0.37493486280074656,0.3089912383466744,-0.3213980455672977,6,6,-0.5130899494391595,1,-0.07072083410293639,4,1,False,False,False,False,True,False,False,False,False
0.5610413670087352,-0.943190186839465,0.3089912383466744,0.6626926150362527,8,6,0.9283490447636668,5,-1.002083524848421,2,0,False,True,False,False,False,False,False,False,False
-1.8816067043068192,-0.9725827036000884,-1.2563139204510683,-1.007279415078863,6,6,-0.35725870682263783,3,-1.0727176087137429,5,1,False,True,False,False,False,False,False,False,False
0.9099910914823859,-0.07121218960763843,1.0916438177455456,0.5434088985994587,15,6,-0.7468368133639423,4,0.25049513318749494,6,1,False,False,False,False,False,False,False,False,True
0.21209164253508458,0.3304855394542142,-0.47366134105219687,0.4241251821626647,3,6,1.1231380980343189,3,0.5852284648955612,6,1,False,False,False,False,False,False,True,False,False
0.9099910914823859,-0.2083772678238808,0.3089912383466744,0.6030507568178557,2,6,-1.7986977010254641,2,0.11461825040449736,5,0,False,False,False,False,True,False,False,False,False
-1.183707255359518,-0.41412488514824436,1.0916438177455456,0.6030507568178557,10,6,-0.7857946240180727,2,-0.11821046178020403,4,1,False,True,False,False,False,False,False,False,False
-1.707131842069994,0.7027907517554436,3.4396015559421595,2.153739070496177,15,6,-0.35725870682263783,2,0.8362966851533348,1,1,False,False,False,False,False,False,False,True,False
0.5610413670087352,-0.9529876924263394,1.0916438177455456,-0.08283061269370973,6,6,0.3439818849517101,3,-1.0252279810364753,1,0,False,False,False,False,False,False,True,False,False
0.03761678029825927,2.005858994809746,2.6569489765432883,0.7521554023638481,13,6,1.0841802873801885,4,1.469101527963777,1,1,False,False,False,False,False,False,False,True,False
1.9568402649033378,0.9673234026010539,-1.2563139204510683,-1.4247724226076421,8,6,-1.0584992985969857,2,0.9904146760832188,4,1,False,False,False,False,True,False,False,False,False
0.21209164253508458,-0.1887822566501319,-0.47366134105219687,-0.7090701239868782,0,6,0.694602180838884,3,0.1348695378381167,6,0,False,True,False,False,False,False,False,False,False
-0.660282668649042,0.8301583243848114,-0.47366134105219687,0.6626926150362527,8,6,0.11023502102692746,4,0.9126566098144244,1,0,False,False,False,False,False,False,True,False,False
-1.183707255359518,-0.28675731251887643,-0.47366134105219687,-1.126563131515657,4,6,0.6556443701847536,4,0.03049666667775276,1,0,False,False,False,False,False,False,False,True,False
-0.31133294417539137,-0.6296700080594824,-0.47366134105219687,0.036453103743084254,11,6,-0.7857946240180727,1,-0.4134663039911042,4,0,True,False,False,False,False,False,False,False,False
0.03761678029825927,1.5845662545741446,0.3089912383466744,1.2889321263294211,6,6,1.3568849619591015,6,1.294453377929655,3,1,False,True,False,False,False,False,False,False,False
0.21209164253508458,-0.03202216726014061,-0.47366134105219687,-0.6196073366592827,8,6,-1.4091195944841597,2,0.2869757494074534,5,0,False,False,False,False,False,False,False,False,True
1.2589408159560365,0.05615538302172949,0.3089912383466744,0.5732298277086572,10,6,1.4348005832673625,7,0.3656864706622696,2,0,False,False,False,False,False,False,True,False,False
1.7823654026665123,-0.7668350862757247,-0.47366134105219687,-0.7687119822052751,2,6,-0.7078790027098117,1,-0.6407914752553205,7,0,False,False,False,False,True,False,False,False,False
1.2589408159560365,0.43825810090983325,0.3089912383466744,-0.3512189746764962,0,6,-0.4351743281308987,3,0.6627307062769666,1,0,False,False,False,False,False,False,False,False,True
-1.183707255359518,1.0946909752304217,1.874296397144417,2.2730227869329713,20,6,-0.16246965355198562,5,1.0588869655840463,6,0,True,False,False,False,False,False,False,False,False
1.0844659537192112,-0.6100749968857335,-1.2563139204510683,-0.7687119822052751,14,6,-1.7597398903713337,2,-0.3838509103740575,5,1,False,False,False,False,False,False,False,False,True
1.7823654026665123,-1.1097477818163306,1.874296397144417,0.30484146572587073,4,6,-1.7597398903713337,2,-1.460844324994541,6,0,False,False,False,False,False,True,False,False,False
0.21209164253508458,0.10514291095610177,1.0916438177455456,-0.11265154180290822,4,6,2.2139567963499713,5,0.40754570349907226,0,1,False,True,False,False,False,False,False,False,False
0.5610413670087352,-0.5218974466038634,-0.47366134105219687,-0.9774584859696646,0,6,0.7335599914930145,4,-0.2579402733400024,2,1,False,False,False,False,False,False,True,False,False
1.0844659537192112,0.928133380253556,-1.2563139204510683,-0.2915771164580992,10,6,1.6295896365380147,4,0.9686424798267335,3,0,False,False,False,False,False,False,False,True,False
1.0844659537192112,1.3298311093154087,0.3089912383466744,0.9609019061282377,14,6,0.4608553169141014,4,1.1769932590715335,1,1,False,True,False,False,False,False,False,False,False
0.7355162292455605,0.1835229556510974,-1.2563139204510683,-1.4247724226076421,0,6,-0.47413213878502913,3,0.47198144504329875,2,1,False,False,False,False,True,False,False,False,False
-1.8816067043068192,-0.8452151309707204,-0.47366134105219687,-0.02318875447531274,2,6,-1.9155711329878555,2,-0.7898083692589257,6,1,False,False,False,False,False,True,False,False,False
1.9568402649033378,0.3402830450410887,-0.47366134105219687,-0.5301445493316872,5,6,-0.9416258666345945,3,0.5924571572290916,6,1,False,False,False,False,False,False,False,False,True
-1.707131842069994,0.06595288860860395,-0.47366134105219687,-1.3353096352800466,4,6,0.2660662636434492,5,0.374160729574017,1,0,False,False,False,False,False,False,True,False,False
0.21209164253508458,-1.4036729494225644,1.874296397144417,1.0801856225650317,14,6,-1.603908647754812,1,-3.1081566567488568,4,0,False,False,False,False,False,True,False,False,False
-0.48580780641221666,-1.0411652427082094,-0.47366134105219687,-0.6792491948776797,10,6,-1.0195414879428553,3,-1.2531517451061938,4,1,True,False,False,False,False,False,False,False,False
-1.183707255359518,1.5649712434003955,0.3089912383466744,0.9012600479098406,13,6,0.03231939971866658,3,1.2857652561929134,6,0,False,False,False,False,False,False,False,True,False
0.3865665047719099,-0.43371989632199326,-0.47366134105219687,-0.6196073366592827,2,6,-0.08455403224372474,2,-0.14258388969407385,6,0,True,False,False,False,False,False,False,False,False
0.9099910914823859,0.2031179668248463,0.3089912383466744,0.9609019061282377,9,6,0.5777287488764927,4,0.4876300535235215,2,0,False,False,False,False,False,False,True,False,False
-0.660282668649042,-0.8942026589050927,0.3089912383466744,-0.2319352582397022,7,6,-0.20142746420611607,3,-0.891859695513094,4,0,False,False,False,False,True,False,False,False,False
0.5610413670087352,0.26190300034609304,1.0916438177455456,1.0205437643466346,15,6,0.4998131275682319,3,0.5335363953381014,6,1,False,False,False,False,False,False,True,False,False
-0.13685808193856605,-0.815822614210097,1.0916438177455456,1.766066992076597,18,6,0.18815064233518836,2,-0.7320210347955439,2,0,False,True,False,False,False,False,False,False,False
0.21209164253508458,0.43825810090983325,-0.47366134105219687,0.18555774928907673,14,6,1.3568849619591015,4,0.6627307062769666,2,0,False,False,False,False,False,False,False,True,False
-1.3581821175963433,-0.7472400751019759,-1.2563139204510683,-1.4247724226076421,0,6,0.6166865595306232,4,-0.6059272655413414,2,0,False,False,False,False,False,False,False,True,False
-0.660282668649042,0.1835229556510974,-0.47366134105219687,-0.5301445493316872,0,6,-0.08455403224372474,2,0.47198144504329875,2,1,False,False,False,False,False,False,False,True,False
1.607890540429687,-0.02222466167326615,0.3089912383466744,0.18555774928907673,3,6,1.824378689808667,5,0.29594687382247137,8,0,False,True,False,False,False,False,False,False,False
-1.3581821175963433,-0.5023024354301144,-0.47366134105219687,-0.7090701239868782,7,6,-0.2793430855143769,4,-0.2314574816324678,1,0,True,False,False,False,False,False,False,False,False
0.21209164253508458,-0.44351740190886774,1.874296397144417,1.1100065516742301,7,6,-0.5910055707474204,2,-0.15493431084145182,5,0,True,False,False,False,False,False,False,False,False
-1.0092323931226925,-0.2083772678238808,-0.47366134105219687,-0.8581747695328706,1,6,-0.35725870682263783,5,0.11461825040449736,6,0,False,False,False,False,False,False,False,False,True
-0.48580780641221666,0.712588257342318,1.874296397144417,1.766066992076597,15,6,0.11023502102692746,3,0.8423232274957445,6,0,True,False,False,False,False,False,False,False,False
-1.707131842069994,-0.6590625248201057,-0.47366134105219687,-0.6196073366592827,9,6,-0.5130899494391595,3,-0.45911897301738686,4,1,False,False,False,False,False,False,False,False,True
1.2589408159560365,-0.23776978458450418,-0.47366134105219687,-0.17229340002130522,3,6,0.18815064233518836,3,0.08367171823297616,2,0,False,False,False,False,False,False,True,False,False
-0.660282668649042,0.3108905282804653,-0.47366134105219687,0.036453103743084254,2,6,-0.5130899494391595,3,0.5706562365594813,2,1,False,True,False,False,False,False,False,False,False
1.2589408159560365,2.0450490171572437,-1.2563139204510683,-1.4247724226076421,0,6,0.9673068554177972,6,1.4842759264402192,2,1,False,False,False,False,False,False,True,False,False
0.3865665047719099,-0.7472400751019759,0.3089912383466744,1.1100065516742301,8,6,-0.5910055707474204,3,-0.6059272655413414,5,0,False,False,False,False,False,False,False,False,True
-1.5326569798331686,-1.070557759468833,0.3089912383466744,2.064276283168582,17,6,-2.032444564950247,1,-1.3383580573075964,6,1,False,False,False,False,False,False,False,False,False
-1.8816067043068192,-0.6590625248201057,-1.2563139204510683,-1.4247724226076421,0,6,0.5777287488764927,2,-0.45911897301738686,1,0,False,False,False,False,False,False,True,False,False
0.5610413670087352,0.5656256735392011,-0.47366134105219687,-0.7687119822052751,1,6,0.8504334234554058,3,0.7490327517586794,2,1,False,False,False,False,False,False,True,False,False
-0.8347575308858673,-0.5023024354301144,0.3089912383466744,0.09609496196148125,5,6,0.22710845298931878,5,-0.2314574816324678,2,1,False,True,False,False,False,False,False,False,False
1.4334156781928618,-1.2763053767931964,1.0916438177455456,-0.41086083289489317,3,6,1.746463068500406,5,-2.1536495098153177,2,1,False,True,False,False,False,False,False,False,False
-0.31133294417539137,0.7223857629291924,1.0916438177455456,0.7819763314730467,14,6,-0.824752434672203,4,0.8483235103111203,6,0,False,False,False,False,True,False,False,False,False
1.607890540429687,-0.051617178433889514,-0.47366134105219687,-0.41086083289489317,8,6,1.395842772613232,3,0.2688562415721272,1,0,False,False,False,False,False,False,True,False,False
0.03761678029825927,-0.9529876924263394,0.3089912383466744,0.3644833239442677,13,6,-0.5910055707474204,4,-1.0252279810364753,4,0,True,False,False,False,False,False,False,False,False
-0.48580780641221666,-0.276959806932002,-0.47366134105219687,-0.6494282657684811,0,6,0.4998131275682319,3,0.04129721402351179,6,0,False,True,False,False,False,False,False,False,False
0.7355162292455605,0.12473792212985067,-1.2563139204510683,-1.4247724226076421,0,6,0.4998131275682319,4,0.4239395010135452,1,1,False,False,False,False,False,False,True,False,False
0.03761678029825927,-0.23776978458450418,-1.2563139204510683,-1.4247724226076421,1,6,1.668547447192145,5,0.08367171823297616,1,0,False,True,False,False,False,False,False,False,False
-0.13685808193856605,-0.2573647957582531,-0.47366134105219687,-0.7388910530960766,8,6,-0.006638410935463857,5,0.06264745142044481,2,1,False,False,False,False,False,False,False,True,False
-1.5326569798331686,-1.0019752203607117,-0.47366134105219687,-1.365130564389245,2,6,-0.629963381401551,3,-1.1471715638977271,5,0,False,False,False,False,False,False,False,False,True
1.607890540429687,2.1626190841997373,0.3089912383466744,0.06627403285228275,1,6,-0.4351743281308987,4,1.5288209227677154,1,0,False,True,False,False,False,False,False,False,False
-0.31133294417539137,-0.1201997175420107,0.3089912383466744,0.15573682017987825,4,6,-0.55204776009329,2,0.2034918423428913,4,0,False,True,False,False,False,False,False,False,False
0.03761678029825927,0.026762866261106126,-0.47366134105219687,-0.4705026911132902,9,6,-0.08455403224372474,5,0.33994623099611615,6,1,False,False,False,False,False,False,True,False,False
-0.31133294417539137,-0.11040221195513625,1.0916438177455456,0.15573682017987825,2,6,-0.3183008961685074,2,0.21302172624107618,2,1,True,False,False,False,False,False,False,False,False
-1.183707255359518,-0.5316949521907378,0.3089912383466744,1.4976786300938105,12,6,-0.7857946240180727,2,-0.2713751382190057,6,0,False,False,False,False,False,False,False,False,True
-0.48580780641221666,-0.6786575359938547,-0.47366134105219687,-1.186204989734054,0,6,0.4998131275682319,4,-0.4904172004346891,1,0,False,True,False,False,False,False,False,False,False
0.21209164253508458,0.5068406400179545,2.6569489765432883,2.3624855742605666,18,6,1.1620959086884493,5,0.7098719309852979,1,0,False,True,False,False,False,False,False,False,False
-0.13685808193856605,1.1044884808172961,1.0916438177455456,1.0205437643466346,14,6,0.5387709382223623,5,1.0640156967541041,2,0,False,True,False,False,False,False,False,False,False
0.03761678029825927,-0.2083772678238808,1.0916438177455456,1.4380367718754135,10,6,-0.629963381401551,2,0.11461825040449736,5,1,False,False,False,False,False,False,False,False,True
0.7355162292455605,-0.7668350862757247,1.0916438177455456,0.3644833239442677,4,6,0.07127721037279702,2,-0.6407914752553205,2,1,False,False,False,False,False,False,True,False,False
0.03761678029825927,-1.4232679605963132,1.874296397144417,1.9748134958409862,21,6,-0.9805836772887249,3,-3.338200610194098,4,0,False,False,False,False,False,False,False,False,False
1.607890540429687,-0.48270742425636554,1.0916438177455456,0.6626926150362527,8,6,-1.175372730559377,3,-0.20547439517485935,5,1,False,False,False,False,False,True,False,False,False
-0.31133294417539137,-0.49250492984324,-0.47366134105219687,-0.5897864075500842,11,6,0.1491928316810579,2,-0.218404656630343,2,1,False,False,False,False,False,False,True,False,False
0.3865665047719099,1.0652984584697984,0.3089912383466744,-0.02318875447531274,10,6,-0.8637102453263336,2,1.0433851576718816,6,0,False,False,False,False,False,False,True,False,False
1.4334156781928618,-1.1783303209244518,-0.47366134105219687,-0.3810399037856947,3,6,1.045222476726058,4,-1.7055224515241862,6,1,False,False,False,False,False,False,False,True,False
-1.8816067043068192,1.035905941709175,0.3089912383466744,-1.4247724226076421,0,6,-0.2403852748602465,3,1.0277068547965174,2,0,True,False,False,False,False,False,False,False,False
-0.31133294417539137,-0.41412488514824436,-1.2563139204510683,-1.126563131515657,2,6,-1.7597398903713337,3,-0.11821046178020403,6,1,False,False,True,False,False,False,False,False,False
0.9099910914823859,0.09534540536922731,0.3089912383466744,-0.02318875447531274,9,6,0.1491928316810579,3,0.39927503162604266,1,1,False,False,False,False,False,False,False,True,False
-1.3581821175963433,0.01696536067423167,-0.47366134105219687,-1.0371003441880615,0,6,-0.9805836772887249,1,0.3312581092593746,5,1,True,False,False,False,False,False,False,False,False
0.7355162292455605,1.2416535590335387,-0.47366134105219687,-0.7090701239868782,2,6,1.590631825883884,5,1.1338816876029298,9,1,False,False,False,False,False,False,False,True,False
-0.48580780641221666,-0.943190186839465,-1.2563139204510683,-1.305488706170848,9,6,0.22710845298931878,2,-1.002083524848421,2,1,False,False,False,False,False,False,True,False,False
-0.31133294417539137,-0.09080720078138733,-1.2563139204510683,-0.3512189746764962,4,6,-0.7468368133639423,3,0.23188589421479966,7,0,True,False,False,False,False,False,False,False,False
1.607890540429687,-0.6688600304069802,0.3089912383466744,-0.2319352582397022,0,6,-1.0974571092511163,3,-0.47467916939348176,4,0,False,False,False,False,False,False,True,False,False
0.7355162292455605,-0.5708849745382356,-0.47366134105219687,-0.4705026911132902,5,6,-0.902668055980464,2,-0.32646499341165824,6,0,False,False,False,False,False,False,False,False,True
0.03761678029825927,-0.7472400751019759,0.3089912383466744,-1.0669212732972602,8,6,-1.3701617838300293,2,-0.6059272655413414,4,1,True,False,False,False,False,False,False,False,False
-0.48580780641221666,-0.7766325918625993,-0.47366134105219687,0.15573682017987825,5,6,-0.7078790027098117,2,-0.6585602731110675,4,0,False,False,False,False,False,False,True,False,False
1.4334156781928618,-0.051617178433889514,-1.2563139204510683,-0.7388910530960766,8,6,-0.045596221589594296,4,0.2688562415721272,6,0,False,True,False,False,False,False,False,False,False
-0.8347575308858673,-0.17898475106325742,2.6569489765432883,1.467857700984612,19,6,-0.9805836772887249,3,0.14488458363535497,6,0,False,False,False,False,False,False,True,False,False
0.5610413670087352,1.9764664780491228,-0.47366134105219687,-0.3810399037856947,3,6,0.11023502102692746,4,1.4576099781549887,8,1,False,False,False,False,False,False,True,False,False
1.0844659537192112,-1.1293427929900797,-1.2563139204510683,-1.126563131515657,7,6,0.7725178021471449,4,-1.5264311360351905,2,0,False,False,False,False,False,False,False,True,False
0.03761678029825927,1.8393013998328804,1.874296397144417,0.4539461112718632,13,6,0.694602180838884,5,1.4026771158060747,2,1,False,True,False,False,False,False,False,False,False
1.9568402649033378,-0.6100749968857335,-0.47366134105219687,-0.9178166277512676,0,6,-0.2793430855143769,4,-0.3838509103740575,7,1,False,True,False,False,False,False,False,False,False
-0.31133294417539137,0.45785311208358215,-0.47366134105219687,0.3346623948350692,4,6,0.8114756128012753,5,0.6763651020883437,8,0,False,True,False,False,False,False,False,False,False
0.9099910914823859,1.4865911987054,1.0916438177455456,2.1835599996053756,17,6,1.1620959086884493,7,1.2504540207560089,6,1,False,False,False,False,False,False,False,True,False
-0.660282668649042,-0.39452987397449546,-0.47366134105219687,-1.2458468479524512,0,6,-1.7986977010254641,2,-0.09426094112760951,6,1,False,False,False,False,False,False,False,False,False
0.5610413670087352,-0.3259473348663743,-0.47366134105219687,-1.305488706170848,0,6,-0.7857946240180727,3,-0.013573101475193741,5,0,False,False,False,False,False,False,False,True,False
-0.31133294417539137,-0.2279722789976297,0.3089912383466744,-0.3810399037856947,1,6,-1.9934867542961163,2,0.09406469380928996,5,0,False,False,False,False,False,False,False,False,False
0.21209164253508458,0.3402830450410887,-0.47366134105219687,0.8416181896914436,11,6,1.0841802873801885,5,0.5924571572290916,2,0,False,True,False,False,False,False,False,False,False
0.7355162292455605,2.995407059084066,-1.2563139204510683,-1.3949514934984435,2,6,0.8114756128012753,5,1.808804908382468,3,0,False,True,False,False,False,False,False,False,False
-1.3581821175963433,-0.9823802091869628,1.0916438177455456,1.4976786300938105,20,6,0.1491928316810579,4,-1.0970910366276114,2,0,False,False,False,False,False,False,False,False,True
0.03761678029825927,-0.5414924577776122,-1.2563139204510683,-1.4247724226076421,0,6,0.8504334234554058,3,-0.2849423684297165,8,0,False,False,False,False,False,False,True,False,False
1.4334156781928618,0.35008055062796317,0.3089912383466744,0.7819763314730467,13,6,0.4608553169141014,5,0.599648101649971,2,0,False,True,False,False,False,False,False,False,False
1.7823654026665123,-0.35533985162699766,-0.47366134105219687,0.7521554023638481,5,6,0.8893912341095362,3,-0.04757637791488216,6,1,False,True,False,False,False,False,False,False,False
0.7355162292455605,-0.7178475583413525,0.3089912383466744,0.2750205366166722,0,6,1.2400115299967103,5,-0.5552321153074962,2,1,False,False,False,False,False,False,False,True,False
0.21209164253508458,0.3402830450410887,-0.47366134105219687,-0.17229340002130522,9,6,0.6166865595306232,3,0.5924571572290916,2,1,False,True,False,False,False,False,False,False,False
0.5610413670087352,0.09534540536922731,-0.47366134105219687,-0.2021143291305037,12,6,0.7335599914930145,5,0.39927503162604266,1,0,False,False,False,False,False,False,True,False,False
0.03761678029825927,4.376855346833364,-1.2563139204510683,-0.7388910530960766,3,6,-0.20142746420611607,5,2.1755887408369645,2,1,False,False,False,False,False,False,True,False,False
-0.31133294417539137,0.712588257342318,0.3089912383466744,-0.02318875447531274,5,6,0.42189750625997097,3,0.8423232274957445,2,0,False,False,False,False,False,False,False,True,False
-0.660282668649042,-1.050962748295084,-1.2563139204510683,-1.3949514934984435,5,6,-1.6428664584089423,2,-1.2809721403451977,4,1,False,False,False,True,False,False,False,False,False
0.9099910914823859,0.6244107070604479,-1.2563139204510683,0.6030507568178557,1,6,0.18815064233518836,5,0.7871106449087427,2,1,False,True,False,False,False,False,False,False,False
-0.31133294417539137,-0.3357448404532487,1.0916438177455456,1.1696484098926272,26,6,1.1231380980343189,4,-0.024814492288357765,2,0,False,True,False,False,False,False,False,False,False
-1.3581821175963433,-0.4043273795613699,-0.47366134105219687,-1.2458468479524512,0,6,-0.08455403224372474,4,-0.10618363662241849,1,0,False,True,False,False,False,False,False,False,False
-0.13685808193856605,0.47744812325733105,-0.47366134105219687,-1.4247724226076421,0,6,0.22710845298931878,3,0.6898658252005728,1,0,False,True,False,False,False,False,False,False,False
1.4334156781928618,-0.6100749968857335,-0.47366134105219687,-1.4247724226076421,8,6,0.30502407429757966,4,-0.3838509103740575,8,1,False,False,False,False,False,False,False,True,False
1.2589408159560365,0.7321832685160669,3.4396015559421595,3.644785525956102,21,6,0.03231939971866658,5,0.8542977614489293,8,0,False,False,False,False,False,False,True,False,False
-0.31133294417539137,-0.5414924577776122,-0.47366134105219687,0.4539461112718632,11,6,-0.55204776009329,3,-0.2849423684297165,5,1,True,False,False,False,False,False,False,False,False
2.131315127140163,-0.44351740190886774,-1.2563139204510683,-1.4247724226076421,0,6,-0.2403852748602465,4,-0.15493431084145182,6,0,False,False,False,False,False,False,True,False,False
0.9099910914823859,1.7511238495510102,0.3089912383466744,-1.0371003441880615,0,6,0.38293969560584057,3,1.366169632952732,2,1,False,False,False,False,False,False,True,False,False
0.21209164253508458,0.38927057297546097,-1.2563139204510683,-0.11265154180290822,8,6,0.6166865595306232,6,0.6280421535218793,6,0,False,False,False,False,False,False,True,False,False
-0.48580780641221666,0.692993246168569,-0.47366134105219687,-1.186204989734054,0,6,1.317927151304971,7,0.830243652429796,8,0,False,True,False,False,False,False,False,False,False
0.21209164253508458,-0.9333926812525905,0.3089912383466744,-0.2319352582397022,6,6,-2.032444564950247,1,-0.9793216392218965,4,0,False,False,False,False,False,False,False,False,False
-0.8347575308858673,-0.1887822566501319,-1.2563139204510683,-1.4247724226076421,0,6,0.1491928316810579,4,0.1348695378381167,8,1,False,False,False,False,False,False,False,True,False
-0.31133294417539137,0.13453542771672514,0.3089912383466744,0.48376704038106166,3,6,0.9283490447636668,6,0.4320637884567608,8,1,False,False,False,False,False,False,True,False,False
0.5610413670087352,-0.384732368387621,2.6569489765432883,1.408215842766215,13,6,-0.9416258666345945,4,-0.08244058762886136,5,1,True,False,False,False,False,False,False,False,False
-1.0092323931226925,1.2122610422729152,0.3089912383466744,0.5732298277086572,8,6,-0.9805836772887249,5,1.1192059246081507,2,1,False,False,False,False,True,False,False,False,False
0.03761678029825927,-1.3350904103144432,0.3089912383466744,-0.5301445493316872,0,6,-1.5649508371006815,3,-2.514941559408418,5,0,False,False,False,False,False,False,False,False,True
-0.48580780641221666,-0.9725827036000884,1.0916438177455456,1.3187530554386195,14,6,-0.902668055980464,1,-1.0727176087137429,4,1,False,False,False,False,False,True,False,False,False
1.0844659537192112,-0.17898475106325742,-0.47366134105219687,-0.8879956986420691,3,6,-0.16246965355198562,4,0.14488458363535497,6,1,False,False,False,False,False,False,True,False,False
-0.8347575308858673,-1.0215702315344606,1.0916438177455456,1.0205437643466346,17,6,-1.1364149199052467,3,-1.199142362881779,4,1,False,False,True,False,False,False,False,False,False
0.21209164253508458,-0.8256201197969715,-0.47366134105219687,-0.7687119822052751,0,6,0.18815064233518836,2,-0.7510153045906475,8,1,False,True,False,False,False,False,False,False,False
-0.48580780641221666,0.8007658076241881,0.3089912383466744,0.8714391188006422,8,6,-0.2403852748602465,4,0.8954071643040282,8,1,False,True,False,False,False,False,False,False,False
-1.0092323931226925,-0.09080720078138733,-1.2563139204510683,-0.3213980455672977,0,6,1.2010537193425799,4,0.23188589421479966,6,1,False,True,False,False,False,False,False,False,False
-1.707131842069994,-0.5708849745382356,1.0916438177455456,1.2889321263294211,19,6,0.1491928316810579,3,-0.32646499341165824,6,1,False,True,False,False,False,False,False,False,False
2.4802648516138137,-1.139140298576954,-1.2563139204510683,-1.4247724226076421,2,6,-1.4870352157924205,2,-1.5604344124748795,7,0,False,False,False,True,False,False,False,False,False
-0.8347575308858673,-0.5610874689513612,0.3089912383466744,-0.2319352582397022,14,6,-0.902668055980464,4,-0.31248454107410345,4,0,False,False,False,False,True,False,False,False,False
1.2589408159560365,-0.02222466167326615,-0.47366134105219687,-0.6792491948776797,0,6,-0.47413213878502913,2,0.29594687382247137,2,1,False,False,False,False,False,False,True,False,False
-0.660282668649042,0.8105633132110626,-1.2563139204510683,-1.0371003441880615,1,6,1.7075052578462755,4,0.901181020676341,9,1,False,True,False,False,False,False,False,False,False
-1.8816067043068192,-1.070557759468833,-1.2563139204510683,-0.1424724709121067,7,6,-0.6689211920556813,3,-1.3383580573075964,7,0,False,False,False,True,False,False,False,False,False
-0.13685808193856605,-0.13979472871575963,1.874296397144417,1.9151716376225894,18,6,1.6295896365380147,3,0.18423190982344206,6,0,False,True,False,False,False,False,False,False,False
2.305789989376988,-0.9921777147738372,-0.47366134105219687,0.30484146572587073,5,6,-1.9155711329878555,2,-1.121903648958335,6,1,False,False,False,False,False,False,False,False,True
-1.5326569798331686,1.5747687489872702,-0.47366134105219687,-0.2021143291305037,5,6,0.03231939971866658,3,1.2901161689036704,2,1,False,False,False,False,False,False,True,False,False
0.03761678029825927,-0.17898475106325742,-1.2563139204510683,-1.3353096352800466,0,6,-0.12351184289785518,2,0.14488458363535497,8,0,False,True,False,False,False,False,False,False,False
-0.8347575308858673,-1.1293427929900797,0.3089912383466744,-0.4705026911132902,4,6,-1.7597398903713337,2,-1.5264311360351905,6,0,False,False,False,False,False,False,False,False,True
-0.8347575308858673,-0.012427156086391696,1.0916438177455456,0.30484146572587073,8,6,-0.629963381401551,2,0.30485993230054503,5,1,False,False,False,False,False,False,True,False,False
0.3865665047719099,-0.6884550415807291,-0.47366134105219687,-1.4247724226076421,0,6,-0.902668055980464,2,-0.5063371780610029,6,0,True,False,False,False,False,False,False,False,False
-0.31133294417539137,-0.7080500527544781,-0.47366134105219687,-1.007279415078863,5,6,0.5777287488764927,3,-0.5387401490011535,1,0,False,True,False,False,False,False,False,False,False
1.2589408159560365,-1.0117727259475862,1.874296397144417,0.5732298277086572,6,6,-0.7468368133639423,3,-1.1729118035638813,6,0,False,False,False,False,False,False,False,False,True
0.03761678029825927,0.5754231791260757,-0.47366134105219687,-0.41086083289489317,0,6,0.6166865595306232,7,0.7554526362412216,1,0,False,False,False,False,False,False,False,True,False
-1.3581821175963433,-0.2573647957582531,-1.2563139204510683,-0.9476375568604661,0,6,0.5387709382223623,3,0.06264745142044481,2,0,False,False,False,False,False,False,True,False,False
-1.183707255359518,-0.7374425695151013,0.3089912383466744,0.6328716859270541,8,6,-0.5910055707474204,2,-0.588820676271268,5,0,False,False,False,False,True,False,False,False,False
0.3865665047719099,-0.03202216726014061,0.3089912383466744,1.7958879211857954,13,6,0.11023502102692746,3,0.2869757494074534,6,1,False,False,False,False,False,False,False,True,False
-0.31133294417539137,-0.8354176253838459,1.0916438177455456,0.30484146572587073,12,6,-0.8637102453263336,3,-0.7702752371100967,6,0,False,True,False,False,False,False,False,False,False
-0.8347575308858673,-0.5218974466038634,0.3089912383466744,0.036453103743084254,10,6,-0.5910055707474204,1,-0.2579402733400024,4,1,False,False,False,False,False,False,True,False,False
-0.13685808193856605,0.0757503941954784,0.3089912383466744,-0.1424724709121067,11,6,-0.5910055707474204,3,0.3825831578318871,4,1,True,False,False,False,False,False,False,False,False
-1.183707255359518,-0.06141468402076397,0.3089912383466744,0.18555774928907673,6,6,-0.20142746420611607,4,0.25970628945380353,8,0,False,True,False,False,False,False,False,False,False
-0.31133294417539137,-0.051617178433889514,-0.47366134105219687,-0.8879956986420691,3,6,0.6556443701847536,5,0.2688562415721272,1,1,False,False,False,False,False,False,True,False,False
0.21209164253508458,1.2024635366860408,-1.2563139204510683,-0.8283538404236721,0,6,-0.2403852748602465,5,1.1142790401847764,8,0,False,False,False,False,False,False,False,False,True
-0.31133294417539137,-0.06141468402076397,-0.47366134105219687,-1.4247724226076421,0,6,1.395842772613232,4,0.25970628945380353,6,0,False,False,False,False,False,False,True,False,False
-1.0092323931226925,0.26190300034609304,0.3089912383466744,0.006632174633885757,4,6,0.3439818849517101,3,0.5335363953381014,2,1,False,False,False,False,False,False,False,True,False
-1.183707255359518,-0.39452987397449546,0.3089912383466744,-0.05300968358451123,0,6,1.746463068500406,6,-0.09426094112760951,2,1,False,True,False,False,False,False,False,False,False
0.3865665047719099,0.1835229556510974,-0.47366134105219687,-1.4247724226076421,1,6,1.3568849619591015,6,0.47198144504329875,6,1,False,False,False,False,False,False,True,False,False
2.305789989376988,-0.8942026589050927,-1.2563139204510683,-1.4247724226076421,3,6,-0.47413213878502913,3,-0.891859695513094,5,0,False,False,False,False,False,False,True,False,False
-0.13685808193856605,0.7811707964504392,1.0916438177455456,1.2889321263294211,17,6,-1.603908647754812,3,0.8837863128306024,5,1,False,False,False,False,False,False,True,False,False
0.7355162292455605,2.4075567238715987,1.0916438177455456,0.18555774928907673,14,6,1.0841802873801885,4,1.6172378532105054,9,0,False,False,False,False,False,False,True,False,False
0.3865665047719099,1.4474011763579022,0.3089912383466744,-0.17229340002130522,1,6,0.1491928316810579,4,1.2324529444604144,2,1,False,True,False,False,False,False,False,False,False
1.7823654026665123,0.11494041654297622,-0.47366134105219687,-1.3353096352800466,7,6,-0.2403852748602465,3,0.4157669979323853,8,0,False,False,False,False,False,False,False,False,True
1.2589408159560365,-0.3259473348663743,-1.2563139204510683,-0.17229340002130522,0,6,-0.6689211920556813,2,-0.013573101475193741,4,0,False,True,False,False,False,False,False,False,False
0.3865665047719099,-0.35533985162699766,-0.47366134105219687,0.4241251821626647,16,6,-0.9416258666345945,2,-0.04757637791488216,5,1,False,False,False,False,False,False,False,False,True
-0.660282668649042,-0.43371989632199326,1.0916438177455456,1.050364693455833,18,6,-1.0584992985969857,3,-0.14258388969407385,4,1,False,False,True,False,False,False,False,False,False
-0.660282668649042,-0.9725827036000884,-0.47366134105219687,-0.7985329113144737,0,6,-0.9416258666345945,1,-1.0727176087137429,4,0,True,False,False,False,False,False,False,False,False
-1.5326569798331686,1.2612485702072875,-0.47366134105219687,-0.11265154180290822,2,6,0.2660662636434492,5,1.1435793525220204,2,1,False,False,False,False,False,False,True,False,False
0.7355162292455605,0.7027907517554436,1.0916438177455456,-0.02318875447531274,18,6,0.07127721037279702,5,0.8362966851533348,6,0,False,False,False,False,False,False,True,False,False
0.21209164253508458,-0.03202216726014061,-1.2563139204510683,-0.7388910530960766,7,6,1.2789693406508407,4,0.2869757494074534,1,0,False,False,False,False,False,False,True,False,False
-0.31133294417539137,-0.8550126365575949,1.0916438177455456,1.825708850294994,13,6,-1.525993026446551,1,-0.8096225632981838,4,0,False,False,False,False,False,False,False,False,True
-0.31133294417539137,-1.1097477818163306,1.0916438177455456,0.4539461112718632,5,6,2.1360411750417105,6,-1.460844324994541,1,1,False,True,False,False,False,False,False,False,False
0.9099910914823859,0.35008055062796317,0.3089912383466744,-0.6196073366592827,11,6,1.0841802873801885,4,0.599648101649971,2,1,False,False,False,False,False,False,True,False,False
0.3865665047719099,-1.1195452874032052,-0.47366134105219687,-1.0967422024064586,9,6,-1.5649508371006815,3,-1.4932472959346916,4,0,False,False,False,False,False,True,False,False,False
0.21209164253508458,0.12473792212985067,0.3089912383466744,1.348573984547818,11,6,-1.5649508371006815,2,0.4239395010135452,6,1,True,False,False,False,False,False,False,False,False
-0.8347575308858673,-0.8256201197969715,-1.2563139204510683,-0.2915771164580992,3,6,-0.3962165174767683,3,-0.7510153045906475,6,0,False,True,False,False,False,False,False,False,False
-0.48580780641221666,0.04635787743485503,-1.2563139204510683,-1.4247724226076421,0,6,-0.3962165174767683,3,0.35715973922484895,2,1,True,False,False,False,False,False,False,False,False
1.607890540429687,0.3108905282804653,-0.47366134105219687,-0.7090701239868782,4,6,-1.0584992985969857,2,0.5706562365594813,5,1,False,False,False,False,True,False,False,False,False
-1.8816067043068192,-0.5316949521907378,-0.47366134105219687,1.0801856225650317,13,6,-0.5130899494391595,1,-0.2713751382190057,5,0,False,True,False,False,False,False,False,False,False
0.7355162292455605,0.2031179668248463,-0.47366134105219687,1.1696484098926272,11,6,0.4608553169141014,2,0.4876300535235215,6,1,False,False,False,False,False,False,False,True,False
1.2589408159560365,0.9967159193616772,-1.2563139204510683,-1.2160259188432525,0,6,1.3568849619591015,4,1.0065208564989951,6,0,False,False,False,False,False,False,True,False,False
0.21209164253508458,0.05615538302172949,0.3089912383466744,0.21537867839827524,20,6,-1.2143305412135075,1,0.3656864706622696,5,1,True,False,False,False,False,False,False,False,False
-0.660282668649042,-1.3056978935538197,-0.47366134105219687,-0.8283538404236721,3,6,-1.8376555116795945,1,-2.3224805978581817,5,1,False,False,True,False,False,False,False,False,False
-0.48580780641221666,1.7707188607247593,1.0916438177455456,1.2889321263294211,7,6,0.1491928316810579,5,1.3743664591031468,1,1,False,True,False,False,False,False,False,False,False
-1.0092323931226925,-0.6688600304069802,1.0916438177455456,1.4976786300938105,16,6,-0.3962165174767683,5,-0.47467916939348176,4,0,False,False,False,False,False,False,True,False,False
0.3865665047719099,0.47744812325733105,-1.2563139204510683,-1.186204989734054,0,6,1.5127162045756233,5,0.6898658252005728,2,1,False,False,False,False,False,False,True,False,False
0.7355162292455605,0.1443329333035996,1.0916438177455456,0.6626926150362527,11,6,0.8893912341095362,3,0.4401404258462551,2,1,False,False,False,False,False,False,False,True,False
0.03761678029825927,-0.5610874689513612,1.0916438177455456,-0.9476375568604661,7,6,-0.006638410935463857,3,-0.31248454107410345,6,1,False,True,False,False,False,False,False,False,False
2.6547397138506392,1.2416535590335387,0.3089912383466744,0.09609496196148125,9,6,0.6556443701847536,6,1.1338816876029298,6,0,False,False,False,False,False,False,True,False,False
-0.660282668649042,-1.0117727259475862,1.874296397144417,-0.5003236202224887,7,6,-1.2922461625217683,1,-1.1729118035638813,4,1,True,False,False,False,False,False,False,False,False
0.03761678029825927,0.12473792212985067,3.4396015559421595,1.9151716376225894,15,6,0.11023502102692746,3,0.4239395010135452,8,1,True,False,False,False,False,False,False,False,False
0.9099910914823859,-0.276959806932002,-0.47366134105219687,-0.2319352582397022,5,6,-0.47413213878502913,4,0.04129721402351179,6,0,False,False,False,False,False,False,True,False,False
0.5610413670087352,-0.1006047063682618,1.0916438177455456,1.408215842766215,13,6,1.317927151304971,7,0.22248611213799482,2,1,False,False,False,False,False,False,True,False,False
-1.3581821175963433,1.0652984584697984,1.0916438177455456,1.1696484098926272,12,6,2.1360411750417105,6,1.0433851576718816,9,0,False,False,False,False,False,False,True,False,False
-1.5326569798331686,-0.943190186839465,-0.47366134105219687,-1.4247724226076421,1,6,1.824378689808667,3,-1.002083524848421,2,0,False,False,False,False,False,False,True,False,False
0.5610413670087352,-0.5023024354301144,0.3089912383466744,1.1696484098926272,10,6,-0.824752434672203,3,-0.2314574816324678,4,1,False,True,False,False,False,False,False,False,False
0.21209164253508458,1.3004385925547852,-0.47366134105219687,-0.6494282657684811,8,6,0.6166865595306232,4,1.1627721750861761,8,1,False,True,False,False,False,False,False,False,False
-1.3581821175963433,0.24230798917234414,-1.2563139204510683,-0.17229340002130522,6,6,-0.824752434672203,4,0.5184036856097667,6,1,False,False,False,False,False,False,False,False,True
-1.5326569798331686,-0.5023024354301144,1.0916438177455456,1.7064251338582,7,6,-1.2143305412135075,2,-0.2314574816324678,7,1,True,False,False,False,False,False,False,False,False
-0.48580780641221666,0.43825810090983325,0.3089912383466744,-0.9178166277512676,3,6,0.03231939971866658,5,0.6627307062769666,1,1,False,False,False,False,False,False,False,True,False
0.3865665047719099,-0.8452151309707204,-1.2563139204510683,-1.2458468479524512,0,6,-1.331203973175899,1,-0.7898083692589257,4,0,True,False,False,False,False,False,False,False,False
0.7355162292455605,-0.07121218960763843,-0.47366134105219687,-0.3213980455672977,9,6,0.5387709382223623,5,0.25049513318749494,2,1,True,False,False,False,False,False,False,False,False
0.3865665047719099,1.3004385925547852,-0.47366134105219687,-0.6792491948776797,7,6,-0.3962165174767683,5,1.1627721750861761,2,0,False,False,False,False,False,False,True,False,False
-0.31133294417539137,0.0757503941954784,-0.47366134105219687,-0.3512189746764962,4,6,0.07127721037279702,4,0.3825831578318871,2,0,False,False,False,False,False,False,False,True,False
-0.48580780641221666,1.3102360981416599,-1.2563139204510683,-0.7985329113144737,3,6,1.590631825883884,6,1.167528873174615,1,0,False,False,False,False,False,False,True,False,False
1.607890540429687,-0.15938973988950852,-0.47366134105219687,-0.5599654784408856,11,6,0.6166865595306232,4,0.16469877767461183,6,0,False,True,False,False,False,False,False,False,False
-1.183707255359518,-0.8060251086232226,-0.47366134105219687,0.5135879694902602,12,6,-0.9805836772887249,3,-0.7132851984679097,4,0,False,False,False,False,True,False,False,False,False
-0.48580780641221666,0.820360818797937,0.3089912383466744,-0.7985329113144737,0,6,0.7335599914930145,3,0.9069307690186567,1,0,False,True,False,False,False,False,False,False,False
-0.48580780641221666,-0.2279722789976297,1.0916438177455456,0.7819763314730467,11,6,1.3568849619591015,5,0.09406469380928996,8,1,False,True,False,False,False,False,False,False,False
-0.660282668649042,0.05615538302172949,1.0916438177455456,1.1100065516742301,12,6,2.6035349028912758,6,0.3656864706622696,9,1,False,False,False,False,False,False,False,True,False
0.3865665047719099,0.05615538302172949,0.3089912383466744,1.1398274807834285,9,6,0.6556443701847536,5,0.3656864706622696,2,1,False,True,False,False,False,False,False,False,False
-0.8347575308858673,0.007167855087357215,0.3089912383466744,0.3644833239442677,3,6,-1.44807740513829,2,0.3225148244754811,6,0,False,False,False,False,False,False,False,True,False
0.03761678029825927,-1.4232679605963132,-1.2563139204510683,-0.7985329113144737,9,6,-1.0584992985969857,2,-3.338200610194098,4,0,False,False,False,True,False,False,False,False,False
-0.48580780641221666,-0.12999722312888515,-0.47366134105219687,-0.5003236202224887,7,6,0.18815064233518836,4,0.19389554756830313,1,1,False,False,False,False,False,False,True,False,False
2.131315127140163,0.26190300034609304,-0.47366134105219687,0.3346623948350692,9,6,-0.4351743281308987,5,0.5335363953381014,1,0,False,False,False,False,False,False,True,False,False
0.3865665047719099,-0.923595175665716,-0.47366134105219687,1.1994693390018256,10,6,-0.9416258666345945,3,-0.9569298820016794,4,0,True,False,False,False,False,False,False,False,False
-0.13685808193856605,2.192011600960361,-0.47366134105219687,-0.2617561873489007,13,6,-0.629963381401551,4,1.5397356118291001,2,1,False,True,False,False,False,False,False,False,False
-1.8816067043068192,0.8791458523191837,0.3089912383466744,0.06627403285228275,4,6,0.3439818849517101,3,0.940934045458345,1,1,False,True,False,False,False,False,False,False,False
-0.660282668649042,2.4859367685665945,0.3089912383466744,0.8714391188006422,17,6,-0.35725870682263783,4,1.6443729721341116,2,0,False,False,False,False,True,False,False,False,False
-1.3581821175963433,2.054846522744118,-0.47366134105219687,-0.7090701239868782,0,6,-0.045596221589594296,3,1.488043542271639,2,0,True,False,False,False,False,False,False,False,False
1.4334156781928618,-0.5218974466038634,-0.47366134105219687,-0.7388910530960766,6,6,-0.12351184289785518,4,-0.2579402733400024,2,1,False,False,False,False,False,False,False,False,True
-0.48580780641221666,0.43825810090983325,-1.2563139204510683,-1.4247724226076421,7,6,-0.902668055980464,3,0.6627307062769666,4,0,False,False,False,False,False,False,False,True,False
1.0844659537192112,0.12473792212985067,-1.2563139204510683,-1.3353096352800466,0,6,-0.20142746420611607,3,0.4239395010135452,2,0,False,False,False,False,False,False,False,False,True
-1.183707255359518,0.2325104835854697,-1.2563139204510683,-1.007279415078863,1,6,-0.55204776009329,3,0.510774509711577,2,0,False,False,False,False,True,False,False,False,False
-0.660282668649042,1.0652984584697984,1.0916438177455456,0.9310809770190391,12,6,-0.006638410935463857,3,1.0433851576718816,6,1,False,False,False,False,False,False,False,True,False
-1.3581821175963433,-1.0117727259475862,-1.2563139204510683,-1.0967422024064586,11,6,0.9283490447636668,4,-1.1729118035638813,6,1,False,True,False,False,False,False,False,False,False
0.5610413670087352,-0.3455423460401232,-1.2563139204510683,-0.8581747695328706,6,6,0.2660662636434492,4,-0.03614840587693777,1,0,False,False,False,False,False,False,False,True,False
-0.13685808193856605,-0.1006047063682618,-1.2563139204510683,-0.4705026911132902,0,6,0.11023502102692746,4,0.22248611213799482,6,0,True,False,False,False,False,False,False,False,False
0.7355162292455605,1.4180086595972787,3.4396015559421595,1.408215842766215,20,6,0.6166865595306232,5,1.218796012088489,2,1,False,True,False,False,False,False,False,False,False
0.9099910914823859,1.2024635366860408,0.3089912383466744,-1.305488706170848,9,6,0.42189750625997097,4,1.1142790401847764,8,0,False,False,False,False,False,False,True,False,False
-1.8816067043068192,-0.923595175665716,-0.47366134105219687,-1.0669212732972602,7,6,1.4348005832673625,2,-0.9569298820016794,6,0,False,False,False,False,False,False,False,True,False
0.5610413670087352,-1.050962748295084,2.6569489765432883,2.3624855742605666,25,6,1.4737583939214929,5,-1.2809721403451977,6,1,False,False,False,False,False,False,True,False,False
-1.0092323931226925,-0.8060251086232226,-0.47366134105219687,-1.4247724226076421,0,6,-0.20142746420611607,3,-0.7132851984679097,4,1,False,True,False,False,False,False,False,False,False
2.305789989376988,0.10514291095610177,-0.47366134105219687,-0.17229340002130522,4,6,0.2660662636434492,4,0.40754570349907226,6,0,False,True,False,False,False,False,False,False,False
-0.48580780641221666,0.28149801151984194,-1.2563139204510683,-1.0669212732972602,0,6,-2.032444564950247,3,0.5485046158343135,6,1,False,False,False,False,False,False,True,False,False
-0.8347575308858673,1.6727438048560146,-0.47366134105219687,-0.02318875447531274,6,6,0.4608553169141014,3,1.332885529811862,2,1,False,False,False,False,False,False,True,False,False
0.7355162292455605,1.1730710199254173,1.874296397144417,2.422127432478964,30,6,0.8114756128012753,4,1.0993917305688925,8,0,False,False,False,False,False,False,True,False,False
-1.707131842069994,-0.06141468402076397,1.874296397144417,0.8416181896914436,9,6,-0.2793430855143769,1,0.25970628945380353,6,1,False,False,False,False,False,False,True,False,False
-0.13685808193856605,-0.7570375806888503,0.3089912383466744,0.6626926150362527,8,6,-0.8637102453263336,1,-0.6232490376741642,4,0,False,False,False,False,False,False,False,True,False
1.0844659537192112,-1.158735309750703,0.3089912383466744,0.8117972605822451,14,6,-0.006638410935463857,4,-1.631068496340202,8,0,False,False,False,False,False,False,False,True,False
0.03761678029825927,-0.24756729017137863,0.3089912383466744,0.7819763314730467,9,6,-0.9805836772887249,4,0.07319970786297861,5,1,False,False,False,False,True,False,False,False,False
0.7355162292455605,-0.45331490749574216,1.0916438177455456,0.30484146572587073,4,6,0.694602180838884,4,-0.16739650202479608,2,1,False,False,False,False,False,False,True,False,False
-1.3581821175963433,-1.1097477818163306,-0.47366134105219687,-0.02318875447531274,6,6,0.18815064233518836,2,-1.460844324994541,1,0,False,False,False,False,False,False,True,False,False
1.607890540429687,0.45785311208358215,-0.47366134105219687,0.9609019061282377,16,6,-1.0974571092511163,2,0.6763651020883437,5,1,False,True,False,False,False,False,False,False,False
-0.48580780641221666,-0.7472400751019759,-0.47366134105219687,-1.1563840606248557,4,6,-0.902668055980464,4,-0.6059272655413414,7,1,False,False,False,False,False,False,False,True,False
-1.183707255359518,-1.4232679605963132,-1.2563139204510683,-0.02318875447531274,1,6,-1.331203973175899,2,-3.338200610194098,7,1,False,False,False,False,False,True,False,False,False
-1.0092323931226925,-0.03202216726014061,0.3089912383466744,1.4976786300938105,25,6,-2.032444564950247,2,0.2869757494074534,6,0,False,False,False,False,False,False,False,False,True
-0.660282668649042,0.7811707964504392,0.3089912383466744,1.587141417421406,17,6,0.42189750625997097,2,0.8837863128306024,2,0,False,False,False,False,False,False,False,True,False
0.3865665047719099,-0.9137976700788416,-1.2563139204510683,-0.6196073366592827,1,6,-1.2143305412135075,2,-0.9348964083082332,5,0,False,False,False,False,False,True,False,False,False
0.03761678029825927,-1.139140298576954,-1.2563139204510683,0.9907228352374361,14,6,1.1620959086884493,3,-1.5604344124748795,6,1,False,False,False,False,False,False,True,False,False
0.5610413670087352,-0.37493486280074656,-0.47366134105219687,-0.7985329113144737,6,6,-0.824752434672203,4,-0.07072083410293639,7,0,False,False,False,False,False,False,False,False,True
-1.707131842069994,-0.6982525471676035,0.3089912383466744,-0.5897864075500842,3,6,1.395842772613232,5,-0.5224433584767779,6,1,False,False,False,False,False,False,False,True,False
0.7355162292455605,-0.6590625248201057,1.874296397144417,1.1994693390018256,18,6,-0.12351184289785518,1,-0.45911897301738686,8,0,True,False,False,False,False,False,False,False,False
-0.31133294417539137,-1.0411652427082094,-0.47366134105219687,-0.02318875447531274,0,6,-1.175372730559377,2,-1.2531517451061938,4,0,False,False,False,False,False,False,False,False,False
0.9099910914823859,0.03656037184798058,0.3089912383466744,-0.05300968358451123,5,6,-0.5910055707474204,2,0.3485798813921975,4,1,False,False,False,False,True,False,False,False,False
0.21209164253508458,1.3494261204891576,-1.2563139204510683,-0.5003236202224887,3,6,0.8893912341095362,5,1.1863930411483385,6,0,False,True,False,False,False,False,False,False,False
0.5610413670087352,-0.4729099186694911,0.3089912383466744,0.036453103743084254,9,6,-1.2922461625217683,2,-0.19266441696418832,5,1,False,False,False,False,True,False,False,False,False
-0.13685808193856605,1.2220585478597896,-1.2563139204510683,-0.8879956986420691,5,6,0.30502407429757966,4,1.1241152443439009,2,0,False,False,False,False,False,False,True,False,False
-1.5326569798331686,0.3304855394542142,-0.47366134105219687,-1.0371003441880615,0,6,0.3439818849517101,5,0.5852284648955612,8,0,False,False,False,False,False,False,True,False,False
1.0844659537192112,-0.1006047063682618,-0.47366134105219687,0.7819763314730467,17,6,-0.7078790027098117,3,0.22248611213799482,4,0,False,False,False,False,False,False,True,False,False
1.2589408159560365,1.1926660310991664,-1.2563139204510683,-1.4247724226076421,0,6,0.8504334234554058,5,1.1093344649355803,2,0,False,False,False,False,False,False,True,False,False
-1.5326569798331686,0.3108905282804653,2.6569489765432883,2.392306503369765,26,6,1.4348005832673625,3,0.5706562365594813,6,1,False,True,False,False,False,False,False,False,False
0.9099910914823859,1.5453762322266467,-0.47366134105219687,0.06627403285228275,10,6,0.8893912341095362,4,1.2770219714090199,6,1,False,False,False,False,False,False,True,False,False
1.0844659537192112,-1.2077228376850753,-0.47366134105219687,0.6328716859270541,9,6,-2.032444564950247,3,-1.8253425756341009,4,0,False,False,False,False,False,True,False,False,False
0.5610413670087352,-1.4232679605963132,1.0916438177455456,0.9310809770190391,19,6,-1.0974571092511163,1,-3.338200610194098,5,1,False,False,False,False,False,True,False,False,False
-1.183707255359518,0.5950181902998245,-0.47366134105219687,-1.4247724226076421,0,6,-0.35725870682263783,5,0.7682033081478125,2,0,False,False,False,False,False,False,True,False,False
-0.13685808193856605,-0.7962276030363481,0.3089912383466744,0.6626926150362527,9,6,1.395842772613232,3,-0.6948008574797353,6,1,False,False,False,False,False,False,True,False,False
-1.8816067043068192,0.5460306623654523,1.0916438177455456,0.006632174633885757,7,6,0.03231939971866658,3,0.7361024903031957,2,0,False,False,False,False,False,False,False,True,False
-0.48580780641221666,-0.43371989632199326,1.0916438177455456,0.3943042530534662,4,6,-2.032444564950247,1,-0.14258388969407385,4,1,False,False,False,False,False,False,False,False,False
-0.48580780641221666,-0.49250492984324,-1.2563139204510683,-1.0967422024064586,6,6,0.42189750625997097,4,-0.218404656630343,2,1,False,True,False,False,False,False,False,False,False
-0.8347575308858673,-1.2469128600325732,-0.47366134105219687,-0.1424724709121067,0,6,-1.331203973175899,2,-2.0032752349946863,7,1,False,False,False,False,False,False,False,False,False
-0.660282668649042,0.09534540536922731,1.0916438177455456,0.8416181896914436,18,6,1.6295896365380147,5,0.39927503162604266,6,0,False,False,False,False,False,False,True,False,False
-0.31133294417539137,-0.6786575359938547,1.0916438177455456,0.8714391188006422,9,6,1.0841802873801885,4,-0.4904172004346891,6,0,False,False,False,False,False,False,False,True,False
-1.5326569798331686,-1.2077228376850753,-0.47366134105219687,0.5732298277086572,5,6,-0.6689211920556813,5,-1.8253425756341009,4,0,True,False,False,False,False,False,False,False,False
1.0844659537192112,0.17372545006422296,-0.47366134105219687,0.6925135441454512,13,6,2.0970833643875797,6,0.46408994649884966,3,0,False,False,False,False,False,False,True,False,False
0.5610413670087352,-1.1097477818163306,0.3089912383466744,0.6328716859270541,15,6,-0.045596221589594296,2,-1.460844324994541,6,1,False,False,False,False,False,False,True,False,False
1.2589408159560365,0.8595508411454348,-0.47366134105219687,-0.08283061269370973,11,6,1.5516740152297537,5,0.929692654645181,3,0,False,False,False,False,False,False,True,False,False
-1.5326569798331686,0.38927057297546097,-0.47366134105219687,1.2889321263294211,14,6,2.4477036602747537,6,0.6280421535218793,1,1,False,False,False,False,False,False,False,True,False
-0.13685808193856605,0.03656037184798058,1.0916438177455456,0.9012600479098406,6,6,-0.08455403224372474,4,0.3485798813921975,1,1,False,True,False,False,False,False,False,False,False
1.9568402649033378,0.2521054947592186,0.3089912383466744,0.2750205366166722,1,6,1.1620959086884493,4,0.5259908272677123,6,1,False,False,False,False,False,False,False,True,False
0.5610413670087352,-0.3063523236926254,1.0916438177455456,1.1696484098926272,12,6,0.694602180838884,4,0.008638069196031287,2,1,False,False,False,False,False,False,True,False,False
-0.13685808193856605,-0.43371989632199326,-1.2563139204510683,-1.4247724226076421,3,6,-1.0974571092511163,3,-0.14258388969407385,6,0,True,False,False,False,False,False,False,False,False
-0.31133294417539137,0.09534540536922731,-1.2563139204510683,-1.4247724226076421,0,6,0.5777287488764927,5,0.39927503162604266,6,1,False,True,False,False,False,False,False,False,False
0.5610413670087352,-0.5806824801251101,-1.2563139204510683,-1.4247724226076421,0,6,0.7725178021471449,5,-0.340588837505201,1,0,False,False,False,False,False,False,True,False,False
0.5610413670087352,-1.1881278265113264,0.3089912383466744,0.24519960750747372,8,6,-0.824752434672203,3,-1.744315516192465,6,0,False,False,False,False,False,True,False,False,False
1.9568402649033378,-0.12999722312888515,-0.47366134105219687,0.4241251821626647,14,6,0.6166865595306232,5,0.19389554756830313,6,1,False,False,False,False,False,False,True,False,False
0.7355162292455605,1.6923388160297634,-0.47366134105219687,-0.6196073366592827,8,6,-0.20142746420611607,3,1.3412822797754345,1,1,False,True,False,False,False,False,False,False,False
1.0844659537192112,-1.2567103656194476,-0.47366134105219687,-0.6196073366592827,4,6,-1.603908647754812,3,-2.051598183561151,5,1,False,False,False,False,False,True,False,False,False
0.7355162292455605,-0.06141468402076397,0.3089912383466744,-0.05300968358451123,4,6,1.3568849619591015,6,0.25970628945380353,6,0,False,True,False,False,False,False,False,False,False
0.5610413670087352,0.9379308858404305,-0.47366134105219687,0.3644833239442677,13,6,-0.2793430855143769,3,0.9741178855588445,2,1,False,False,False,False,False,False,False,True,False
-1.0092323931226925,-1.0117727259475862,1.0916438177455456,0.9012600479098406,13,6,-0.3183008961685074,3,-1.1729118035638813,6,1,False,False,False,False,True,False,False,False,False
-0.660282668649042,3.259939709929676,-0.47366134105219687,0.7819763314730467,19,6,1.1620959086884493,7,1.887018764134015,1,1,False,False,False,False,False,False,True,False,False
-0.48580780641221666,-0.8648101421444693,0.3089912383466744,1.0801856225650317,12,6,-0.4351743281308987,4,-0.8297260258454636,4,0,False,False,False,False,False,False,True,False,False
0.21209164253508458,-0.19857976223700635,-0.47366134105219687,0.12591589107067974,8,6,-0.20142746420611607,4,0.12478112108807513,2,0,False,True,False,False,False,False,False,False,False
-1.3581821175963433,-0.815822614210097,0.3089912383466744,-0.7985329113144737,1,6,0.11023502102692746,4,-0.7320210347955439,6,1,False,True,False,False,False,False,False,False,False
-1.8816067043068192,0.03656037184798058,0.3089912383466744,-0.41086083289489317,10,6,-0.7857946240180727,4,0.3485798813921975,6,0,False,False,False,False,False,False,False,False,True
-0.13685808193856605,-0.5316949521907378,0.3089912383466744,1.0801856225650317,3,6,1.4737583939214929,4,-0.2713751382190057,2,0,False,False,False,False,False,False,False,True,False
0.5610413670087352,2.0352515115703693,-0.47366134105219687,0.06627403285228275,4,6,1.2400115299967103,8,1.480497974201251,1,0,False,True,False,False,False,False,False,False,False
1.7823654026665123,-0.6982525471676035,0.3089912383466744,0.8117972605822451,10,6,0.5777287488764927,5,-0.5224433584767779,2,0,False,False,False,False,False,False,True,False,False
0.03761678029825927,-1.070557759468833,0.3089912383466744,-0.11265154180290822,1,6,-0.902668055980464,2,-1.3383580573075964,5,0,False,False,False,False,True,False,False,False,False
-1.8816067043068192,-1.1979253320982008,0.3089912383466744,-0.9178166277512676,0,6,-1.603908647754812,2,-1.7842331727790024,4,1,False,False,False,False,False,True,False,False,False
1.4334156781928618,-1.3154953991406944,-0.47366134105219687,-0.5897864075500842,4,6,1.0062646660719277,4,-2.3836934632605593,6,0,False,False,False,False,False,False,False,True,False
1.607890540429687,1.6237562769216423,0.3089912383466744,0.3644833239442677,13,6,0.9673068554177972,5,1.3116668861583878,8,0,False,True,False,False,False,False,False,False,False
0.7355162292455605,1.9078839389410016,-0.47366134105219687,0.15573682017987825,14,6,-1.331203973175899,3,1.4304174469311353,4,1,False,False,False,False,False,False,True,False,False
1.4334156781928618,0.3010930226935909,1.0916438177455456,0.15573682017987825,11,6,1.395842772613232,6,0.5633118846046191,2,1,False,True,False,False,False,False,False,False,False
-0.31133294417539137,1.633553782508517,-1.2563139204510683,-0.7985329113144737,9,6,-0.3962165174767683,4,1.3159368515249765,2,1,False,True,False,False,False,False,False,False,False
1.7823654026665123,-1.0117727259475862,0.3089912383466744,-0.4705026911132902,7,6,0.03231939971866658,3,-1.1729118035638813,6,0,False,False,False,False,False,False,True,False,False
0.5610413670087352,-0.26716230134512753,-1.2563139204510683,-1.007279415078863,0,6,-1.2922461625217683,3,0.052013709565456326,5,1,True,False,False,False,False,False,False,False,False
0.3865665047719099,-0.24756729017137863,-0.47366134105219687,0.8714391188006422,6,6,-0.20142746420611607,4,0.07319970786297861,2,0,False,False,False,False,False,False,True,False,False
0.7355162292455605,0.928133380253556,-0.47366134105219687,0.2750205366166722,17,6,0.4998131275682319,3,0.9686424798267335,6,1,False,False,False,False,False,False,True,False,False
1.607890540429687,1.4376036707710278,-1.2563139204510683,-1.4247724226076421,0,6,-0.902668055980464,5,1.2279156661302801,8,1,False,False,False,False,False,False,False,False,True
0.03761678029825927,-0.5023024354301144,0.3089912383466744,-0.4406817620040917,11,6,-0.006638410935463857,2,-0.2314574816324678,6,0,True,False,False,False,False,False,False,False,False
-0.31133294417539137,-0.6296700080594824,-0.47366134105219687,-1.3353096352800466,9,6,-0.16246965355198562,3,-0.4134663039911042,8,0,False,False,False,False,False,False,False,True,False
0.03761678029825927,-0.384732368387621,1.0916438177455456,0.24519960750747372,2,6,1.590631825883884,5,-0.08244058762886136,8,1,False,False,False,False,False,False,False,True,False
-1.5326569798331686,-0.2573647957582531,-0.47366134105219687,-0.11265154180290822,8,6,0.9283490447636668,4,0.06264745142044481,1,1,False,False,False,False,False,False,False,True,False
0.03761678029825927,-0.8354176253838459,-1.2563139204510683,-1.0967422024064586,2,6,-0.6689211920556813,3,-0.7702752371100967,6,1,True,False,False,False,False,False,False,False,False
-0.31133294417539137,-0.384732368387621,-0.47366134105219687,0.30484146572587073,11,6,-1.525993026446551,1,-0.08244058762886136,4,1,True,False,False,False,False,False,False,False,False
-1.5326569798331686,-0.3259473348663743,-0.47366134105219687,-0.5003236202224887,15,6,1.2789693406508407,3,-0.013573101475193741,1,0,False,False,False,False,False,False,False,True,False
0.5610413670087352,0.8399558299716859,-1.2563139204510683,-1.1563840606248557,4,6,0.07127721037279702,4,0.918358741056601,2,0,False,True,False,False,False,False,False,False,False
0.9099910914823859,-0.276959806932002,0.3089912383466744,-0.6792491948776797,3,6,1.3568849619591015,5,0.04129721402351179,1,1,False,False,False,False,False,False,False,True,False
-0.48580780641221666,-0.43371989632199326,2.6569489765432883,1.6766042047490015,22,6,-0.12351184289785518,5,-0.14258388969407385,1,0,False,True,False,False,False,False,False,False,False
1.2589408159560365,0.6831957405816946,-0.47366134105219687,-1.0371003441880615,0,6,0.9283490447636668,5,0.8241638954133435,6,0,False,True,False,False,False,False,False,False,False
-1.3581821175963433,1.4376036707710278,0.3089912383466744,0.30484146572587073,7,6,0.3439818849517101,4,1.2279156661302801,6,0,False,False,False,False,False,False,False,True,False
1.7823654026665123,-0.276959806932002,0.3089912383466744,-0.6196073366592827,0,6,-0.824752434672203,3,0.04129721402351179,5,1,False,False,False,False,True,False,False,False,False
0.21209164253508458,-0.8550126365575949,1.0916438177455456,-0.1424724709121067,11,6,-1.4870352157924205,3,-0.8096225632981838,4,1,False,False,True,False,False,False,False,False,False
-1.8816067043068192,-0.7472400751019759,1.0916438177455456,-0.5003236202224887,11,6,-0.47413213878502913,2,-0.6059272655413414,6,1,False,False,False,False,False,False,False,True,False
-0.660282668649042,-0.6884550415807291,1.0916438177455456,1.408215842766215,14,6,-1.5649508371006815,1,-0.5063371780610029,5,0,False,False,False,False,False,False,False,False,True
0.3865665047719099,0.7517782796898158,1.0916438177455456,2.0940972122777803,17,6,1.1231380980343189,4,0.8661690653769629,2,0,False,False,False,False,False,False,False,True,False
-0.660282668649042,-0.7668350862757247,-1.2563139204510683,-0.4705026911132902,3,6,-1.331203973175899,2,-0.6407914752553205,6,1,False,False,True,False,False,False,False,False,False
0.21209164253508458,-0.9627851980132138,1.0916438177455456,0.5434088985994587,6,6,-0.20142746420611607,2,-1.0487680880611483,4,1,True,False,False,False,False,False,False,False,False
0.21209164253508458,-0.15938973988950852,0.3089912383466744,1.6169623465306044,28,6,1.2010537193425799,7,0.16469877767461183,2,0,False,False,False,False,False,False,True,False,False
-1.8816067043068192,0.9673234026010539,1.0916438177455456,-0.8581747695328706,0,6,0.4998131275682319,4,0.9904146760832188,2,0,False,False,False,False,False,False,True,False,False
0.5610413670087352,0.5362331567785779,-1.2563139204510683,-0.9178166277512676,1,6,0.07127721037279702,4,0.7295915432924971,6,0,False,True,False,False,False,False,False,False,False
-0.660282668649042,1.0652984584697984,-0.47366134105219687,0.7819763314730467,12,6,-0.2793430855143769,4,1.0433851576718816,2,0,False,True,False,False,False,False,False,False,False
1.7823654026665123,0.10514291095610177,-0.47366134105219687,0.7819763314730467,14,6,-0.08455403224372474,3,0.40754570349907226,2,1,False,False,False,False,False,False,True,False,False
1.9568402649033378,-0.3455423460401232,-0.47366134105219687,-0.08283061269370973,0,6,-0.3962165174767683,3,-0.03614840587693777,6,1,False,False,False,False,False,False,False,True,False
-1.8816067043068192,-0.6884550415807291,1.0916438177455456,1.9748134958409862,12,6,0.5777287488764927,3,-0.5063371780610029,2,1,False,False,False,False,False,False,True,False,False
0.03761678029825927,-0.6296700080594824,-1.2563139204510683,0.7819763314730467,13,6,-0.7468368133639423,1,-0.4134663039911042,4,0,False,True,False,False,False,False,False,False,False
1.0844659537192112,-0.600277491298859,1.874296397144417,0.24519960750747372,8,6,1.0062646660719277,4,-0.3692786820379775,1,0,False,False,False,False,False,False,True,False,False
-1.3581821175963433,-0.26716230134512753,0.3089912383466744,0.7819763314730467,15,6,1.590631825883884,4,0.052013709565456326,6,1,False,True,False,False,False,False,False,False,False
0.5610413670087352,-0.11040221195513625,-1.2563139204510683,-1.4247724226076421,5,6,0.6556443701847536,3,0.21302172624107618,6,0,False,False,False,False,False,False,True,False,False
-1.8816067043068192,-0.26716230134512753,0.3089912383466744,-0.5897864075500842,0,6,-0.35725870682263783,4,0.052013709565456326,1,1,True,False,False,False,False,False,False,False,False
-1.5326569798331686,-1.3350904103144432,-0.47366134105219687,-0.4705026911132902,9,6,0.38293969560584057,3,-2.514941559408418,6,0,False,False,False,False,False,False,True,False,False
1.4334156781928618,-0.5512899633644868,-0.47366134105219687,0.8416181896914436,21,6,0.8114756128012753,2,-0.2986445981726544,6,1,False,False,False,False,False,False,False,True,False
-0.31133294417539137,-0.3259473348663743,-0.47366134105219687,-0.6494282657684811,0,6,-0.16246965355198562,4,-0.013573101475193741,8,1,True,False,False,False,False,False,False,False,False
0.3865665047719099,-0.7962276030363481,1.874296397144417,1.0205437643466346,13,6,-1.4870352157924205,2,-0.6948008574797353,5,0,False,False,False,False,False,False,False,False,False
-0.31133294417539137,-0.5610874689513612,-0.47366134105219687,-0.3213980455672977,4,6,-1.5649508371006815,2,-0.31248454107410345,5,1,False,False,True,False,False,False,False,False,False
-1.8816067043068192,0.2521054947592186,0.3089912383466744,0.4539461112718632,16,6,-0.35725870682263783,3,0.5259908272677123,1,0,False,False,False,False,False,False,False,False,True
1.607890540429687,1.3004385925547852,1.0916438177455456,0.7223344732546496,0,6,0.22710845298931878,2,1.1627721750861761,2,0,False,True,False,False,False,False,False,False,False
-0.48580780641221666,1.4865911987054,2.6569489765432883,2.332664645151368,18,6,0.22710845298931878,4,1.2504540207560089,2,0,False,True,False,False,False,False,False,False,False
0.9099910914823859,-0.41412488514824436,-1.2563139204510683,-0.4705026911132902,9,6,-2.032444564950247,2,-0.11821046178020403,5,1,True,False,False,False,False,False,False,False,False
2.131315127140163,1.016310930535426,0.3089912383466744,1.0801856225650317,19,6,0.4998131275682319,5,1.0171545983539836,2,0,False,False,False,False,False,False,True,False,False
-1.8816067043068192,-0.16918724547638297,1.0916438177455456,0.9907228352374361,11,6,-0.902668055980464,3,0.15482731800204141,5,0,False,False,False,False,False,False,False,False,True
-0.31133294417539137,0.49704313443108,1.0916438177455456,0.30484146572587073,11,6,0.1491928316810579,4,0.7032354712618129,6,0,False,False,False,False,True,False,False,False,False
-0.660282668649042,1.3690211316629064,-1.2563139204510683,1.0205437643466346,19,6,0.42189750625997097,5,1.1957290953991666,1,0,False,True,False,False,False,False,False,False,False
-0.31133294417539137,-0.3161498292794998,0.3089912383466744,0.3346623948350692,7,6,-1.1364149199052467,4,-0.002422735068140659,5,0,False,False,False,False,True,False,False,False,False
-1.5326569798331686,3.259939709929676,0.3089912383466744,0.30484146572587073,6,6,1.5127162045756233,5,1.887018764134015,3,1,False,False,False,False,False,False,True,False,False
0.3865665047719099,1.1730710199254173,-0.47366134105219687,-0.3213980455672977,6,6,1.1620959086884493,5,1.0993917305688925,6,1,False,True,False,False,False,False,False,False,False
1.7823654026665123,-1.1195452874032052,-1.2563139204510683,-1.4247724226076421,0,6,0.18815064233518836,3,-1.4932472959346916,2,1,False,False,False,False,False,False,True,False,False
1.0844659537192112,-0.46311241308261664,0.3089912383466744,1.467857700984612,13,6,0.8893912341095362,3,-0.179972504748136,6,0,False,False,False,False,False,False,True,False,False
0.7355162292455605,0.1443329333035996,-1.2563139204510683,-1.2458468479524512,0,6,-1.175372730559377,2,0.4401404258462551,6,0,True,False,False,False,False,False,False,False,False
1.4334156781928618,-0.1887822566501319,1.0916438177455456,0.5732298277086572,10,6,-0.8637102453263336,3,0.1348695378381167,7,0,False,True,False,False,False,False,False,False,False
-0.48580780641221666,-0.07121218960763843,-1.2563139204510683,-0.2915771164580992,3,6,-0.2403852748602465,4,0.25049513318749494,1,1,False,False,False,False,False,False,False,False,True
0.21209164253508458,-1.0803552650557073,-1.2563139204510683,-0.8581747695328706,0,6,-0.9416258666345945,4,-1.367973450924643,6,0,False,False,False,False,False,False,False,False,False
-0.31133294417539137,-0.6688600304069802,-1.2563139204510683,-1.2756677770616496,0,6,1.2400115299967103,5,-0.47467916939348176,2,1,False,True,False,False,False,False,False,False,False
0.21209164253508458,0.6146132014735735,0.3089912383466744,-0.08283061269370973,10,6,1.0841802873801885,4,0.780836999764454,2,0,False,False,False,False,False,False,True,False,False
0.03761678029825927,-0.8060251086232226,-1.2563139204510683,0.06627403285228275,6,6,-1.2143305412135075,2,-0.7132851984679097,4,1,False,False,False,False,False,True,False,False,False
-0.48580780641221666,0.19332046123797186,0.3089912383466744,0.12591589107067974,7,6,1.6295896365380147,5,0.4798279775400558,2,1,False,False,False,False,False,False,True,False,False
0.5610413670087352,-0.3357448404532487,0.3089912383466744,0.7223344732546496,4,6,0.4608553169141014,4,-0.024814492288357765,6,0,False,False,False,False,False,False,True,False,False
1.4334156781928618,0.01696536067423167,2.6569489765432883,3.4956808804101094,19,6,-0.045596221589594296,2,0.3312581092593746,6,1,False,False,False,False,False,False,True,False,False
-0.31133294417539137,-0.002629650499517241,-0.47366134105219687,-0.2915771164580992,12,6,1.1620959086884493,5,0.3137156716782183,2,1,False,True,False,False,False,False,False,False,False
-0.13685808193856605,1.0457034472960496,-1.2563139204510683,-0.8581747695328706,1,6,0.8504334234554058,5,1.0329528143879836,2,1,False,True,False,False,False,False,False,False,False
-0.8347575308858673,0.09534540536922731,-1.2563139204510683,-1.4247724226076421,0,6,-1.3701617838300293,3,0.39927503162604266,6,1,False,False,False,False,True,False,False,False,False
-1.0092323931226925,0.28149801151984194,0.3089912383466744,-1.4247724226076421,1,6,0.8504334234554058,4,0.5485046158343135,2,0,False,True,False,False,False,False,False,False,False
-1.3581821175963433,-0.2083772678238808,0.3089912383466744,-0.3512189746764962,7,6,-0.629963381401551,1,0.11461825040449736,4,1,False,True,False,False,False,False,False,False,False
-0.31133294417539137,0.9869184137748027,-1.2563139204510683,-1.4247724226076421,2,6,1.5127162045756233,4,1.0011730333608873,9,0,False,True,False,False,False,False,False,False,False
-0.8347575308858673,0.13453542771672514,-0.47366134105219687,-1.2160259188432525,3,6,-0.2793430855143769,4,0.4320637884567608,1,1,False,True,False,False,False,False,False,False,False
0.3865665047719099,-0.5904799857119846,-1.2563139204510683,-1.4247724226076421,0,6,1.4348005832673625,5,-0.3548590452835678,1,0,False,False,False,False,False,False,True,False,False
0.03761678029825927,1.4474011763579022,1.0916438177455456,-0.4406817620040917,2,6,1.395842772613232,5,1.2324529444604144,1,0,False,False,False,False,False,False,True,False,False
0.7355162292455605,-0.6590625248201057,0.3089912383466744,-0.7687119822052751,0,6,-1.876613322333725,1,-0.45911897301738686,4,1,False,False,True,False,False,False,False,False,False
0.03761678029825927,-0.4043273795613699,1.0916438177455456,0.30484146572587073,2,6,0.07127721037279702,3,-0.10618363662241849,6,0,False,False,False,False,False,False,True,False,False
1.7823654026665123,-0.2279722789976297,-0.47366134105219687,0.12591589107067974,5,6,0.2660662636434492,3,0.09406469380928996,2,0,False,True,False,False,False,False,False,False,False
-1.3581821175963433,1.682541310442889,-0.47366134105219687,-0.4705026911132902,16,6,0.7725178021471449,5,1.337090304765426,6,1,False,True,False,False,False,False,False,False,False
1.607890540429687,4.866730626177087,0.3089912383466744,-0.02318875447531274,16,6,-0.47413213878502913,4,2.285285464815664,2,0,False,True,False,False,False,False,False,False,False
0.9099910914823859,-0.8452151309707204,1.0916438177455456,0.6328716859270541,16,6,-1.7597398903713337,1,-0.7898083692589257,4,1,False,False,False,False,False,True,False,False,False
-0.8347575308858673,-0.39452987397449546,-0.47366134105219687,-0.7388910530960766,0,6,-0.3962165174767683,5,-0.09426094112760951,5,1,False,True,False,False,False,False,False,False,False
0.03761678029825927,-1.1195452874032052,-0.47366134105219687,-0.5003236202224887,2,6,-0.5910055707474204,3,-1.4932472959346916,4,0,False,False,True,False,False,False,False,False,False
1.4334156781928618,0.41866308973608435,1.0916438177455456,0.8416181896914436,11,6,-0.2403852748602465,4,0.6489599642462769,8,1,False,False,False,False,True,False,False,False,False
1.0844659537192112,-1.1979253320982008,-1.2563139204510683,-1.126563131515657,0,6,-1.2532883518676379,2,-1.7842331727790024,6,0,False,False,False,False,False,True,False,False,False
0.03761678029825927,-0.8746076477313438,-1.2563139204510683,-1.4247724226076421,0,6,-0.629963381401551,1,-0.8501273282830314,5,1,False,False,False,False,False,False,False,False,True
-0.8347575308858673,-0.943190186839465,-1.2563139204510683,0.5434088985994587,12,6,1.317927151304971,4,-1.002083524848421,2,0,False,False,False,False,False,False,True,False,False
-1.3581821175963433,2.6818868803040834,-0.47366134105219687,-0.7090701239868782,9,6,-0.2793430855143769,4,1.7099597831747604,2,0,False,False,False,False,False,False,True,False,False
0.21209164253508458,-0.8844051533182182,-1.2563139204510683,-0.8879956986420691,2,6,1.4737583939214929,4,-0.8708354287005626,2,1,False,True,False,False,False,False,False,False,False
0.3865665047719099,1.6433512880953913,-1.2563139204510683,0.09609496196148125,2,6,0.42189750625997097,4,1.3201936175958084,2,0,False,True,False,False,False,False,False,False,False
-1.5326569798331686,-1.1685328153375774,0.3089912383466744,0.2750205366166722,12,6,0.9673068554177972,4,-1.6677923454014492,6,1,False,True,False,False,False,False,False,False,False
0.21209164253508458,-0.02222466167326615,1.0916438177455456,0.3346623948350692,16,6,0.694602180838884,4,0.29594687382247137,2,1,False,True,False,False,False,False,False,False,False
1.4334156781928618,-1.0411652427082094,0.3089912383466744,-0.11265154180290822,0,6,-1.1364149199052467,2,-1.2531517451061938,5,1,False,False,False,False,False,False,False,False,True
0.03761678029825927,-0.3259473348663743,-1.2563139204510683,-1.4247724226076421,0,6,1.2789693406508407,4,-0.013573101475193741,2,1,False,True,False,False,False,False,False,False,False
1.9568402649033378,-0.7570375806888503,-1.2563139204510683,-1.126563131515657,2,6,-0.7857946240180727,1,-0.6232490376741642,4,0,False,False,False,False,False,False,False,False,True
-0.48580780641221666,-0.6590625248201057,1.0916438177455456,-0.3810399037856947,10,6,-0.12351184289785518,4,-0.45911897301738686,6,1,False,False,False,False,True,False,False,False,False
0.3865665047719099,-1.0901527706425818,0.3089912383466744,1.1994693390018256,12,6,1.0841802873801885,6,-1.3982397841555005,6,1,False,True,False,False,False,False,False,False,False
-0.13685808193856605,-1.031367737121335,-1.2563139204510683,-1.4247724226076421,4,6,0.6166865595306232,2,-1.225882285152544,8,1,False,True,False,False,False,False,False,False,False
0.5610413670087352,-0.42392239073511884,-0.47366134105219687,-1.007279415078863,0,6,-0.3183008961685074,4,-0.1303432515201953,8,1,False,False,False,False,False,False,True,False,False
-0.660282668649042,-1.158735309750703,1.874296397144417,1.9151716376225894,22,6,-1.4870352157924205,2,-1.631068496340202,7,0,False,False,False,False,False,True,False,False,False
-0.13685808193856605,-0.1887822566501319,-0.47366134105219687,-1.0967422024064586,0,6,-0.902668055980464,3,0.1348695378381167,4,1,False,False,False,False,True,False,False,False,False
0.21209164253508458,-0.7080500527544781,1.0916438177455456,0.5732298277086572,18,6,-1.1364149199052467,2,-0.5387401490011535,4,0,False,False,False,False,False,True,False,False,False
0.7355162292455605,2.4075567238715987,-0.47366134105219687,-1.2756677770616496,1,6,0.3439818849517101,5,1.6172378532105054,6,0,False,False,False,False,False,False,False,True,False
-1.183707255359518,-0.06141468402076397,-0.47366134105219687,-0.6494282657684811,7,6,0.11023502102692746,4,0.25970628945380353,2,1,False,False,False,False,False,False,False,True,False
-1.183707255359518,-0.2279722789976297,0.3089912383466744,2.2730227869329713,17,6,2.019167743079319,4,0.09406469380928996,0,0,False,False,False,False,False,False,False,True,False
0.03761678029825927,-0.9921777147738372,1.0916438177455456,1.4380367718754135,14,6,0.5387709382223623,2,-1.121903648958335,1,1,False,False,False,False,False,False,True,False,False
-0.8347575308858673,-0.9040001644919672,1.0916438177455456,0.9609019061282377,11,6,-1.2922461625217683,2,-0.913209932910027,4,1,True,False,False,False,False,False,False,False,False
1.0844659537192112,0.28149801151984194,-0.47366134105219687,1.1100065516742301,18,6,0.9673068554177972,4,0.5485046158343135,6,1,False,True,False,False,False,False,False,False,False
1.2589408159560365,-0.051617178433889514,-1.2563139204510683,-1.4247724226076421,0,6,0.6166865595306232,4,0.2688562415721272,2,0,False,True,False,False,False,False,False,False,False
0.5610413670087352,-0.2965548181057509,-0.47366134105219687,-0.4705026911132902,14,6,1.7075052578462755,3,0.019610738625305664,6,0,False,False,False,False,False,False,True,False,False
1.607890540429687,-0.2573647957582531,-1.2563139204510683,-0.5003236202224887,0,6,-1.175372730559377,1,0.06264745142044481,6,1,False,False,False,False,True,False,False,False,False
0.3865665047719099,0.604815695886699,-1.2563139204510683,-1.4247724226076421,0,6,-0.2403852748602465,4,0.7745346421854028,2,0,False,True,False,False,False,False,False,False,False
2.305789989376988,-0.1887822566501319,0.3089912383466744,0.18555774928907673,0,6,-1.2922461625217683,3,0.1348695378381167,4,0,False,False,False,False,False,False,False,False,True
0.21209164253508458,-0.6688600304069802,0.3089912383466744,-0.02318875447531274,8,6,0.9283490447636668,5,-0.47467916939348176,2,0,False,False,False,False,False,False,True,False,False
1.4334156781928618,0.5460306623654523,0.3089912383466744,-0.9476375568604661,3,6,-0.629963381401551,4,0.7361024903031957,2,1,False,True,False,False,False,False,False,False,False
1.4334156781928618,0.2031179668248463,0.3089912383466744,1.3783949136570166,9,6,-0.3962165174767683,3,0.4876300535235215,1,1,False,True,False,False,False,False,False,False,False
-1.8816067043068192,0.1443329333035996,-1.2563139204510683,0.7819763314730467,11,6,0.38293969560584057,4,0.4401404258462551,2,0,False,False,False,False,False,False,True,False,False
0.3865665047719099,-0.14959223430263408,-0.47366134105219687,-1.0967422024064586,0,6,1.045222476726058,4,0.17449997725240166,6,1,False,True,False,False,False,False,False,False,False
-1.0092323931226925,-0.14959223430263408,0.3089912383466744,0.06627403285228275,10,6,0.6166865595306232,2,0.17449997725240166,2,1,False,False,False,False,False,False,False,True,False
-1.0092323931226925,-0.5414924577776122,0.3089912383466744,0.8714391188006422,15,6,0.30502407429757966,4,-0.2849423684297165,8,0,False,False,False,False,False,False,True,False,False
-0.13685808193856605,1.2416535590335387,1.874296397144417,1.7362460629673986,13,6,-0.9416258666345945,3,1.1338816876029298,8,1,True,False,False,False,False,False,False,False,False
1.0844659537192112,0.13453542771672514,0.3089912383466744,0.24519960750747372,0,6,0.5387709382223623,2,0.4320637884567608,6,0,False,True,False,False,False,False,False,False,False
2.131315127140163,0.3010930226935909,0.3089912383466744,-0.2319352582397022,13,6,-1.8376555116795945,1,0.5633118846046191,4,1,True,False,False,False,False,False,False,False,False
0.3865665047719099,-0.5316949521907378,1.0916438177455456,0.9310809770190391,9,6,0.4608553169141014,4,-0.2713751382190057,8,1,False,True,False,False,False,False,False,False,False
-0.48580780641221666,-0.4729099186694911,-0.47366134105219687,-0.4705026911132902,3,6,-1.0584992985969857,1,-0.19266441696418832,6,0,False,False,False,False,False,False,False,False,True
-1.0092323931226925,1.0848934696435473,1.0916438177455456,1.348573984547818,24,6,0.3439818849517101,3,1.053739061542611,2,1,False,False,False,False,False,False,False,True,False
-0.8347575308858673,-1.3448879159013176,-0.47366134105219687,0.15573682017987825,0,6,-1.7986977010254641,1,-2.585575643273741,5,1,False,False,False,False,False,True,False,False,False
-0.8347575308858673,-0.7668350862757247,-0.47366134105219687,-1.186204989734054,0,6,1.1231380980343189,3,-0.6407914752553205,1,0,False,False,False,False,False,False,False,True,False
0.03761678029825927,-1.1979253320982008,1.0916438177455456,0.06627403285228275,2,6,-0.08455403224372474,3,-1.7842331727790024,4,1,False,False,False,False,False,False,False,True,False
-0.8347575308858673,-0.07121218960763843,-0.47366134105219687,-0.5897864075500842,4,6,-1.0974571092511163,2,0.25049513318749494,7,1,False,True,False,False,False,False,False,False,False
0.3865665047719099,1.5257812210528978,-0.47366134105219687,-0.05300968358451123,1,6,2.0581255537334493,6,1.268222818611757,1,1,False,True,False,False,False,False,False,False,False
1.7823654026665123,0.7223857629291924,-1.2563139204510683,-1.007279415078863,2,6,0.38293969560584057,4,0.8483235103111203,6,1,False,False,False,False,False,False,True,False,False
-1.183707255359518,-0.14959223430263408,-0.47366134105219687,-0.3213980455672977,1,6,-2.032444564950247,1,0.17449997725240166,4,1,False,False,True,False,False,False,False,False,False
0.21209164253508458,0.2717005059329675,-1.2563139204510683,-1.4247724226076421,0,6,-0.08455403224372474,1,0.5410408429424346,6,1,False,False,False,False,False,False,True,False,False
0.21209164253508458,-0.1201997175420107,-0.47366134105219687,-0.08283061269370973,7,6,0.2660662636434492,4,0.2034918423428913,1,1,False,False,False,False,False,False,True,False,False
1.0844659537192112,0.47744812325733105,-1.2563139204510683,-0.3213980455672977,6,6,0.8114756128012753,5,0.6898658252005728,2,0,False,True,False,False,False,False,False,False,False
-1.8816067043068192,-0.3161498292794998,0.3089912383466744,-0.08283061269370973,8,6,0.7725178021471449,4,-0.002422735068140659,6,0,False,True,False,False,False,False,False,False,False
0.5610413670087352,0.3304855394542142,-0.47366134105219687,-0.17229340002130522,2,6,1.0062646660719277,5,0.5852284648955612,1,1,False,True,False,False,False,False,False,False,False
-0.8347575308858673,-0.8844051533182182,1.0916438177455456,0.8416181896914436,7,6,-1.4091195944841597,1,-0.8708354287005626,6,1,False,False,False,False,False,True,False,False,False
-0.8347575308858673,1.5747687489872702,0.3089912383466744,-0.02318875447531274,5,6,0.1491928316810579,4,1.2901161689036704,1,0,False,True,False,False,False,False,False,False,False
0.9099910914823859,-1.0411652427082094,-1.2563139204510683,-1.4247724226076421,0,6,0.6166865595306232,2,-1.2531517451061938,2,1,False,False,False,False,True,False,False,False,False
-0.660282668649042,1.4571986819447766,0.3089912383466744,1.527499559203009,7,6,2.1360411750417105,5,1.2369753220138666,0,1,False,False,False,False,False,False,True,False,False
0.7355162292455605,1.4767936931185255,-0.47366134105219687,0.036453103743084254,6,6,0.3439818849517101,4,1.2459757640373272,2,0,False,False,False,False,False,False,True,False,False
-0.8347575308858673,0.11494041654297622,0.3089912383466744,-0.6792491948776797,0,6,1.590631825883884,5,0.4157669979323853,2,0,False,True,False,False,False,False,False,False,False
1.4334156781928618,0.43825810090983325,-1.2563139204510683,-1.2458468479524512,0,6,1.1231380980343189,2,0.6627307062769666,1,1,False,False,False,False,False,False,True,False,False
0.9099910914823859,-0.5218974466038634,-0.47366134105219687,-1.4247724226076421,4,6,1.3568849619591015,4,-0.2579402733400024,6,1,False,False,False,False,False,False,False,True,False
0.7355162292455605,-0.12999722312888515,0.3089912383466744,1.467857700984612,17,6,1.668547447192145,3,0.19389554756830313,8,0,False,True,False,False,False,False,False,False,False
0.21209164253508458,-0.5806824801251101,-1.2563139204510683,-0.2319352582397022,0,6,1.7854208791545363,6,-0.340588837505201,6,1,False,False,False,False,False,False,True,False,False
-0.13685808193856605,-0.8060251086232226,1.874296397144417,0.8416181896914436,4,6,-1.2532883518676379,3,-0.7132851984679097,4,0,False,False,False,False,False,False,False,False,True
-0.660282668649042,-0.9529876924263394,-1.2563139204510683,-1.007279415078863,5,6,1.824378689808667,6,-1.0252279810364753,6,0,False,False,False,False,False,False,True,False,False
0.03761678029825927,-0.5316949521907378,2.6569489765432883,2.6606948653525517,15,6,2.369788038966493,5,-0.2713751382190057,1,0,False,False,False,False,False,False,True,False,False
-0.660282668649042,0.2325104835854697,-1.2563139204510683,-0.8283538404236721,2,6,0.30502407429757966,4,0.510774509711577,1,1,False,True,False,False,False,False,False,False,False
-0.31133294417539137,0.9575258970141793,-0.47366134105219687,-0.8879956986420691,7,6,-0.16246965355198562,5,0.9850038136112915,1,1,False,True,False,False,False,False,False,False,False
0.7355162292455605,1.0750959640566728,0.3089912383466744,0.2750205366166722,18,6,-0.55204776009329,3,1.0485718407428288,6,1,False,False,False,False,False,False,False,False,True
-0.48580780641221666,-0.9823802091869628,-1.2563139204510683,-0.5599654784408856,6,6,0.4608553169141014,4,-1.0970910366276114,6,0,False,False,False,False,False,False,True,False,False
-1.0092323931226925,-0.3357448404532487,-1.2563139204510683,-1.186204989734054,5,6,-0.9416258666345945,3,-0.024814492288357765,4,1,False,True,False,False,False,False,False,False,False
0.5610413670087352,0.007167855087357215,-0.47366134105219687,-0.4406817620040917,2,6,1.2010537193425799,3,0.3225148244754811,1,0,False,True,False,False,False,False,False,False,False
-1.8816067043068192,-0.7570375806888503,0.3089912383466744,0.3346623948350692,0,6,1.1231380980343189,3,-0.6232490376741642,1,0,False,False,False,False,False,False,True,False,False
-0.13685808193856605,-0.7080500527544781,0.3089912383466744,-0.9178166277512676,3,6,-0.006638410935463857,3,-0.5387401490011535,6,1,False,True,False,False,False,False,False,False,False
1.2589408159560365,-0.8354176253838459,1.874296397144417,-0.5003236202224887,8,6,-0.12351184289785518,2,-0.7702752371100967,1,0,True,False,False,False,False,False,False,False,False
0.3865665047719099,-0.02222466167326615,1.0916438177455456,1.050364693455833,17,6,0.4998131275682319,6,0.29594687382247137,2,1,False,False,False,False,False,False,True,False,False
-0.660282668649042,-0.6296700080594824,-0.47366134105219687,-0.2915771164580992,9,6,0.6166865595306232,4,-0.4134663039911042,2,0,False,False,False,False,False,False,False,True,False
0.9099910914823859,1.231856053446664,1.874296397144417,0.48376704038106166,10,6,-0.5130899494391595,5,1.1290071241859405,1,0,False,False,False,False,False,False,False,True,False
0.03761678029825927,-0.3259473348663743,-0.47366134105219687,-0.2319352582397022,9,6,-0.2793430855143769,4,-0.013573101475193741,2,0,True,False,False,False,False,False,False,False,False
-1.5326569798331686,0.5852206847129501,0.3089912383466744,-0.6792491948776797,11,6,-0.2403852748602465,4,0.7618427299693504,6,0,False,False,False,False,False,False,True,False,False
0.7355162292455605,-1.0411652427082094,-1.2563139204510683,-0.41086083289489317,2,6,-1.7597398903713337,2,-1.2531517451061938,5,0,False,False,True,False,False,False,False,False,False
0.21209164253508458,-0.15938973988950852,-1.2563139204510683,-0.9476375568604661,3,6,-0.35725870682263783,2,0.16469877767461183,2,1,True,False,False,False,False,False,False,False,False
0.03761678029825927,1.6727438048560146,1.0916438177455456,0.5434088985994587,5,6,1.2400115299967103,5,1.332885529811862,1,1,False,True,False,False,False,False,False,False,False
-0.31133294417539137,-0.8942026589050927,0.3089912383466744,0.9907228352374361,14,6,0.30502407429757966,4,-0.891859695513094,2,1,False,True,False,False,False,False,False,False,False
-1.8816067043068192,2.2703916456553563,0.3089912383466744,0.4241251821626647,1,6,-0.08455403224372474,4,1.5684254563618765,1,1,False,False,False,False,False,False,True,False,False
-1.3581821175963433,1.506186209879149,0.3089912383466744,0.4539461112718632,0,6,-0.55204776009329,3,1.2593670792340839,8,0,False,False,False,False,False,False,False,False,True
0.5610413670087352,-0.12999722312888515,0.3089912383466744,0.8117972605822451,5,6,-0.8637102453263336,3,0.19389554756830313,4,1,False,True,False,False,False,False,False,False,False
-0.48580780641221666,-0.051617178433889514,-0.47366134105219687,-0.6792491948776797,2,6,1.941252121771058,6,0.2688562415721272,1,0,False,False,False,False,False,False,True,False,False
-0.8347575308858673,-0.3651373572138721,-0.47366134105219687,0.06627403285228275,9,6,-0.35725870682263783,3,-0.05909998262951051,1,0,False,False,False,False,False,False,False,True,False
-0.660282668649042,0.5460306623654523,0.3089912383466744,0.3644833239442677,7,6,1.5516740152297537,3,0.7361024903031957,6,0,False,False,False,False,False,False,True,False,False
-1.707131842069994,1.3102360981416599,-1.2563139204510683,-1.0967422024064586,0,6,-0.20142746420611607,4,1.167528873174615,2,0,False,False,False,False,False,False,True,False,False
1.607890540429687,-0.7570375806888503,0.3089912383466744,1.0205437643466346,7,6,-1.1364149199052467,1,-0.6232490376741642,4,1,False,False,False,False,False,False,False,False,True
2.6547397138506392,0.3402830450410887,-1.2563139204510683,-1.4247724226076421,0,6,-1.5649508371006815,1,0.5924571572290916,4,1,True,False,False,False,False,False,False,False,False
1.4334156781928618,1.1240834919910452,1.874296397144417,0.7521554023638481,15,6,0.11023502102692746,4,1.0742162080430602,6,1,False,True,False,False,False,False,False,False,False
0.03761678029825927,-1.2567103656194476,0.3089912383466744,-0.4705026911132902,1,6,-1.876613322333725,1,-2.051598183561151,4,1,False,False,True,False,False,False,False,False,False
-0.31133294417539137,-1.3840779382488155,-0.47366134105219687,-0.4406817620040917,5,6,0.2660662636434492,2,-2.911097818715498,6,1,False,False,False,False,True,False,False,False,False
0.03761678029825927,-0.2965548181057509,1.0916438177455456,0.4539461112718632,11,6,0.07127721037279702,3,0.019610738625305664,8,0,True,False,False,False,False,False,False,False,False
1.0844659537192112,-1.3350904103144432,-0.47366134105219687,-1.186204989734054,0,6,-0.8637102453263336,3,-2.514941559408418,4,1,False,False,False,False,False,True,False,False,False
-1.0092323931226925,-0.9627851980132138,1.0916438177455456,-0.9178166277512676,0,6,-1.8376555116795945,2,-1.0487680880611483,4,0,False,False,True,False,False,False,False,False,False
0.5610413670087352,-0.7864300974494737,0.3089912383466744,0.8117972605822451,5,6,-0.3962165174767683,3,-0.6765613494066632,5,0,False,True,False,False,False,False,False,False,False
-1.5326569798331686,0.21291547241172076,-0.47366134105219687,-1.4247724226076421,0,6,-0.9416258666345945,1,0.4953881739161519,4,1,False,False,False,False,False,False,False,True,False
1.0844659537192112,0.7419807741029414,2.6569489765432883,2.8097995108985443,18,6,-1.603908647754812,1,0.8602462058059293,5,1,False,False,False,False,True,False,False,False,False
0.3865665047719099,-0.8452151309707204,1.874296397144417,1.1994693390018256,7,6,-1.44807740513829,2,-0.7898083692589257,4,1,False,False,False,False,False,False,False,False,True
-0.48580780641221666,0.7027907517554436,0.3089912383466744,2.392306503369765,16,6,0.7725178021471449,5,0.8362966851533348,6,0,False,False,False,False,False,False,False,True,False
2.131315127140163,2.8190519585203258,0.3089912383466744,-0.9476375568604661,7,6,0.4998131275682319,5,1.7540799830256257,1,0,False,False,False,False,False,False,True,False,False
-1.3581821175963433,0.3010930226935909,-1.2563139204510683,-1.4247724226076421,0,6,-0.629963381401551,2,0.5633118846046191,2,1,False,False,False,False,False,False,True,False,False
-1.5326569798331686,0.6244107070604479,-1.2563139204510683,-0.3213980455672977,1,6,0.03231939971866658,4,0.7871106449087427,2,1,False,False,False,False,True,False,False,False,False
0.5610413670087352,0.7615757852766902,1.0916438177455456,0.6626926150362527,9,6,-0.3183008961685074,3,0.8720665593046775,2,1,True,False,False,False,False,False,False,False,False
0.03761678029825927,-0.8942026589050927,1.0916438177455456,0.006632174633885757,8,6,-0.9416258666345945,1,-0.891859695513094,4,0,False,False,False,False,False,False,False,False,True
-1.183707255359518,-0.23776978458450418,0.3089912383466744,-0.6196073366592827,5,6,-0.629963381401551,4,0.08367171823297616,5,1,True,False,False,False,False,False,False,False,False
-0.48580780641221666,-0.3161498292794998,0.3089912383466744,-0.9178166277512676,4,6,1.2789693406508407,5,-0.002422735068140659,6,0,False,True,False,False,False,False,False,False,False
-1.707131842069994,0.7321832685160669,-0.47366134105219687,-1.4247724226076421,3,6,-0.6689211920556813,3,0.8542977614489293,6,1,True,False,False,False,False,False,False,False,False
0.21209164253508458,-0.3063523236926254,1.0916438177455456,0.48376704038106166,15,6,0.38293969560584057,5,0.008638069196031287,1,1,False,False,False,False,False,False,True,False,False
0.21209164253508458,1.8686939165935037,1.0916438177455456,0.7819763314730467,9,6,0.42189750625997097,6,1.4146343202592087,1,0,False,False,False,False,False,False,True,False,False
-0.660282668649042,-0.1201997175420107,-0.47366134105219687,1.7958879211857954,13,6,-0.8637102453263336,1,0.2034918423428913,4,1,False,False,False,False,False,False,False,False,True
0.5610413670087352,-1.266507871206322,0.3089912383466744,-0.5897864075500842,11,6,-0.9416258666345945,2,-2.101678710831266,5,0,False,False,False,False,False,True,False,False,False
-1.183707255359518,1.6237562769216423,0.3089912383466744,-1.126563131515657,0,6,0.42189750625997097,5,1.3116668861583878,6,0,False,False,False,False,False,False,False,True,False
-1.707131842069994,0.3402830450410887,0.3089912383466744,0.5135879694902602,6,6,0.7725178021471449,6,0.5924571572290916,1,0,False,False,False,False,False,False,True,False,False
-0.13685808193856605,-0.12999722312888515,-0.47366134105219687,0.6328716859270541,1,6,1.2400115299967103,6,0.19389554756830313,1,0,False,False,False,False,False,False,False,True,False
0.7355162292455605,0.11494041654297622,1.874296397144417,1.2889321263294211,4,6,-2.032444564950247,2,0.4157669979323853,6,1,False,False,False,False,True,False,False,False,False
-1.5326569798331686,0.1443329333035996,0.3089912383466744,-0.3213980455672977,7,6,0.2660662636434492,3,0.4401404258462551,2,0,False,True,False,False,False,False,False,False,False
0.21209164253508458,-0.08100969519451288,-0.47366134105219687,-0.11265154180290822,8,6,-0.5130899494391595,2,0.24122194846562783,7,0,False,False,False,False,False,False,False,False,True
-1.183707255359518,-1.4036729494225644,0.3089912383466744,-0.5301445493316872,0,6,-0.47413213878502913,2,-3.1081566567488568,5,1,False,False,False,False,False,False,False,False,True
-0.13685808193856605,1.0652984584697984,-0.47366134105219687,-1.1563840606248557,0,6,-0.5130899494391595,3,1.0433851576718816,8,0,False,False,False,False,False,False,True,False,False
-1.5326569798331686,0.5852206847129501,-0.47366134105219687,0.3346623948350692,6,6,2.174998985695841,4,0.7618427299693504,3,0,False,False,False,False,False,False,True,False,False
0.9099910914823859,-0.5610874689513612,-0.47366134105219687,-0.6494282657684811,0,6,1.0841802873801885,3,-0.31248454107410345,2,1,False,False,False,False,False,False,True,False,False
-0.13685808193856605,1.143678503164794,-0.47366134105219687,-0.4406817620040917,1,6,0.22710845298931878,5,1.0843417148941714,2,1,False,False,False,False,False,False,False,True,False
-0.48580780641221666,0.43825810090983325,-0.47366134105219687,-0.11265154180290822,10,6,1.668547447192145,6,0.6627307062769666,0,1,False,False,False,False,False,False,True,False,False
1.4334156781928618,-1.1489378041638285,-1.2563139204510683,-0.7687119822052751,10,6,-1.331203973175899,3,-1.5952986221888592,5,1,False,False,False,False,True,False,False,False,False
-0.48580780641221666,1.1632735143385429,-0.47366134105219687,-0.6792491948776797,5,6,0.9283490447636668,4,1.0943933122774283,6,0,False,False,False,False,False,False,True,False,False
0.03761678029825927,-1.4232679605963132,-0.47366134105219687,1.0801856225650317,1,6,-1.6428664584089423,3,-3.338200610194098,6,1,False,False,False,False,False,False,False,False,True
-0.13685808193856605,-1.0901527706425818,1.0916438177455456,0.7223344732546496,4,6,0.8114756128012753,4,-1.3982397841555005,1,0,False,True,False,False,False,False,False,False,False
-0.8347575308858673,0.21291547241172076,0.3089912383466744,0.006632174633885757,13,6,1.045222476726058,5,0.4953881739161519,1,1,False,False,False,False,False,False,True,False,False
0.3865665047719099,1.8980864333541272,-1.2563139204510683,-0.7687119822052751,6,6,-0.7078790027098117,6,1.4264885919768362,6,1,False,False,False,False,False,False,True,False,False
0.21209164253508458,1.0750959640566728,1.874296397144417,0.5434088985994587,14,6,-0.12351184289785518,4,1.0485718407428288,1,1,False,False,False,False,False,False,True,False,False
1.0844659537192112,-0.44351740190886774,0.3089912383466744,-0.8879956986420691,0,6,0.4998131275682319,3,-0.15493431084145182,1,1,False,False,False,False,False,False,True,False,False
0.7355162292455605,-0.7864300974494737,-0.47366134105219687,-0.3810399037856947,3,6,0.9283490447636668,3,-0.6765613494066632,6,0,False,True,False,False,False,False,False,False,False
-0.660282668649042,2.2703916456553563,-1.2563139204510683,-1.4247724226076421,0,6,0.22710845298931878,5,1.5684254563618765,1,0,False,False,False,False,False,False,True,False,False
1.7823654026665123,1.2514510646204131,1.874296397144417,2.6308739362433533,17,6,1.2400115299967103,5,1.1387390567569808,2,0,False,True,False,False,False,False,False,False,False
-0.48580780641221666,-0.7570375806888503,-0.47366134105219687,-1.2756677770616496,11,6,0.18815064233518836,3,-0.6232490376741642,1,0,False,False,False,False,True,False,False,False,False
0.21209164253508458,-0.002629650499517241,-0.47366134105219687,0.7521554023638481,12,6,1.7854208791545363,4,0.3137156716782183,1,0,False,False,False,False,False,False,True,False,False
0.3865665047719099,-0.5023024354301144,0.3089912383466744,0.7223344732546496,14,6,-0.7078790027098117,1,-0.2314574816324678,5,1,False,False,False,False,False,False,False,False,True
1.2589408159560365,-0.276959806932002,-0.47366134105219687,-0.7388910530960766,8,6,-0.7078790027098117,4,0.04129721402351179,6,0,False,False,False,False,False,False,True,False,False
-1.5326569798331686,-1.0607602538819585,-1.2563139204510683,-1.0371003441880615,0,6,-0.55204776009329,3,-1.309366192217106,7,0,False,False,False,False,False,False,False,True,False
-0.8347575308858673,-0.8060251086232226,0.3089912383466744,0.6328716859270541,11,6,0.4608553169141014,2,-0.7132851984679097,6,1,False,False,False,False,False,False,True,False,False
-0.31133294417539137,-0.5023024354301144,-0.47366134105219687,-0.7090701239868782,4,6,-0.3183008961685074,3,-0.2314574816324678,6,0,False,True,False,False,False,False,False,False,False
-1.183707255359518,0.12473792212985067,-1.2563139204510683,-0.8879956986420691,8,6,-0.902668055980464,1,0.4239395010135452,5,1,False,False,False,False,False,False,True,False,False
-0.48580780641221666,-1.1097477818163306,1.0916438177455456,1.1696484098926272,8,6,-0.3183008961685074,2,-1.460844324994541,7,0,True,False,False,False,False,False,False,False,False
1.4334156781928618,-0.943190186839465,0.3089912383466744,0.5434088985994587,14,6,-1.7207820797172033,2,-1.002083524848421,4,0,True,False,False,False,False,False,False,False,False
1.0844659537192112,2.926824519975945,-0.47366134105219687,0.5732298277086572,2,6,-0.045596221589594296,3,1.7877806415699367,6,1,False,False,False,False,False,False,True,False,False
-0.31133294417539137,-0.21817477341075525,0.3089912383466744,-0.4705026911132902,0,6,-1.5649508371006815,3,0.10437981865050744,4,0,True,False,False,False,False,False,False,False,False
-0.48580780641221666,0.2717005059329675,-0.47366134105219687,0.24519960750747372,4,6,0.8114756128012753,3,0.5410408429424346,1,1,False,False,False,False,False,False,False,True,False
-0.31133294417539137,0.39906807856233545,1.0916438177455456,0.6328716859270541,15,6,0.18815064233518836,4,0.6350501214576345,6,1,False,False,False,False,False,False,False,True,False
1.2589408159560365,-1.3350904103144432,1.874296397144417,1.0205437643466346,8,6,0.3439818849517101,2,-2.514941559408418,2,1,True,False,False,False,False,False,False,False,False
2.131315127140163,0.39906807856233545,1.0916438177455456,1.0801856225650317,5,6,-0.3183008961685074,2,0.6350501214576345,1,0,False,False,False,False,False,False,False,False,True
0.3865665047719099,-0.9921777147738372,-0.47366134105219687,0.2750205366166722,11,6,0.9673068554177972,4,-1.121903648958335,1,0,False,True,False,False,False,False,False,False,False
-1.0092323931226925,-1.1293427929900797,-0.47366134105219687,-0.3512189746764962,17,6,-1.1364149199052467,3,-1.5264311360351905,5,1,True,False,False,False,False,False,False,False,False
0.7355162292455605,1.2808435813810364,-1.2563139204510683,-1.4247724226076421,6,6,0.11023502102692746,3,1.1532092010478403,6,1,False,False,False,False,False,False,True,False,False
-0.13685808193856605,-0.8452151309707204,0.3089912383466744,-1.0371003441880615,0,6,-0.35725870682263783,2,-0.7898083692589257,4,0,False,False,False,False,False,False,False,True,False
-1.8816067043068192,0.35008055062796317,-0.47366134105219687,1.6766042047490015,12,6,-0.55204776009329,4,0.599648101649971,8,0,False,False,False,False,False,False,False,False,True
1.9568402649033378,-0.16918724547638297,-0.47366134105219687,-1.365130564389245,0,6,-0.3962165174767683,3,0.15482731800204141,6,1,True,False,False,False,False,False,False,False,False
-0.13685808193856605,0.39906807856233545,0.3089912383466744,-0.1424724709121067,3,6,0.22710845298931878,5,0.6350501214576345,2,0,False,True,False,False,False,False,False,False,False
-0.48580780641221666,3.191357170821555,1.0916438177455456,1.1994693390018256,3,6,0.03231939971866658,4,1.8671637567479633,1,1,False,False,False,False,False,False,True,False,False
-0.48580780641221666,-0.42392239073511884,0.3089912383466744,0.4539461112718632,15,6,-0.35725870682263783,2,-0.1303432515201953,4,0,False,False,False,False,False,False,False,True,False
-1.5326569798331686,-0.9040001644919672,1.0916438177455456,1.1994693390018256,11,6,-1.44807740513829,1,-0.913209932910027,5,0,False,False,True,False,False,False,False,False,False
0.7355162292455605,-1.031367737121335,0.3089912383466744,-0.02318875447531274,5,6,-2.032444564950247,1,-1.225882285152544,4,1,False,False,False,False,False,False,False,False,False
0.03761678029825927,-1.158735309750703,-0.47366134105219687,-1.3949514934984435,0,6,0.5387709382223623,4,-1.631068496340202,2,1,False,True,False,False,False,False,False,False,False
-1.3581821175963433,0.1835229556510974,-0.47366134105219687,-0.5897864075500842,10,6,-0.6689211920556813,4,0.47198144504329875,6,0,False,False,False,False,False,False,True,False,False
0.7355162292455605,-0.37493486280074656,-1.2563139204510683,-1.4247724226076421,2,6,1.0062646660719277,5,-0.07072083410293639,8,1,False,True,False,False,False,False,False,False,False
-0.660282668649042,-1.0117727259475862,1.874296397144417,1.3783949136570166,14,6,-0.7078790027098117,1,-1.1729118035638813,4,0,False,True,False,False,False,False,False,False,False
-1.707131842069994,-0.041819672847015064,-0.47366134105219687,-0.11265154180290822,15,6,-0.5130899494391595,3,0.2779457975268756,4,0,False,False,False,False,False,False,True,False,False
-0.8347575308858673,0.2031179668248463,1.874296397144417,1.9748134958409862,22,6,-0.47413213878502913,4,0.4876300535235215,6,0,False,False,False,False,False,False,False,True,False
-0.48580780641221666,0.05615538302172949,1.0916438177455456,-0.3810399037856947,0,6,0.9283490447636668,5,0.3656864706622696,6,0,False,False,False,False,False,False,True,False,False
-0.48580780641221666,0.26190300034609304,-0.47366134105219687,0.30484146572587073,17,6,0.694602180838884,6,0.5335363953381014,2,1,False,True,False,False,False,False,False,False,False
-1.8816067043068192,1.0652984584697984,1.0916438177455456,0.7521554023638481,14,6,0.6166865595306232,5,1.0433851576718816,2,1,False,True,False,False,False,False,False,False,False
-0.660282668649042,-0.6688600304069802,-0.47366134105219687,-0.11265154180290822,6,6,-0.2793430855143769,5,-0.47467916939348176,5,0,False,False,False,False,False,False,False,False,True
0.9099910914823859,-1.1881278265113264,-0.47366134105219687,-0.7985329113144737,9,6,-1.954528943641986,1,-1.744315516192465,5,0,False,False,False,True,False,False,False,False,False
2.131315127140163,-0.012427156086391696,0.3089912383466744,-1.3353096352800466,0,6,0.4998131275682319,5,0.30485993230054503,2,1,False,True,False,False,False,False,False,False,False
0.21209164253508458,-0.15938973988950852,-0.47366134105219687,0.4539461112718632,8,6,1.3568849619591015,5,0.16469877767461183,1,0,False,False,False,False,False,False,True,False,False
-0.31133294417539137,-1.3644829270750665,-1.2563139204510683,-0.8283538404236721,4,6,-1.0974571092511163,2,-2.7387403197125413,6,1,False,False,False,False,False,True,False,False,False
-1.183707255359518,0.49704313443108,1.874296397144417,1.0205437643466346,11,6,0.1491928316810579,4,0.7032354712618129,2,0,False,True,False,False,False,False,False,False,False
-0.48580780641221666,-0.1887822566501319,0.3089912383466744,-0.02318875447531274,19,6,0.1491928316810579,2,0.1348695378381167,2,0,False,False,False,False,False,False,True,False,False
-1.0092323931226925,0.8399558299716859,1.0916438177455456,1.7064251338582,13,6,-0.3183008961685074,2,0.918358741056601,2,1,False,True,False,False,False,False,False,False,False
-1.183707255359518,0.2325104835854697,0.3089912383466744,1.050364693455833,15,6,-0.20142746420611607,4,0.510774509711577,2,0,True,False,False,False,False,False,False,False,False
-0.13685808193856605,-0.9040001644919672,-0.47366134105219687,-0.4406817620040917,8,6,1.590631825883884,3,-0.913209932910027,1,1,False,False,False,False,False,False,False,True,False
1.607890540429687,0.43825810090983325,-0.47366134105219687,-1.4247724226076421,1,6,0.22710845298931878,4,0.6627307062769666,2,1,False,True,False,False,False,False,False,False,False
0.7355162292455605,-0.1006047063682618,-1.2563139204510683,-0.6792491948776797,2,6,0.4998131275682319,4,0.22248611213799482,1,1,False,False,False,False,False,False,True,False,False
0.21209164253508458,2.0450490171572437,1.0916438177455456,0.6626926150362527,7,6,-0.20142746420611607,3,1.4842759264402192,6,1,False,True,False,False,False,False,False,False,False
1.2589408159560365,-1.1293427929900797,-0.47366134105219687,-0.3512189746764962,8,6,-1.8376555116795945,1,-1.5264311360351905,5,1,False,False,False,False,False,True,False,False,False
-0.660282668649042,-0.6100749968857335,0.3089912383466744,1.646783275639803,11,6,1.7075052578462755,6,-0.3838509103740575,2,0,False,True,False,False,False,False,False,False,False
-0.660282668649042,-0.48270742425636554,-1.2563139204510683,-0.6792491948776797,2,6,-0.7468368133639423,5,-0.20547439517485935,5,1,False,False,False,False,False,False,False,False,True
-0.8347575308858673,-0.2083772678238808,1.0916438177455456,-0.4406817620040917,9,6,-1.2532883518676379,4,0.11461825040449736,4,1,False,False,False,False,False,False,False,False,True
0.3865665047719099,-0.8354176253838459,1.0916438177455456,0.2750205366166722,7,6,0.18815064233518836,4,-0.7702752371100967,8,0,False,False,False,False,False,False,True,False,False
1.4334156781928618,-0.7570375806888503,0.3089912383466744,-0.05300968358451123,8,6,-2.032444564950247,1,-0.6232490376741642,6,0,False,False,False,False,False,True,False,False,False
-1.707131842069994,-0.13979472871575963,-0.47366134105219687,-0.2021143291305037,9,6,0.22710845298931878,5,0.18423190982344206,2,1,False,False,False,False,False,False,False,True,False
-0.8347575308858673,-1.3840779382488155,-0.47366134105219687,-0.6494282657684811,9,6,-0.902668055980464,1,-2.911097818715498,4,0,False,False,True,False,False,False,False,False,False
1.2589408159560365,-0.1201997175420107,0.3089912383466744,0.24519960750747372,10,6,-0.045596221589594296,2,0.2034918423428913,2,0,False,False,False,False,False,False,False,True,False
-1.5326569798331686,-0.7962276030363481,1.0916438177455456,1.1696484098926272,10,6,1.0062646660719277,4,-0.6948008574797353,6,0,False,False,False,False,False,False,True,False,False
-1.3581821175963433,0.28149801151984194,0.3089912383466744,-0.1424724709121067,6,6,1.395842772613232,5,0.5485046158343135,1,1,False,True,False,False,False,False,False,False,False
-1.3581821175963433,-1.2371153544456985,-0.47366134105219687,-1.4247724226076421,0,6,0.22710845298931878,2,-1.9565906717819592,1,0,False,False,False,False,True,False,False,False,False
-1.707131842069994,-1.2959003879669453,1.0916438177455456,0.7819763314730467,5,6,-1.7597398903713337,1,-2.2638733391506447,6,1,False,False,False,False,False,False,False,False,False
-0.8347575308858673,-0.49250492984324,0.3089912383466744,-0.2915771164580992,6,6,0.5777287488764927,3,-0.218404656630343,2,1,False,False,False,False,True,False,False,False,False
1.0844659537192112,0.12473792212985067,2.6569489765432883,1.4976786300938105,17,6,-0.902668055980464,3,0.4239395010135452,4,1,False,False,False,False,True,False,False,False,False
-1.8816067043068192,2.417354229458473,0.3089912383466744,-0.5599654784408856,2,6,-0.045596221589594296,4,1.620659128827183,6,0,False,True,False,False,False,False,False,False,False
0.5610413670087352,-0.9529876924263394,-0.47366134105219687,-1.4247724226076421,0,6,-1.525993026446551,2,-1.0252279810364753,4,0,False,False,False,False,False,False,False,False,True
-0.48580780641221666,-0.48270742425636554,-0.47366134105219687,0.09609496196148125,10,6,0.07127721037279702,6,-0.20547439517485935,6,1,False,False,False,False,False,False,False,False,True
-0.31133294417539137,-0.6786575359938547,-0.47366134105219687,0.15573682017987825,15,6,0.22710845298931878,4,-0.4904172004346891,2,1,False,False,False,False,False,False,False,True,False
0.7355162292455605,-0.7178475583413525,1.0916438177455456,1.9449925667317878,18,6,2.4477036602747537,6,-0.5552321153074962,9,0,False,False,False,False,False,False,False,True,False
-0.48580780641221666,-1.070557759468833,1.0916438177455456,-0.6494282657684811,4,6,0.30502407429757966,2,-1.3383580573075964,2,1,False,False,False,False,False,False,False,True,False
0.5610413670087352,0.2912955171067164,1.0916438177455456,0.9310809770190391,13,6,-0.5130899494391595,1,0.5559281525583185,2,1,False,False,False,False,True,False,False,False,False
-0.31133294417539137,2.0744415339178675,-1.2563139204510683,-0.3810399037856947,0,6,1.045222476726058,5,1.4955479898759734,3,1,False,False,False,False,False,False,False,True,False
0.21209164253508458,1.0848934696435473,-0.47366134105219687,0.3346623948350692,10,6,-1.0584992985969857,3,1.053739061542611,4,1,False,False,False,False,False,False,False,False,True
-0.48580780641221666,-0.43371989632199326,0.3089912383466744,0.6030507568178557,10,6,0.03231939971866658,2,-0.14258388969407385,6,1,False,False,False,False,False,False,True,False,False
-0.660282668649042,-0.8256201197969715,1.874296397144417,0.9907228352374361,8,6,-0.35725870682263783,2,-0.7510153045906475,4,0,False,False,False,False,False,False,False,False,True
-1.0092323931226925,-1.0607602538819585,1.874296397144417,2.1239181413869788,13,6,-0.9416258666345945,1,-1.309366192217106,4,0,False,False,False,False,False,False,False,False,True
-1.8816067043068192,-0.45331490749574216,0.3089912383466744,-0.4705026911132902,0,6,-0.12351184289785518,5,-0.16739650202479608,1,0,False,False,False,False,False,False,False,True,False
-0.48580780641221666,0.820360818797937,-1.2563139204510683,-1.2756677770616496,0,6,-0.12351184289785518,3,0.9069307690186567,1,1,False,False,False,False,False,False,False,False,True
1.607890540429687,2.691684385890958,1.874296397144417,1.885350708513391,12,6,1.1231380980343189,6,1.7131585365930362,9,0,False,True,False,False,False,False,False,False,False
-1.8816067043068192,-1.0999502762294562,1.0916438177455456,1.9449925667317878,21,6,-1.8376555116795945,1,-1.429186316327021,6,1,False,False,True,False,False,False,False,False,False
-0.660282668649042,-0.6590625248201057,-0.47366134105219687,-0.17229340002130522,6,6,1.7854208791545363,4,-0.45911897301738686,2,0,False,False,False,False,False,False,True,False,False
-0.660282668649042,0.8105633132110626,-0.47366134105219687,-0.7687119822052751,11,6,-0.629963381401551,2,0.901181020676341,1,1,False,True,False,False,False,False,False,False,False
0.7355162292455605,1.7315288383772613,-1.2563139204510683,-1.4247724226076421,0,6,0.694602180838884,6,1.3579237237185462,6,0,False,False,False,False,False,False,True,False,False
0.03761678029825927,-0.512099941016989,0.3089912383466744,0.6328716859270541,2,6,0.6166865595306232,4,-0.2446352159482409,6,0,False,True,False,False,False,False,False,False,False
0.7355162292455605,1.3886161428366555,-0.47366134105219687,-1.1563840606248557,0,6,-1.0195414879428553,2,1.2050022801210338,1,0,False,True,False,False,False,False,False,False,False
-0.48580780641221666,-0.9627851980132138,-0.47366134105219687,-0.17229340002130522,1,6,-0.8637102453263336,3,-1.0487680880611483,5,1,False,False,False,False,False,False,False,False,True
0.7355162292455605,-0.23776978458450418,-1.2563139204510683,-1.305488706170848,0,6,-0.7078790027098117,3,0.08367171823297616,4,1,False,False,False,False,True,False,False,False,False
-0.31133294417539137,-0.7178475583413525,0.3089912383466744,1.646783275639803,9,6,2.019167743079319,6,-0.5552321153074962,6,1,False,False,False,False,False,False,True,False,False
-0.31133294417539137,1.790313871898508,-1.2563139204510683,-1.4247724226076421,3,6,-0.3962165174767683,2,1.3825147830398015,8,0,False,False,False,False,False,False,False,False,True
-0.8347575308858673,0.3402830450410887,1.0916438177455456,0.6030507568178557,6,6,0.5387709382223623,3,0.5924571572290916,6,0,False,True,False,False,False,False,False,False,False
0.5610413670087352,0.13453542771672514,-0.47366134105219687,-0.9774584859696646,0,6,1.3568849619591015,5,0.4320637884567608,2,0,False,True,False,False,False,False,False,False,False
-0.660282668649042,-0.08100969519451288,0.3089912383466744,0.3644833239442677,5,6,-0.35725870682263783,4,0.24122194846562783,6,1,False,False,False,False,False,False,False,True,False
0.7355162292455605,0.41866308973608435,-0.47366134105219687,-0.4705026911132902,0,6,1.590631825883884,6,0.6489599642462769,6,0,False,True,False,False,False,False,False,False,False
1.2589408159560365,0.7517782796898158,-1.2563139204510683,-0.4705026911132902,5,6,-0.8637102453263336,2,0.8661690653769629,7,0,False,True,False,False,False,False,False,False,False
-1.183707255359518,0.11494041654297622,-0.47366134105219687,0.6328716859270541,1,6,2.174998985695841,5,0.4157669979323853,9,1,False,True,False,False,False,False,False,False,False
0.3865665047719099,0.3108905282804653,1.874296397144417,1.527499559203009,12,6,0.11023502102692746,4,0.5706562365594813,2,1,False,True,False,False,False,False,False,False,False
0.3865665047719099,-1.3840779382488155,-0.47366134105219687,0.8117972605822451,8,6,-2.032444564950247,1,-2.911097818715498,6,1,False,False,False,False,False,True,False,False,False
-1.183707255359518,-1.1293427929900797,0.3089912383466744,1.1994693390018256,22,6,0.18815064233518836,2,-1.5264311360351905,6,0,False,True,False,False,False,False,False,False,False
-1.183707255359518,0.38927057297546097,-1.2563139204510683,-1.2160259188432525,4,6,-0.3183008961685074,3,0.6280421535218793,6,1,False,False,False,False,False,False,False,False,True
1.9568402649033378,-0.9040001644919672,-0.47366134105219687,-1.3353096352800466,2,6,-0.4351743281308987,4,-0.913209932910027,4,1,False,False,False,False,True,False,False,False,False
0.5610413670087352,-0.3455423460401232,-1.2563139204510683,-0.2915771164580992,7,6,2.1360411750417105,6,-0.03614840587693777,3,1,False,True,False,False,False,False,False,False,False
0.21209164253508458,0.9477283914273049,0.3089912383466744,-0.05300968358451123,4,6,0.3439818849517101,5,0.9795716064589786,1,0,False,True,False,False,False,False,False,False,False
1.607890540429687,0.6831957405816946,-1.2563139204510683,-1.4247724226076421,7,6,-1.1364149199052467,4,0.8241638954133435,5,0,False,True,False,False,False,False,False,False,False
-0.8347575308858673,1.271046075794162,-1.2563139204510683,-0.41086083289489317,15,6,-0.7078790027098117,5,1.148402694501842,2,0,False,True,False,False,False,False,False,False,False
-0.31133294417539137,-0.9529876924263394,1.0916438177455456,0.3644833239442677,3,6,-0.902668055980464,1,-1.0252279810364753,5,0,False,False,False,False,False,False,False,False,True
0.3865665047719099,-0.37493486280074656,-1.2563139204510683,-0.3810399037856947,13,6,0.2660662636434492,2,-0.07072083410293639,2,1,False,False,False,False,False,False,False,True,False
0.7355162292455605,0.38927057297546097,-1.2563139204510683,0.8416181896914436,6,6,-0.20142746420611607,4,0.6280421535218793,6,0,False,False,False,False,True,False,False,False,False
1.0844659537192112,2.9660145423234425,-0.47366134105219687,-0.3810399037856947,4,6,-0.2403852748602465,5,1.7998337839674514,2,1,False,False,False,False,False,False,True,False,False
-0.660282668649042,1.1044884808172961,-0.47366134105219687,0.006632174633885757,15,6,0.9283490447636668,5,1.0640156967541041,1,0,False,True,False,False,False,False,False,False,False
0.03761678029825927,0.24230798917234414,1.874296397144417,1.6169623465306044,13,6,0.2660662636434492,4,0.5184036856097667,1,1,False,True,False,False,False,False,False,False,False
0.7355162292455605,-0.3259473348663743,0.3089912383466744,-0.7090701239868782,7,6,0.7335599914930145,3,-0.013573101475193741,1,1,False,False,False,False,False,False,True,False,False
-1.3581821175963433,-1.3350904103144432,-1.2563139204510683,-1.4247724226076421,0,6,-1.603908647754812,2,-2.514941559408418,4,1,True,False,False,False,False,False,False,False,False
-1.5326569798331686,-0.512099941016989,-1.2563139204510683,-1.4247724226076421,0,6,0.6556443701847536,5,-0.2446352159482409,6,1,False,False,False,False,False,False,False,True,False
0.9099910914823859,2.9072295088021956,0.3089912383466744,-0.8879956986420691,3,6,0.2660662636434492,6,1.7817142761321252,6,0,False,False,False,False,False,False,True,False,False
-0.660282668649042,-0.24756729017137863,0.3089912383466744,1.646783275639803,16,6,0.07127721037279702,5,0.07319970786297861,8,1,False,False,False,False,False,False,True,False,False
-0.13685808193856605,-0.5316949521907378,-0.47366134105219687,-0.02318875447531274,14,6,0.2660662636434492,3,-0.2713751382190057,8,0,True,False,False,False,False,False,False,False,False
-1.5326569798331686,-0.13979472871575963,-1.2563139204510683,0.8416181896914436,20,6,-0.2793430855143769,1,0.18423190982344206,6,0,True,False,False,False,False,False,False,False,False
-1.3581821175963433,-0.3063523236926254,-0.47366134105219687,-0.9774584859696646,2,6,0.5777287488764927,3,0.008638069196031287,1,0,False,False,False,False,False,False,False,True,False
0.9099910914823859,0.1835229556510974,-1.2563139204510683,-0.5599654784408856,4,6,0.5387709382223623,6,0.47198144504329875,1,1,False,True,False,False,False,False,False,False,False
-1.0092323931226925,-1.050962748295084,0.3089912383466744,0.21537867839827524,14,6,-0.55204776009329,4,-1.2809721403451977,7,1,False,False,False,False,False,False,False,False,True
0.9099910914823859,-0.43371989632199326,-0.47366134105219687,-0.6196073366592827,5,6,0.38293969560584057,4,-0.14258388969407385,2,0,False,False,False,False,False,False,True,False,False
0.9099910914823859,-0.6492650192332313,1.0916438177455456,1.229290268111024,11,6,1.4737583939214929,4,-0.44373263722196177,6,1,False,True,False,False,False,False,False,False,False
0.3865665047719099,-0.5023024354301144,1.0916438177455456,-0.2319352582397022,0,6,0.38293969560584057,3,-0.2314574816324678,1,1,False,False,False,False,False,False,True,False,False
1.607890540429687,0.5852206847129501,0.3089912383466744,0.06627403285228275,0,6,-0.2793430855143769,4,0.7618427299693504,6,1,False,True,False,False,False,False,False,False,False
0.03761678029825927,2.5055317797403434,0.3089912383466744,1.7958879211857954,14,6,-0.3962165174767683,4,1.651074020527075,1,1,False,False,False,False,False,False,False,True,False
-0.8347575308858673,-0.44351740190886774,0.3089912383466744,0.3943042530534662,9,6,-1.175372730559377,3,-0.15493431084145182,7,0,False,False,False,False,False,False,False,False,True
-1.8816067043068192,0.5558281679523267,0.3089912383466744,1.1696484098926272,7,6,0.22710845298931878,3,0.7425827974499012,2,0,False,False,False,False,False,False,True,False,False
-0.8347575308858673,1.1044884808172961,2.6569489765432883,1.6169623465306044,19,6,-0.629963381401551,4,1.0640156967541041,2,1,False,True,False,False,False,False,False,False,False
-1.0092323931226925,2.9366220255628193,-0.47366134105219687,0.6030507568178557,8,6,0.8114756128012753,5,1.7908038320868735,1,0,False,False,False,False,False,False,False,True,False
0.3865665047719099,-1.1195452874032052,0.3089912383466744,0.3644833239442677,13,6,-1.9155711329878555,3,-1.4932472959346916,6,0,False,False,False,False,False,False,False,False,False
0.3865665047719099,0.712588257342318,1.874296397144417,0.6626926150362527,18,6,0.7335599914930145,5,0.8423232274957445,6,0,False,False,False,False,False,False,False,True,False
0.5610413670087352,-0.7080500527544781,-1.2563139204510683,-0.9178166277512676,10,6,-0.902668055980464,2,-0.5387401490011535,5,1,True,False,False,False,False,False,False,False,False
0.21209164253508458,-1.2371153544456985,-0.47366134105219687,0.036453103743084254,8,6,-0.5910055707474204,1,-1.9565906717819592,4,1,True,False,False,False,False,False,False,False,False
-0.48580780641221666,2.3585691959372266,-0.47366134105219687,-0.5599654784408856,2,6,-0.824752434672203,3,1.6000028006046088,2,1,False,True,False,False,False,False,False,False,False
-0.13685808193856605,-0.5023024354301144,1.0916438177455456,-0.05300968358451123,8,6,0.9673068554177972,4,-0.2314574816324678,1,0,False,True,False,False,False,False,False,False,False
1.7823654026665123,0.8007658076241881,1.874296397144417,1.2591111972202227,8,6,1.2400115299967103,3,0.8954071643040282,6,0,False,False,False,False,False,False,False,True,False
0.03761678029825927,0.6831957405816946,-0.47366134105219687,-1.4247724226076421,2,6,0.7335599914930145,3,0.8241638954133435,6,0,False,False,False,False,False,False,False,True,False
-1.183707255359518,-0.3357448404532487,1.0916438177455456,-0.8581747695328706,3,6,2.369788038966493,5,-0.024814492288357765,1,0,False,False,False,False,False,False,True,False,False
1.0844659537192112,0.01696536067423167,-0.47366134105219687,-1.0967422024064586,0,6,-0.12351184289785518,3,0.3312581092593746,2,0,False,False,False,False,False,False,True,False,False
-0.8347575308858673,0.3402830450410887,-0.47366134105219687,0.3346623948350692,10,6,1.045222476726058,6,0.5924571572290916,1,1,False,False,False,False,False,False,True,False,False
-0.660282668649042,-0.9627851980132138,-1.2563139204510683,0.3346623948350692,6,6,-1.954528943641986,2,-1.0487680880611483,4,0,False,False,True,False,False,False,False,False,False
-1.3581821175963433,0.5362331567785779,-0.47366134105219687,-1.4247724226076421,4,6,-0.4351743281308987,4,0.7295915432924971,2,0,False,True,False,False,False,False,False,False,False
1.2589408159560365,1.359223626076032,1.0916438177455456,-0.6494282657684811,6,6,-0.5130899494391595,4,1.191068980199288,2,0,False,True,False,False,False,False,False,False,False
-0.48580780641221666,-0.6884550415807291,0.3089912383466744,0.4241251821626647,3,6,-0.16246965355198562,2,-0.5063371780610029,1,0,False,False,False,False,False,False,False,False,True
-0.13685808193856605,-0.7276450639282269,1.0916438177455456,0.5732298277086572,8,6,0.2660662636434492,4,-0.5719239891016517,1,0,False,False,False,False,False,False,True,False,False
-1.183707255359518,-0.41412488514824436,-0.47366134105219687,-0.7985329113144737,0,6,-0.5910055707474204,3,-0.11821046178020403,4,1,False,True,False,False,False,False,False,False,False
-1.0092323931226925,1.1338809975779196,1.0916438177455456,-0.4705026911132902,0,6,2.1360411750417105,4,1.0792882680216138,3,1,False,False,False,False,False,False,False,True,False
0.3865665047719099,0.01696536067423167,-0.47366134105219687,-1.0371003441880615,0,6,0.8893912341095362,4,0.3312581092593746,1,1,False,False,False,False,False,False,True,False,False
0.03761678029825927,-0.49250492984324,0.3089912383466744,-0.41086083289489317,0,6,-0.902668055980464,2,-0.218404656630343,4,0,False,False,False,False,True,False,False,False,False
1.607890540429687,2.975812047910317,-1.2563139204510683,-0.9476375568604661,1,6,0.8114756128012753,5,1.802830657244659,3,1,False,False,False,False,False,False,False,True,False
0.3865665047719099,0.05615538302172949,-0.47366134105219687,-0.3512189746764962,1,6,0.9283490447636668,5,0.3656864706622696,1,1,False,False,False,False,False,False,True,False,False
-1.0092323931226925,0.7027907517554436,0.3089912383466744,0.8416181896914436,12,6,-0.824752434672203,4,0.8362966851533348,4,0,True,False,False,False,False,False,False,False,False
-0.48580780641221666,0.49704313443108,0.3089912383466744,-0.7090701239868782,0,6,-0.16246965355198562,3,0.7032354712618129,6,0,False,True,False,False,False,False,False,False,False
0.5610413670087352,2.8092544529334513,-0.47366134105219687,-1.0967422024064586,2,6,0.2660662636434492,5,1.7509749924713987,6,1,False,True,False,False,False,False,False,False,False
-1.0092323931226925,2.632899352369711,1.0916438177455456,0.4241251821626647,0,6,1.045222476726058,4,1.6938536027589852,1,0,False,False,False,False,False,False,True,False,False
-0.13685808193856605,0.38927057297546097,-1.2563139204510683,-0.5003236202224887,2,6,0.2660662636434492,4,0.6280421535218793,6,1,False,False,False,False,False,False,True,False,False
0.03761678029825927,0.7027907517554436,1.0916438177455456,1.229290268111024,12,6,-0.2793430855143769,3,0.8362966851533348,2,0,False,False,False,False,False,False,True,False,False
2.6547397138506392,-0.8746076477313438,-1.2563139204510683,-0.9476375568604661,2,6,-0.5130899494391595,1,-0.8501273282830314,7,0,False,False,False,False,False,False,False,False,True
-0.13685808193856605,-0.07121218960763843,1.0916438177455456,2.601053007134155,18,6,0.6556443701847536,5,0.25049513318749494,1,1,False,False,False,False,False,False,True,False,False
1.4334156781928618,3.210952181995304,-0.47366134105219687,-0.6196073366592827,0,6,-0.5910055707474204,3,1.8728658879901399,6,0,False,False,False,False,False,False,True,False,False
1.7823654026665123,-0.7472400751019759,-0.47366134105219687,1.0205437643466346,14,6,0.4998131275682319,4,-0.6059272655413414,6,0,False,False,False,False,False,False,False,False,True
-0.8347575308858673,0.928133380253556,-1.2563139204510683,-0.3810399037856947,9,6,0.22710845298931878,3,0.9686424798267335,6,1,False,False,False,False,False,False,True,False,False
-1.8816067043068192,0.5166381456048289,0.3089912383466744,0.48376704038106166,11,6,0.38293969560584057,5,0.7164765610434196,2,1,False,False,False,False,False,False,True,False,False
-0.48580780641221666,-0.42392239073511884,-0.47366134105219687,-0.5897864075500842,3,6,-0.20142746420611607,3,-0.1303432515201953,1,1,False,False,False,False,False,False,True,False,False
0.3865665047719099,-0.7472400751019759,0.3089912383466744,-0.05300968358451123,5,6,-0.3183008961685074,4,-0.6059272655413414,4,0,False,False,False,False,False,False,False,False,True
-0.660282668649042,-1.1783303209244518,0.3089912383466744,-0.5599654784408856,5,6,-0.824752434672203,3,-1.7055224515241862,6,0,True,False,False,False,False,False,False,False,False
1.0844659537192112,-0.7864300974494737,-1.2563139204510683,-0.6792491948776797,1,6,1.4348005832673625,5,-0.6765613494066632,6,0,False,True,False,False,False,False,False,False,False
-0.8347575308858673,0.6342082126473224,0.3089912383466744,1.527499559203009,13,6,1.317927151304971,5,0.79335583804986,2,0,False,False,False,False,False,False,True,False,False
-0.48580780641221666,-0.8844051533182182,-1.2563139204510683,-0.8879956986420691,6,6,-0.20142746420611607,3,-0.8708354287005626,5,0,False,False,False,False,False,False,False,True,False
0.3865665047719099,4.131917707161502,0.3089912383466744,1.1994693390018256,12,6,1.045222476726058,5,2.117279322019715,1,0,False,False,False,False,False,False,True,False,False
0.21209164253508458,1.7805163663116337,1.0916438177455456,0.6328716859270541,12,6,1.395842772613232,6,1.378446647947084,1,1,False,False,False,False,False,False,False,True,False
1.7823654026665123,2.956217036736568,-0.47366134105219687,-0.9178166277512676,0,6,0.5777287488764927,7,1.7968303744292833,6,0,False,False,False,False,False,False,True,False,False
0.03761678029825927,-0.8648101421444693,-0.47366134105219687,-0.7090701239868782,0,6,1.5127162045756233,4,-0.8297260258454636,2,1,False,False,False,False,False,False,False,True,False
0.7355162292455605,-0.41412488514824436,-0.47366134105219687,-0.3213980455672977,6,6,0.9673068554177972,4,-0.11821046178020403,6,0,False,False,False,False,False,False,True,False,False
-1.3581821175963433,-0.8746076477313438,0.3089912383466744,1.2591111972202227,13,6,1.9802099324251885,4,-0.8501273282830314,8,0,False,True,False,False,False,False,False,False,False
-0.48580780641221666,-0.9725827036000884,0.3089912383466744,0.9609019061282377,6,6,0.03231939971866658,3,-1.0727176087137429,2,1,False,False,False,False,False,False,True,False,False
0.7355162292455605,1.721731332790387,0.3089912383466744,0.5135879694902602,0,6,-0.006638410935463857,5,1.3537821785595803,6,1,False,False,False,False,False,False,True,False,False
-1.0092323931226925,-1.2175203432719497,1.874296397144417,1.229290268111024,3,6,0.694602180838884,3,-1.8677170798435652,2,0,False,True,False,False,False,False,False,False,False
-0.31133294417539137,1.2024635366860408,0.3089912383466744,-0.2021143291305037,7,6,1.2400115299967103,4,1.1142790401847764,2,0,False,True,False,False,False,False,False,False,False
-0.13685808193856605,-0.17898475106325742,0.3089912383466744,0.6328716859270541,14,6,1.0841802873801885,4,0.14488458363535497,2,1,False,True,False,False,False,False,False,False,False
0.21209164253508458,-0.9725827036000884,1.0916438177455456,-0.6196073366592827,1,6,-1.9155711329878555,1,-1.0727176087137429,6,0,False,False,True,False,False,False,False,False,False
0.3865665047719099,-0.8942026589050927,-0.47366134105219687,-1.126563131515657,0,6,0.11023502102692746,4,-0.891859695513094,6,0,True,False,False,False,False,False,False,False,False
-1.5326569798331686,-0.512099941016989,-0.47366134105219687,0.5135879694902602,6,6,-1.44807740513829,2,-0.2446352159482409,4,0,False,False,False,False,False,False,False,False,True
-1.8816067043068192,-0.7472400751019759,1.0916438177455456,1.3187530554386195,8,6,-1.2143305412135075,4,-0.6059272655413414,6,0,False,False,True,False,False,False,False,False,False
0.3865665047719099,-0.8942026589050927,-1.2563139204510683,-0.5003236202224887,15,6,-0.3183008961685074,4,-0.891859695513094,5,1,False,True,False,False,False,False,False,False,False
-1.3581821175963433,2.8876344976284467,-1.2563139204510683,-1.3949514934984435,0,6,0.4998131275682319,3,1.77562106828197,2,0,False,False,False,False,False,False,True,False,False
0.03761678029825927,-1.1195452874032052,1.874296397144417,0.006632174633885757,6,6,0.3439818849517101,4,-1.4932472959346916,2,0,False,False,False,False,False,False,True,False,False
0.9099910914823859,-0.03202216726014061,1.0916438177455456,0.24519960750747372,4,6,0.4608553169141014,4,0.2869757494074534,2,0,False,True,False,False,False,False,False,False,False
-0.13685808193856605,-0.8060251086232226,-0.47366134105219687,-1.4247724226076421,0,6,-0.4351743281308987,4,-0.7132851984679097,5,1,False,False,False,False,False,False,False,True,False
-1.707131842069994,-1.031367737121335,0.3089912383466744,1.050364693455833,9,6,-0.35725870682263783,4,-1.225882285152544,6,0,False,False,False,False,False,False,False,True,False
1.4334156781928618,-0.5414924577776122,-0.47366134105219687,-0.1424724709121067,3,6,0.30502407429757966,3,-0.2849423684297165,8,1,False,False,False,False,False,False,True,False,False
1.0844659537192112,0.3794730673885865,1.0916438177455456,0.7223344732546496,17,6,0.4608553169141014,5,0.6209983390469039,2,1,False,True,False,False,False,False,False,False,False
0.21209164253508458,0.36967556180171207,0.3089912383466744,0.06627403285228275,15,6,0.18815064233518836,4,0.6139183094283378,1,1,False,False,False,False,False,False,False,False,True
-0.8347575308858673,-0.815822614210097,1.0916438177455456,1.7958879211857954,8,6,0.4998131275682319,4,-0.7320210347955439,6,1,False,True,False,False,False,False,False,False,False
0.7355162292455605,-0.5904799857119846,0.3089912383466744,0.006632174633885757,7,6,2.2139567963499713,6,-0.3548590452835678,3,0,False,True,False,False,False,False,False,False,False
-0.31133294417539137,-0.9627851980132138,0.3089912383466744,1.3783949136570166,16,6,0.7335599914930145,4,-1.0487680880611483,6,0,False,False,False,False,False,False,True,False,False
1.9568402649033378,-0.41412488514824436,-0.47366134105219687,0.036453103743084254,5,6,0.03231939971866658,4,-0.11821046178020403,2,1,False,False,False,False,False,False,False,True,False
1.9568402649033378,0.35008055062796317,1.0916438177455456,-0.11265154180290822,3,6,0.4608553169141014,4,0.599648101649971,6,0,False,False,False,False,False,False,True,False,False
1.0844659537192112,1.555173737813521,-0.47366134105219687,-0.6792491948776797,2,6,0.3439818849517101,5,1.28140055292753,2,0,False,True,False,False,False,False,False,False,False
-1.3581821175963433,1.4376036707710278,1.874296397144417,2.153739070496177,10,6,0.1491928316810579,4,1.2279156661302801,2,1,False,True,False,False,False,False,False,False,False
-0.13685808193856605,-0.28675731251887643,-0.47366134105219687,-0.1424724709121067,6,6,1.0841802873801885,6,0.03049666667775276,2,1,False,False,False,False,False,False,False,True,False
1.2589408159560365,0.39906807856233545,-0.47366134105219687,0.7223344732546496,6,6,0.07127721037279702,3,0.6350501214576345,2,0,False,True,False,False,False,False,False,False,False
1.4334156781928618,-1.0117727259475862,1.874296397144417,1.527499559203009,9,6,-1.331203973175899,1,-1.1729118035638813,5,1,False,False,False,False,True,False,False,False,False
0.03761678029825927,0.6146132014735735,1.0916438177455456,0.3644833239442677,11,6,0.6556443701847536,2,0.780836999764454,2,1,False,False,False,False,False,False,True,False,False
0.21209164253508458,-0.24756729017137863,0.3089912383466744,0.3644833239442677,11,6,-0.47413213878502913,2,0.07319970786297861,4,1,False,True,False,False,False,False,False,False,False
1.7823654026665123,1.4082111540104043,-0.47366134105219687,0.6328716859270541,15,6,-0.7078790027098117,2,1.2142134363873422,1,1,False,True,False,False,False,False,False,False,False
-0.13685808193856605,0.0757503941954784,-1.2563139204510683,-0.4406817620040917,0,6,1.045222476726058,6,0.3825831578318871,6,0,False,True,False,False,False,False,False,False,False
-1.183707255359518,0.26190300034609304,1.0916438177455456,0.12591589107067974,14,6,1.7854208791545363,5,0.5335363953381014,1,0,False,False,False,False,False,False,True,False,False
0.9099910914823859,-0.3259473348663743,-1.2563139204510683,-0.2915771164580992,7,6,-1.175372730559377,2,-0.013573101475193741,5,1,True,False,False,False,False,False,False,False,False
-1.0092323931226925,0.09534540536922731,-0.47366134105219687,-1.3949514934984435,4,6,0.8114756128012753,3,0.39927503162604266,6,0,False,True,False,False,False,False,False,False,False
2.4802648516138137,-1.0607602538819585,-0.47366134105219687,-0.8879956986420691,0,6,1.045222476726058,5,-1.309366192217106,2,0,False,False,False,False,False,False,True,False,False
0.3865665047719099,-0.8354176253838459,2.6569489765432883,0.09609496196148125,5,6,-1.0974571092511163,4,-0.7702752371100967,7,1,False,False,False,False,False,False,False,True,False
1.2589408159560365,-0.3357448404532487,0.3089912383466744,0.12591589107067974,1,6,-0.824752434672203,1,-0.024814492288357765,4,1,False,False,False,False,True,False,False,False,False
0.9099910914823859,-0.5316949521907378,-1.2563139204510683,-1.4247724226076421,0,6,0.2660662636434492,3,-0.2713751382190057,6,0,False,True,False,False,False,False,False,False,False
1.2589408159560365,-0.512099941016989,-0.47366134105219687,-0.41086083289489317,6,6,-0.12351184289785518,4,-0.2446352159482409,2,0,False,False,False,False,False,False,True,False,False
0.21209164253508458,-1.266507871206322,1.0916438177455456,-1.2756677770616496,0,6,-1.5649508371006815,2,-2.101678710831266,5,0,False,False,False,False,False,False,False,False,False
-1.0092323931226925,0.22271297799859524,-0.47366134105219687,-0.6196073366592827,11,6,1.4348005832673625,6,0.5031028312214499,6,0,False,True,False,False,False,False,False,False,False
-0.13685808193856605,-1.050962748295084,-0.47366134105219687,0.8416181896914436,0,6,-0.47413213878502913,2,-1.2809721403451977,6,0,True,False,False,False,False,False,False,False,False
-0.660282668649042,-0.1201997175420107,1.0916438177455456,1.0205437643466346,7,6,0.4608553169141014,4,0.2034918423428913,2,1,False,False,False,False,False,False,False,True,False
0.3865665047719099,0.5068406400179545,0.3089912383466744,1.7362460629673986,13,6,0.6166865595306232,3,0.7098719309852979,6,0,False,False,False,False,False,False,True,False,False
0.3865665047719099,0.007167855087357215,1.0916438177455456,0.9609019061282377,9,6,-0.3962165174767683,4,0.3225148244754811,2,1,False,False,False,False,False,False,True,False,False
-0.31133294417539137,0.8007658076241881,1.0916438177455456,0.9907228352374361,7,6,-1.2532883518676379,1,0.8954071643040282,6,1,True,False,False,False,False,False,False,False,False
-0.31133294417539137,-1.2273178488588241,0.3089912383466744,0.8714391188006422,8,6,-1.0974571092511163,3,-1.9114370289352183,4,1,False,False,False,False,True,False,False,False,False
-0.31133294417539137,-0.3063523236926254,2.6569489765432883,1.1100065516742301,14,6,1.045222476726058,4,0.008638069196031287,8,0,False,False,False,False,False,False,True,False,False
-0.48580780641221666,-0.41412488514824436,-0.47366134105219687,-0.02318875447531274,2,6,0.18815064233518836,4,-0.11821046178020403,2,0,False,False,False,False,False,False,True,False,False
1.7823654026665123,-1.4232679605963132,-0.47366134105219687,-0.6494282657684811,5,6,0.1491928316810579,2,-3.338200610194098,8,0,True,False,False,False,False,False,False,False,False
0.7355162292455605,-0.06141468402076397,-1.2563139204510683,-0.5599654784408856,7,6,1.7075052578462755,6,0.25970628945380353,2,1,False,False,False,False,False,False,False,True,False
0.03761678029825927,-0.46311241308261664,0.3089912383466744,-0.5599654784408856,2,6,0.4608553169141014,5,-0.179972504748136,2,0,False,False,False,False,False,False,False,True,False
0.9099910914823859,0.43825810090983325,-0.47366134105219687,-0.2021143291305037,8,6,-0.16246965355198562,4,0.6627307062769666,6,1,False,True,False,False,False,False,False,False,False
0.03761678029825927,-1.050962748295084,-1.2563139204510683,-1.2458468479524512,0,6,-0.9805836772887249,2,-1.2809721403451977,5,1,False,False,False,False,False,False,False,False,True
-1.183707255359518,0.5558281679523267,-0.47366134105219687,-1.4247724226076421,4,6,0.6166865595306232,5,0.7425827974499012,2,0,False,False,False,False,False,False,False,True,False
-0.31133294417539137,-0.7864300974494737,0.3089912383466744,-0.41086083289489317,6,6,-1.2532883518676379,3,-0.6765613494066632,6,1,True,False,False,False,False,False,False,False,False
-1.0092323931226925,-0.3063523236926254,0.3089912383466744,0.006632174633885757,9,6,0.5777287488764927,4,0.008638069196031287,2,1,False,True,False,False,False,False,False,False,False
2.131315127140163,0.06595288860860395,0.3089912383466744,0.06627403285228275,11,6,0.5387709382223623,5,0.374160729574017,2,1,False,True,False,False,False,False,False,False,False
-0.13685808193856605,1.0065134249485517,0.3089912383466744,-0.02318875447531274,4,6,-0.5130899494391595,4,1.011847991681581,6,1,False,True,False,False,False,False,False,False,False
-1.183707255359518,0.24230798917234414,-0.47366134105219687,-0.3512189746764962,8,6,-2.032444564950247,1,0.5184036856097667,7,1,False,False,False,False,False,False,True,False,False
-0.660282668649042,0.8889433579060582,-1.2563139204510683,-1.4247724226076421,0,6,0.18815064233518836,5,0.9465205144886617,1,0,False,False,False,False,False,False,True,False,False
-0.660282668649042,0.13453542771672514,0.3089912383466744,0.8714391188006422,14,6,0.07127721037279702,4,0.4320637884567608,2,1,False,False,False,False,False,False,False,True,False
-0.48580780641221666,-0.6296700080594824,0.3089912383466744,0.4539461112718632,8,6,-0.47413213878502913,1,-0.4134663039911042,6,0,True,False,False,False,False,False,False,False,False
0.7355162292455605,-1.1881278265113264,0.3089912383466744,1.3187530554386195,19,6,-1.954528943641986,2,-1.744315516192465,6,1,False,False,False,False,False,False,False,False,False
0.3865665047719099,1.4474011763579022,0.3089912383466744,0.3943042530534662,14,6,-0.902668055980464,3,1.2324529444604144,2,1,False,False,False,False,False,False,False,True,False
0.3865665047719099,-0.4043273795613699,-0.47366134105219687,-0.05300968358451123,1,6,-1.603908647754812,2,-0.10618363662241849,5,1,False,False,False,False,False,False,False,False,True
1.0844659537192112,-0.16918724547638297,-1.2563139204510683,-1.0371003441880615,5,6,-1.2143305412135075,3,0.15482731800204141,5,0,False,False,False,False,True,False,False,False,False
2.131315127140163,-1.266507871206322,-1.2563139204510683,-1.0967422024064586,0,6,-1.7207820797172033,3,-2.101678710831266,7,0,False,False,True,False,False,False,False,False,False
-1.0092323931226925,-0.23776978458450418,0.3089912383466744,-0.6494282657684811,1,6,-0.902668055980464,2,0.08367171823297616,4,1,False,False,True,False,False,False,False,False,False
0.7355162292455605,-0.923595175665716,-0.47366134105219687,-1.0967422024064586,0,6,0.8893912341095362,4,-0.9569298820016794,2,1,False,True,False,False,False,False,False,False,False
-1.707131842069994,-0.9529876924263394,0.3089912383466744,0.8117972605822451,9,6,-1.44807740513829,1,-1.0252279810364753,5,0,False,False,False,False,False,True,False,False,False
-0.48580780641221666,-0.8746076477313438,-0.47366134105219687,-0.6494282657684811,0,6,0.18815064233518836,3,-0.8501273282830314,6,0,False,True,False,False,False,False,False,False,False
0.9099910914823859,2.7112793970647067,-0.47366134105219687,0.3943042530534662,15,6,0.4608553169141014,5,1.7195338383846326,2,1,False,False,False,False,False,False,True,False,False
0.9099910914823859,-1.1097477818163306,-0.47366134105219687,0.48376704038106166,6,6,-1.0195414879428553,3,-1.460844324994541,4,1,False,False,False,False,False,False,False,False,False
-1.3581821175963433,-0.9921777147738372,-0.47366134105219687,0.09609496196148125,4,6,0.18815064233518836,3,-1.121903648958335,2,1,True,False,False,False,False,False,False,False,False
0.9099910914823859,-0.8844051533182182,1.0916438177455456,2.5414111489157576,24,6,-2.032444564950247,2,-0.8708354287005626,7,1,False,False,False,False,False,True,False,False,False
0.21209164253508458,0.05615538302172949,-1.2563139204510683,-0.5599654784408856,0,6,0.07127721037279702,3,0.3656864706622696,8,0,False,True,False,False,False,False,False,False,False
-1.5326569798331686,-0.24756729017137863,1.874296397144417,0.6328716859270541,11,6,-1.175372730559377,2,0.07319970786297861,4,0,True,False,False,False,False,False,False,False,False
0.5610413670087352,-0.1201997175420107,-1.2563139204510683,-1.126563131515657,0,6,-0.8637102453263336,2,0.2034918423428913,5,1,False,False,False,False,False,False,False,False,True
-0.31133294417539137,0.19332046123797186,0.3089912383466744,-0.08283061269370973,7,6,0.8114756128012753,4,0.4798279775400558,6,0,False,True,False,False,False,False,False,False,False
1.7823654026665123,0.2521054947592186,-1.2563139204510683,-1.4247724226076421,5,6,-0.7078790027098117,2,0.5259908272677123,6,1,False,False,False,False,False,False,False,False,True
0.21209164253508458,1.5159837154660234,0.3089912383466744,0.7819763314730467,10,6,0.07127721037279702,5,1.2638020676967443,1,1,False,False,False,False,False,False,False,True,False
1.607890540429687,-0.44351740190886774,0.3089912383466744,-0.3810399037856947,2,6,0.30502407429757966,4,-0.15493431084145182,2,1,False,False,False,False,False,False,False,False,True
0.21209164253508458,0.007167855087357215,1.0916438177455456,1.229290268111024,16,6,0.9283490447636668,4,0.3225148244754811,8,1,False,True,False,False,False,False,False,False,False
0.5610413670087352,0.36967556180171207,-1.2563139204510683,-0.7985329113144737,0,6,-0.4351743281308987,2,0.6139183094283378,8,1,False,False,False,False,False,False,True,False,False
-1.3581821175963433,-0.815822614210097,-0.47366134105219687,1.527499559203009,12,6,-1.525993026446551,2,-0.7320210347955439,4,1,False,False,False,False,True,False,False,False,False
-0.31133294417539137,0.6538032238210713,-1.2563139204510683,-1.305488706170848,0,6,0.38293969560584057,5,0.805761892475799,8,0,False,True,False,False,False,False,False,False,False
1.4334156781928618,0.47744812325733105,-0.47366134105219687,0.3943042530534662,14,6,1.1231380980343189,5,0.6898658252005728,6,1,False,True,False,False,False,False,False,False,False
-0.8347575308858673,-0.7472400751019759,0.3089912383466744,0.2750205366166722,16,6,0.8893912341095362,4,-0.6059272655413414,1,0,False,False,False,False,False,False,True,False,False
0.5610413670087352,-0.8844051533182182,-0.47366134105219687,-1.126563131515657,11,6,-0.7468368133639423,3,-0.8708354287005626,4,0,False,False,False,False,True,False,False,False,False
0.9099910914823859,-0.6688600304069802,-1.2563139204510683,-0.2021143291305037,1,6,-1.7986977010254641,1,-0.47467916939348176,4,0,True,False,False,False,False,False,False,False,False
0.5610413670087352,-0.5708849745382356,0.3089912383466744,0.6030507568178557,6,6,1.317927151304971,4,-0.32646499341165824,1,0,False,True,False,False,False,False,False,False,False
0.7355162292455605,-0.8452151309707204,-0.47366134105219687,-1.4247724226076421,0,6,0.1491928316810579,4,-0.7898083692589257,2,1,False,True,False,False,False,False,False,False,False
-0.48580780641221666,-0.5414924577776122,0.3089912383466744,-0.41086083289489317,0,6,-0.902668055980464,3,-0.2849423684297165,4,1,True,False,False,False,False,False,False,False,False
-1.707131842069994,-1.0803552650557073,-0.47366134105219687,-0.7985329113144737,5,6,0.11023502102692746,5,-1.367973450924643,6,1,False,False,False,False,False,False,True,False,False
-0.48580780641221666,-0.5708849745382356,-0.47366134105219687,0.24519960750747372,8,6,1.668547447192145,4,-0.32646499341165824,1,1,False,False,False,False,False,False,False,True,False
0.7355162292455605,-1.0803552650557073,1.874296397144417,1.3187530554386195,19,6,-1.6818242690630727,2,-1.367973450924643,4,0,True,False,False,False,False,False,False,False,False
-1.5326569798331686,-0.923595175665716,1.0916438177455456,0.09609496196148125,0,6,0.11023502102692746,4,-0.9569298820016794,1,0,False,False,False,False,False,False,False,True,False
0.5610413670087352,1.4180086595972787,0.3089912383466744,0.5135879694902602,14,6,1.4737583939214929,6,1.218796012088489,1,1,False,False,False,False,False,False,True,False,False
-1.8816067043068192,-1.070557759468833,-0.47366134105219687,0.2750205366166722,7,6,-0.7468368133639423,3,-1.3383580573075964,7,0,False,True,False,False,False,False,False,False,False
0.3865665047719099,1.7119338272035125,-0.47366134105219687,-1.0967422024064586,10,6,0.694602180838884,4,1.3496281400328,6,1,False,False,False,False,False,False,True,False,False
-0.31133294417539137,-1.0411652427082094,1.874296397144417,1.4380367718754135,13,6,0.7725178021471449,3,-1.2531517451061938,6,0,False,True,False,False,False,False,False,False,False
-0.48580780641221666,-0.5316949521907378,-0.47366134105219687,0.3644833239442677,12,6,0.3439818849517101,4,-0.2713751382190057,2,1,False,False,False,False,False,False,True,False,False
0.5610413670087352,1.9078839389410016,-0.47366134105219687,-1.186204989734054,7,6,-0.08455403224372474,3,1.4304174469311353,8,1,True,False,False,False,False,False,False,False,False
-0.31133294417539137,0.22271297799859524,-0.47366134105219687,-0.3810399037856947,4,6,0.30502407429757966,5,0.5031028312214499,6,1,False,False,False,False,False,False,True,False,False
2.305789989376988,-0.3357448404532487,-1.2563139204510683,-1.4247724226076421,0,6,-1.175372730559377,3,-0.024814492288357765,5,1,False,False,False,False,False,False,True,False,False
0.5610413670087352,1.359223626076032,-0.47366134105219687,0.12591589107067974,10,6,-0.7078790027098117,4,1.191068980199288,2,1,True,False,False,False,False,False,False,False,False
1.2589408159560365,-0.7374425695151013,-1.2563139204510683,-0.7090701239868782,8,6,-0.35725870682263783,3,-0.588820676271268,4,1,False,True,False,False,False,False,False,False,False
0.5610413670087352,1.466996187531651,0.3089912383466744,1.2591111972202227,21,6,1.9022943111169277,6,1.2414828963409923,9,0,False,False,False,False,False,False,False,True,False
0.3865665047719099,-0.002629650499517241,-1.2563139204510683,0.6328716859270541,5,6,-1.3701617838300293,2,0.3137156716782183,4,0,False,True,False,False,False,False,False,False,False
-0.31133294417539137,1.1338809975779196,1.874296397144417,0.8117972605822451,0,6,-1.0195414879428553,4,1.0792882680216138,4,1,False,False,False,False,False,False,True,False,False
-1.5326569798331686,-1.3056978935538197,-0.47366134105219687,0.12591589107067974,11,6,-1.525993026446551,1,-2.3224805978581817,4,1,False,False,False,False,False,True,False,False,False
2.131315127140163,-0.8942026589050927,-0.47366134105219687,-0.17229340002130522,9,6,-0.08455403224372474,4,-0.891859695513094,6,1,True,False,False,False,False,False,False,False,False
1.2589408159560365,0.5068406400179545,0.3089912383466744,-0.2617561873489007,8,6,0.1491928316810579,4,0.7098719309852979,2,1,False,True,False,False,False,False,False,False,False
-0.660282668649042,-0.46311241308261664,-0.47366134105219687,-0.7687119822052751,0,6,-1.44807740513829,1,-0.179972504748136,5,1,False,False,False,False,True,False,False,False,False
-1.0092323931226925,-0.39452987397449546,-1.2563139204510683,-1.4247724226076421,0,6,-0.006638410935463857,2,-0.09426094112760951,2,0,False,False,False,False,False,False,True,False,False
0.7355162292455605,-0.5610874689513612,0.3089912383466744,0.7521554023638481,7,6,-0.47413213878502913,4,-0.31248454107410345,7,0,False,False,False,False,False,False,False,False,True
0.3865665047719099,0.7223857629291924,0.3089912383466744,-0.7388910530960766,2,6,1.1231380980343189,5,0.8483235103111203,1,0,False,False,False,False,False,False,False,True,False
0.21209164253508458,-0.8648101421444693,-1.2563139204510683,-1.4247724226076421,0,6,-2.032444564950247,1,-0.8297260258454636,4,0,False,False,False,False,False,True,False,False,False
0.03761678029825927,4.709970536787096,-0.47366134105219687,-1.4247724226076421,0,6,-0.2403852748602465,5,2.251124017417204,6,1,False,True,False,False,False,False,False,False,False
-0.8347575308858673,0.007167855087357215,0.3089912383466744,-0.3512189746764962,5,6,0.07127721037279702,3,0.3225148244754811,6,0,False,False,False,False,False,False,True,False,False
0.7355162292455605,-0.9529876924263394,0.3089912383466744,1.4976786300938105,16,6,1.2010537193425799,4,-1.0252279810364753,1,1,False,True,False,False,False,False,False,False,False
-0.13685808193856605,-0.8648101421444693,0.3089912383466744,-0.3810399037856947,13,6,0.07127721037279702,4,-0.8297260258454636,2,0,False,True,False,False,False,False,False,False,False
0.7355162292455605,-1.139140298576954,0.3089912383466744,-0.7090701239868782,5,6,-1.331203973175899,1,-1.5604344124748795,5,1,False,False,False,False,False,True,False,False,False
0.21209164253508458,-0.3651373572138721,1.0916438177455456,2.243201857823773,16,6,-0.35725870682263783,2,-0.05909998262951051,1,1,False,False,False,False,False,False,False,False,True
-1.707131842069994,-1.1979253320982008,-0.47366134105219687,-0.4705026911132902,11,6,1.2400115299967103,3,-1.7842331727790024,2,1,False,True,False,False,False,False,False,False,False
-0.13685808193856605,0.2717005059329675,-1.2563139204510683,-1.4247724226076421,0,6,0.18815064233518836,5,0.5410408429424346,8,0,False,False,False,False,False,False,True,False,False
-0.31133294417539137,0.6342082126473224,4.222254135341031,3.3465762348641173,19,6,-0.8637102453263336,4,0.79335583804986,5,0,False,False,False,False,False,False,False,False,True
-0.660282668649042,-1.0117727259475862,0.3089912383466744,0.21537867839827524,14,6,-0.902668055980464,4,-1.1729118035638813,5,0,False,False,False,False,False,False,False,False,True
-0.660282668649042,0.22271297799859524,1.0916438177455456,0.7223344732546496,11,6,0.18815064233518836,4,0.5031028312214499,6,0,False,False,False,False,False,False,False,True,False
0.03761678029825927,-0.2279722789976297,-1.2563139204510683,-0.5897864075500842,13,6,0.7725178021471449,3,0.09406469380928996,2,0,False,True,False,False,False,False,False,False,False
-0.8347575308858673,-0.5610874689513612,-0.47366134105219687,0.7819763314730467,17,6,1.0841802873801885,5,-0.31248454107410345,6,1,False,True,False,False,False,False,False,False,False
-1.5326569798331686,0.9085383690798071,-0.47366134105219687,-0.8283538404236721,4,6,0.8893912341095362,4,0.9576259192525006,2,1,False,True,False,False,False,False,False,False,False
-0.660282668649042,2.2703916456553563,-0.47366134105219687,-0.5897864075500842,5,6,0.5387709382223623,5,1.5684254563618765,2,1,False,False,False,False,False,False,True,False,False
-0.31133294417539137,-0.7766325918625993,-0.47366134105219687,-0.5897864075500842,7,6,-0.4351743281308987,1,-0.6585602731110675,4,0,False,True,False,False,False,False,False,False,False
-1.5326569798331686,-0.16918724547638297,0.3089912383466744,-0.02318875447531274,0,6,-0.8637102453263336,2,0.15482731800204141,4,1,False,False,False,False,False,False,False,True,False
0.5610413670087352,0.0757503941954784,-1.2563139204510683,-1.2458468479524512,0,6,0.8114756128012753,5,0.3825831578318871,8,0,False,False,False,False,False,False,True,False,False
0.7355162292455605,-0.3651373572138721,-0.47366134105219687,-0.6196073366592827,3,6,0.2660662636434492,2,-0.05909998262951051,1,0,False,False,False,False,False,False,False,True,False
-0.8347575308858673,0.36967556180171207,0.3089912383466744,0.15573682017987825,4,6,0.4998131275682319,4,0.6139183094283378,8,0,False,True,False,False,False,False,False,False,False
-0.8347575308858673,1.2220585478597896,-1.2563139204510683,-1.4247724226076421,0,6,0.4998131275682319,4,1.1241152443439009,1,0,False,False,False,False,False,False,False,True,False
0.7355162292455605,-1.031367737121335,-1.2563139204510683,-1.2160259188432525,7,6,0.7335599914930145,3,-1.225882285152544,1,0,False,True,False,False,False,False,False,False,False
0.21209164253508458,-1.1489378041638285,1.0916438177455456,1.4976786300938105,4,6,1.6295896365380147,4,-1.5952986221888592,2,0,False,False,False,False,False,False,True,False,False
-0.660282668649042,1.702136321616638,3.4396015559421595,3.7044273841744992,31,6,0.4608553169141014,4,1.3454615325352006,8,0,False,False,False,False,False,False,True,False,False
0.7355162292455605,-0.12999722312888515,0.3089912383466744,0.21537867839827524,5,6,1.1231380980343189,4,0.19389554756830313,6,1,False,True,False,False,False,False,False,False,False
1.4334156781928618,-0.6590625248201057,-0.47366134105219687,-0.3810399037856947,0,6,-1.7207820797172033,2,-0.45911897301738686,4,1,False,False,False,False,False,False,False,False,False
-0.13685808193856605,-1.39387544383569,-0.47366134105219687,0.6925135441454512,7,6,-0.47413213878502913,3,-3.0061053304946896,5,1,False,False,False,False,False,False,False,False,True
0.7355162292455605,0.3304855394542142,-0.47366134105219687,-0.6494282657684811,6,6,-1.603908647754812,3,0.5852284648955612,4,1,False,False,False,False,False,False,True,False,False
-1.707131842069994,0.820360818797937,-1.2563139204510683,-1.4247724226076421,0,6,0.42189750625997097,2,0.9069307690186567,8,1,False,False,False,False,False,False,True,False,False
-1.0092323931226925,-0.6590625248201057,-0.47366134105219687,-1.0669212732972602,0,6,-0.2403852748602465,3,-0.45911897301738686,2,0,False,False,False,False,False,False,False,True,False
0.3865665047719099,0.04635787743485503,0.3089912383466744,-0.1424724709121067,3,6,0.6166865595306232,2,0.35715973922484895,6,1,False,True,False,False,False,False,False,False,False
-1.5326569798331686,-1.2273178488588241,-1.2563139204510683,-1.4247724226076421,8,6,-1.0195414879428553,2,-1.9114370289352183,4,0,False,False,False,False,True,False,False,False,False
-1.0092323931226925,-0.8844051533182182,0.3089912383466744,-0.5003236202224887,7,6,0.1491928316810579,3,-0.8708354287005626,2,0,False,False,False,False,False,False,True,False,False
-0.48580780641221666,-1.2175203432719497,-0.47366134105219687,-0.7687119822052751,1,6,-1.44807740513829,1,-1.8677170798435652,5,1,False,False,False,False,False,False,False,False,False
-0.13685808193856605,1.702136321616638,0.3089912383466744,-0.7687119822052751,2,6,0.5387709382223623,6,1.3454615325352006,2,1,False,False,False,False,False,False,False,True,False
-0.13685808193856605,-1.1685328153375774,0.3089912383466744,1.1398274807834285,9,6,-0.8637102453263336,4,-1.6677923454014492,4,1,False,True,False,False,False,False,False,False,False
1.0844659537192112,-1.1489378041638285,1.0916438177455456,0.5732298277086572,9,6,0.03231939971866658,3,-1.5952986221888592,1,0,False,False,False,False,False,False,True,False,False
0.7355162292455605,0.21291547241172076,-0.47366134105219687,-0.1424724709121067,0,6,-0.7078790027098117,2,0.4953881739161519,4,0,False,False,False,False,False,False,False,False,True
-0.48580780641221666,-0.012427156086391696,0.3089912383466744,1.3783949136570166,14,6,-0.08455403224372474,3,0.30485993230054503,6,1,True,False,False,False,False,False,False,False,False
-0.31133294417539137,-0.8844051533182182,0.3089912383466744,-0.9178166277512676,4,6,0.1491928316810579,3,-0.8708354287005626,6,0,False,False,False,False,False,False,True,False,False
-0.48580780641221666,0.7713732908635648,0.3089912383466744,1.2591111972202227,17,6,-0.3183008961685074,2,0.877938903928167,1,0,False,False,False,False,False,False,False,False,True
1.4334156781928618,-0.23776978458450418,-0.47366134105219687,-0.7090701239868782,18,6,0.9283490447636668,4,0.08367171823297616,2,0,False,True,False,False,False,False,False,False,False
-1.8816067043068192,0.3598780562148376,0.3089912383466744,0.4539461112718632,3,6,2.019167743079319,7,0.6068016903469649,0,1,False,True,False,False,False,False,False,False,False
-0.48580780641221666,-0.5708849745382356,-1.2563139204510683,-1.4247724226076421,2,6,0.5387709382223623,4,-0.32646499341165824,1,0,False,False,False,False,False,False,True,False,False
-1.0092323931226925,-0.8060251086232226,-0.47366134105219687,-1.305488706170848,0,6,-1.0974571092511163,2,-0.7132851984679097,5,0,False,False,False,False,False,False,False,False,True
-0.31133294417539137,0.40886558414920987,0.3089912383466744,1.7362460629673986,11,6,-2.032444564950247,2,0.6420226058594353,7,1,True,False,False,False,False,False,False,False,False
0.9099910914823859,-1.158735309750703,2.6569489765432883,2.392306503369765,20,6,-1.4091195944841597,1,-1.631068496340202,4,0,False,False,False,False,False,True,False,False,False
-1.707131842069994,1.6629462992691402,-1.2563139204510683,-1.4247724226076421,0,6,0.7725178021471449,5,1.328667876507556,8,1,False,True,False,False,False,False,False,False,False
0.21209164253508458,0.05615538302172949,-1.2563139204510683,-0.8879956986420691,8,6,1.1620959086884493,5,0.3656864706622696,2,0,False,False,False,False,False,False,True,False,False
-1.8816067043068192,-0.7276450639282269,-0.47366134105219687,0.2750205366166722,4,6,1.317927151304971,3,-0.5719239891016517,2,1,False,True,False,False,False,False,False,False,False
-0.13685808193856605,-0.8550126365575949,-0.47366134105219687,-0.5599654784408856,10,6,1.3568849619591015,5,-0.8096225632981838,6,1,False,True,False,False,False,False,False,False,False
-0.31133294417539137,-0.3063523236926254,-0.47366134105219687,-0.2617561873489007,6,6,-0.4351743281308987,4,0.008638069196031287,5,1,False,False,False,False,False,False,True,False,False
1.607890540429687,0.36967556180171207,1.874296397144417,1.527499559203009,17,6,0.03231939971866658,5,0.6139183094283378,1,0,False,True,False,False,False,False,False,False,False
-0.8347575308858673,1.5845662545741446,0.3089912383466744,0.6925135441454512,12,6,1.9022943111169277,7,1.294453377929655,3,1,False,True,False,False,False,False,False,False,False
1.0844659537192112,-0.7374425695151013,0.3089912383466744,1.2889321263294211,7,6,-1.7207820797172033,2,-0.588820676271268,6,0,True,False,False,False,False,False,False,False,False
-0.31133294417539137,0.08554789978235286,1.0916438177455456,1.3187530554386195,4,6,0.6556443701847536,4,0.39095438560166185,2,1,False,False,False,False,False,False,True,False,False
-1.3581821175963433,-0.48270742425636554,-1.2563139204510683,-0.6196073366592827,8,6,0.22710845298931878,2,-0.20547439517485935,6,1,False,False,False,False,True,False,False,False,False
-1.0092323931226925,-0.619872502472608,0.3089912383466744,0.6030507568178557,17,6,-1.331203973175899,3,-0.3985789943752203,4,0,False,False,False,False,True,False,False,False,False
-0.13685808193856605,0.2912955171067164,1.0916438177455456,1.348573984547818,20,6,0.38293969560584057,5,0.5559281525583185,6,1,False,True,False,False,False,False,False,False,False
1.0844659537192112,0.8399558299716859,-1.2563139204510683,-1.4247724226076421,6,6,0.38293969560584057,4,0.918358741056601,2,0,False,False,False,False,False,False,False,True,False
1.2589408159560365,1.809908883072257,-0.47366134105219687,-1.4247724226076421,0,6,0.8114756128012753,5,1.3906151753819422,1,1,False,False,False,False,False,False,True,False,False
-0.31133294417539137,0.10514291095610177,-0.47366134105219687,0.6328716859270541,6,6,-0.47413213878502913,3,0.40754570349907226,2,0,False,False,False,False,False,False,True,False,False
-0.13685808193856605,1.7511238495510102,0.3089912383466744,1.4380367718754135,7,6,-0.5130899494391595,4,1.366169632952732,2,0,False,True,False,False,False,False,False,False,False
-1.0092323931226925,0.2031179668248463,0.3089912383466744,0.30484146572587073,2,6,0.9673068554177972,6,0.4876300535235215,1,0,False,False,False,False,False,False,False,True,False
1.7823654026665123,-0.21817477341075525,1.0916438177455456,1.2889321263294211,16,6,1.317927151304971,5,0.10437981865050744,2,0,False,False,False,False,False,False,True,False,False
1.2589408159560365,-1.1195452874032052,-0.47366134105219687,-0.7687119822052751,0,6,-0.8637102453263336,2,-1.4932472959346916,6,1,False,False,False,False,False,False,False,False,True
-1.707131842069994,-0.3161498292794998,1.874296397144417,1.587141417421406,20,6,-1.0584992985969857,2,-0.002422735068140659,5,1,False,False,False,False,False,False,False,True,False
-0.660282668649042,-0.14959223430263408,0.3089912383466744,-0.8581747695328706,0,6,0.07127721037279702,4,0.17449997725240166,8,0,False,False,False,False,False,False,True,False,False
1.7823654026665123,-0.5904799857119846,1.0916438177455456,0.6030507568178557,10,6,-0.2403852748602465,4,-0.3548590452835678,2,0,True,False,False,False,False,False,False,False,False
-0.13685808193856605,-0.24756729017137863,1.0916438177455456,0.18555774928907673,3,6,0.7335599914930145,5,0.07319970786297861,2,0,False,False,False,False,False,False,False,True,False
0.5610413670087352,1.9960614892228716,-0.47366134105219687,0.21537867839827524,4,6,0.07127721037279702,4,1.4652816566451157,1,1,False,False,False,False,False,False,True,False,False
0.5610413670087352,-0.2965548181057509,-1.2563139204510683,-0.7985329113144737,5,6,-0.629963381401551,2,0.019610738625305664,5,0,False,False,False,False,False,False,False,False,True
0.3865665047719099,2.6622918691303346,0.3089912383466744,0.6925135441454512,6,6,0.4998131275682319,4,1.7035398986922181,6,1,False,False,False,False,False,False,True,False,False
2.131315127140163,2.309581668002854,0.3089912383466744,-0.2915771164580992,7,6,1.0062646660719277,5,1.582549300455418,9,0,False,True,False,False,False,False,False,False,False
-0.13685808193856605,-0.2573647957582531,-1.2563139204510683,-0.11265154180290822,6,6,1.4348005832673625,5,0.06264745142044481,6,1,False,True,False,False,False,False,False,False,False
0.21209164253508458,-0.384732368387621,1.874296397144417,1.4976786300938105,15,6,0.03231939971866658,5,-0.08244058762886136,2,0,False,False,False,False,False,False,True,False,False
0.03761678029825927,-0.6492650192332313,0.3089912383466744,0.6328716859270541,2,6,0.2660662636434492,4,-0.44373263722196177,8,1,False,True,False,False,False,False,False,False,False
0.21209164253508458,0.45785311208358215,-1.2563139204510683,0.18555774928907673,9,6,-0.20142746420611607,3,0.6763651020883437,8,0,False,False,False,False,False,False,True,False,False
