Componente_1,Componente_2,KMeans_Cluster,DBSCAN_Cluster,Target_Original,Fuzzy_Cluster,Hierarchical_Cluster
-7.3874423368783475,2.8190125042118725,0,0,1,2,1
-0.1832360641420241,1.639971061234936,2,0,6,1,2
4.932033164420448,-0.5633517924159657,2,0,6,1,0
9.813807896135536,0.7638901002933731,1,0,2,0,0
-5.39808149904634,-0.2623563293571824,0,0,2,2,1
4.754876143641841,1.8432902090574523,2,0,1,1,0
1.6421098363188094,3.0638106411394213,2,0,1,1,2
-7.260560985593408,0.0183082117952704,0,0,6,2,1
-7.397774055966794,0.938396721710475,0,0,1,2,1
4.664170392123793,0.5303295048484999,2,0,6,1,0
-7.244716043493393,-0.9375606333490638,0,0,2,2,1
-4.347299734667547,1.2046246622983814,0,0,2,2,1
-7.394628828993889,2.424791898101463,0,0,1,2,1
-7.305745576843277,2.9722046499473813,0,0,3,2,1
-3.3707278610738185,0.8935222108336851,0,0,8,2,1
-7.369098737756083,-2.68304248356784,0,0,5,2,1
-7.424409172914191,-1.506415566467414,0,0,4,2,1
-3.171288990943214,-1.747336703376431,0,0,4,2,1
-7.347919441541706,0.139334269265519,0,0,8,2,1
-7.415352595208077,-0.3585219818856586,0,0,6,2,1
-3.198246136395605,-1.5016878637368158,0,0,4,2,1
-1.9042661976746675,3.0180464135948566,2,0,6,1,2
-4.153857147859689,-2.4279872164592864,0,0,5,2,1
1.7729403303837596,-0.7696503405971107,2,0,2,1,2
-7.220200385323365,1.791292773061143,0,0,1,2,1
-0.7704957874612353,1.066495258654672,2,0,1,1,2
-7.345437537003033,-0.5008043411135994,0,0,6,2,1
-5.323600580980344,-1.6816446878531297,0,0,6,2,1
12.737287932676846,-2.623158780427416,1,0,4,0,0
-2.45782798178046,1.265139618297531,2,0,2,2,1
-7.165098649582064,1.0259359510202055,0,0,6,2,1
-7.125387692785047,1.332272343927256,0,0,6,2,1
6.893707933443226,-2.085803070470732,1,0,4,0,0
17.23090056444177,3.177016531250445,1,0,1,0,0
-7.419435807518186,-2.161540852953677,0,0,6,2,1
2.846251316333513,0.5218848442065016,2,0,1,1,2
-2.0511110602840583,0.7634816711819838,2,0,8,1,2
7.836118265238323,0.6615890356282086,1,0,6,0,0
-3.325811707490874,-1.783956485015962,0,0,7,2,1
2.666916234726393,1.6800654952747809,2,0,2,1,0
-1.999747512745361,0.8556058721121285,2,0,1,1,2
1.802767631097776,0.541762999536096,2,0,1,1,2
-3.394349496952674,0.1189922142147055,0,0,2,2,1
-7.243528294608425,-1.4130839717065595,0,0,5,2,1
-2.203780954459001,-2.4006738876959965,2,0,7,1,1
-6.165911918853436,-0.0939304786171595,0,0,8,2,1
-7.183914025520703,2.157525990747017,0,0,2,2,1
-4.193214660186875,-2.363564652418066,0,0,6,2,1
16.893275995227263,-1.866121401524608,1,0,6,0,0
-2.0344512527956957,1.7430412995934552,2,0,2,1,2
-4.274188528939218,3.540646424572667,0,0,2,2,1
-7.312586541659072,-2.481092775505754,0,0,4,2,1
-1.331936275702879,-0.3496842012247909,2,0,2,1,2
-7.419572488122099,-0.6796471485553124,0,0,6,2,1
-6.170548576772115,-2.0090466440305,0,0,7,2,1
5.811386345495798,-1.7020119115339667,1,0,4,0,0
-0.2445597581763996,-4.016408500625407,2,0,6,1,2
-7.0000036744849226,0.0739733368814632,0,0,1,2,1
-1.2822409059445636,1.123931108340931,2,0,2,1,2
-2.284958911586066,0.9019677424381656,2,0,8,1,2
-3.401075105342493,-1.5519808932208123,0,0,4,2,1
-2.334752139350317,-0.7491495768773764,2,0,2,1,1
4.853796061934252,-0.0062293222792821,2,0,2,1,0
9.995766406179104,1.3212796942097915,1,0,6,0,0
9.897907285133076,-1.226421137131467,1,0,1,0,0
-1.27014200114857,-1.236989518024766,2,0,6,1,2
2.814197920387068,-0.4706420623393486,2,0,6,1,2
-6.113658302925936,0.7830011595016972,0,0,7,2,1
13.147988465965298,0.874521377267333,1,0,6,0,0
0.0200120573835649,-1.9618417210761467,2,0,6,1,2
-1.343167645411255,-0.7648331183980701,2,0,6,1,2
7.917569690160025,1.818667898939728,1,0,6,0,0
-1.42419218406907,0.022701802549351,2,0,2,1,2
8.722883987625595,-0.067089720354895,1,0,2,0,0
-6.368313480049648,-1.2859961661565402,0,0,4,2,1
-0.0143317600592416,1.7276829790217945,2,0,2,1,2
12.904402671797204,-1.8786581706894805,1,0,4,0,0
-7.340590895155425,0.7269977307925877,0,0,2,2,1
4.894783252437412,2.342623965234058,2,0,6,1,0
-0.2155138063447941,-1.7844006725433166,2,0,6,1,2
-3.263089415397955,2.1712528528800363,0,0,8,2,1
-7.279371706088367,0.764911935882695,0,0,6,2,1
3.710409509936266,-1.5112181124534392,2,0,4,1,0
-4.229723395498003,-0.2083147668970193,0,0,6,2,1
5.743790416526785,-0.9872343736889044,1,0,7,0,0
0.8005999681517251,1.3356170766871256,2,0,6,1,2
-7.125739570054951,-0.9462516262320986,0,0,6,2,1
2.8694476322073577,1.6319569040079314,2,0,8,1,2
-7.340203212996049,-0.0203924247071354,0,0,6,2,1
6.6323854816726655,-2.741458754503664,1,0,6,0,0
14.177436318548214,1.446013402404224,1,0,8,0,0
6.634077265306905,-0.2881915956710559,1,0,2,0,0
6.106450632548368,-1.0010332977421523,1,0,2,0,0
-7.273362940077337,-0.9377647019873618,0,0,2,2,1
5.625593505389624,-1.813818037602404,1,0,5,0,0
1.900931293947421,2.158371176517044,2,0,6,1,2
-7.381266698994936,-0.6395167736634695,0,0,4,2,1
9.884857839996824,1.3953670312923243,1,0,1,0,0
-7.150389101030496,-0.6445697827718453,0,0,5,2,1
-4.132716687712236,-0.7963283486203758,0,0,8,2,1
-7.10255581575248,1.1135305806919549,0,0,6,2,1
-1.266762188521203,1.5372771507331198,2,0,6,1,2
14.98054931175756,-0.2477466469220419,1,0,4,0,0
-5.020423408190414,0.9174293160997604,0,0,6,2,1
-4.13343958275544,0.6080915804137739,0,0,2,2,1
6.989297386595936,-0.5868316318191702,1,0,2,0,0
11.180180064699336,1.0335433483098306,1,0,2,0,0
7.745140695228565,-0.267981007792252,1,0,2,0,0
4.664645357555033,3.4822562150248726,2,0,3,1,0
2.7247799401987702,-0.7964662990455751,2,0,6,1,2
-7.30483518933798,0.5576164476361387,0,0,6,2,1
-4.303749277572808,1.857258148244972,0,0,1,2,1
-7.317347067949439,-0.6943177410527985,0,0,1,2,1
0.915022688730856,2.159232628948568,2,0,6,1,2
7.972512395811089,0.5790882410947611,1,0,2,0,0
12.173861732935766,2.1269172782817285,1,0,2,0,0
5.902099029169639,1.1948908124166628,1,0,6,0,0
5.838076610491358,2.1091400193004444,1,0,2,0,0
-1.128306850603714,-2.927317033816551,2,0,4,1,2
7.832001393914991,-0.4477519068719948,1,0,4,0,0
-7.326039753460233,3.354664200304853,0,0,9,2,1
-7.274342792390681,-2.4698598383779067,0,0,4,2,1
0.7638335072554563,0.1746667296010686,2,0,1,1,2
-5.259464460822024,-2.634853999643457,0,0,5,2,1
-7.432554766307886,-1.8220098687265736,0,0,4,2,1
1.8162146407113973,1.5239348599161184,2,0,1,1,2
-3.1652905100636017,0.526767203531219,0,0,6,2,1
1.6692702722004498,1.1899408957261466,2,0,2,1,2
1.8007078514289423,0.6978042036214473,2,0,6,1,2
1.5797553149515533,0.732386536883685,2,0,6,1,2
-0.4733223361913312,-3.6540190514288575,2,0,6,1,2
-6.219369841689803,-0.537896741059209,0,0,6,2,1
-7.314214954794639,-2.864697522861189,0,0,4,2,1
-2.2950545544549987,0.6143971586470798,2,0,1,1,1
-1.4767805768706666,-0.3500794582872761,2,0,4,1,2
10.909837251103763,-0.3020497230620078,1,0,6,0,0
-5.204479013027832,-1.45920390446897,0,0,4,2,1
-6.444876767276948,-2.4918091246067497,0,0,6,2,1
-7.439334001948055,-2.4924242156567717,0,0,6,2,1
-6.233370064347357,-1.5332689373940953,0,0,8,2,1
6.904308725741004,3.252292902912822,1,0,1,0,0
-0.0356471462055223,-4.0389499018864745,2,0,4,1,2
-4.146908879638493,2.386425707423118,0,0,6,2,1
5.1800739594047,0.3408702465624467,2,0,5,0,0
-7.269604296365845,1.4058142748019615,0,0,6,2,1
-3.261616785257253,-3.6678783140073694,0,0,5,2,1
-7.009458515858054,0.5816598115737222,0,0,1,2,1
4.889472189273517,0.4034766963591858,2,0,2,1,0
-3.898279728756004,-0.2284382040695751,0,0,6,2,1
-6.351874132152486,0.34348485866734,0,0,2,2,1
9.113979243333803,0.5236659084665813,1,0,6,0,0
-0.3062648424026761,-1.644175720058624,2,0,2,1,2
-5.938157000948728,-0.8872534226891604,0,0,6,2,1
-1.1712915055300748,0.8961923468181396,2,0,2,1,2
11.911486465132668,-1.7510049893179245,1,0,4,0,0
-6.121193400207868,0.7559385190502623,0,0,6,2,1
-1.309669471146793,-0.4730163736488346,2,0,2,1,2
27.261980259617125,-0.725044342473903,1,0,2,0,0
-7.421389426405589,-0.5086345710067457,0,0,8,2,1
9.744989255166615,-1.643622071197249,1,0,6,0,0
2.70955022728576,-0.9722386720750524,2,0,4,1,0
-5.100103355740595,0.7782731914263259,0,0,2,2,1
-6.347092705280627,2.112825000916536,0,0,1,2,1
-5.3332817218332185,-2.483443193120216,0,0,5,2,1
-4.03808813611051,-0.5988270386004617,0,0,6,2,1
8.694308186241443,-3.417893049647198,1,0,5,0,0
-6.178235815034406,-2.187003797311492,0,0,5,2,1
-2.280362155628672,1.1898915426984915,2,0,6,1,1
8.039020895741618,-0.5021377972925267,1,0,6,0,0
-6.226674411915345,0.2003945048937936,0,0,2,2,1
-1.3389212091486489,3.826816206516404,2,0,2,1,2
-5.292460250828978,-2.2861732020536927,0,0,5,2,1
3.979508662042134,0.5562975725273684,2,0,2,1,0
-7.28840477442205,-3.125609595245505,0,0,4,2,1
-3.282574356409992,0.7199817410351295,0,0,6,2,2
-2.4587282953424934,0.8311067647416377,2,0,4,1,1
-6.357401769839903,-0.1004523628292033,0,0,6,2,1
4.754710408016816,0.8947843498132819,2,0,2,1,0
-5.049202304593832,0.4169016033968198,0,0,6,2,1
-6.318009962036103,2.129236241928929,0,0,6,2,1
-1.2814127974170555,3.076493932124753,2,0,6,1,2
0.7969224321269888,-1.903379349402969,2,0,5,1,2
11.978756537450115,-1.3385846478057342,1,0,6,0,0
-6.256779584788788,2.4814091328790773,0,0,2,2,1
12.678598439728784,-2.901272873534709,1,0,5,0,0
6.712152723888705,0.4425932440310842,1,0,6,0,0
-0.1001116767518084,-2.8899248199435776,2,0,5,1,2
-1.0858321081449178,-0.5126096813416161,2,0,5,1,2
-2.1217563922852376,3.3197858546634555,2,0,1,1,2
7.672877551581875,0.7346359148955903,1,0,2,0,0
5.934503375862116,-0.7133010229777292,1,0,4,0,0
-3.9233848120366464,0.5190633435725354,0,0,2,2,1
-6.2625967403394265,-1.137683805062961,0,0,5,2,1
7.806395430945583,1.245087680388525,1,0,6,0,0
-2.088319269909613,-0.6976822093856385,2,0,2,1,1
-3.227556273491633,-1.7770209118057387,0,0,4,2,1
-3.290323849193552,-1.7939492170244682,0,0,7,2,1
-7.15037492696904,1.6004995038373289,0,0,2,2,1
-2.2633868147059832,0.358859135985536,2,0,2,1,1
0.8923885814440471,-0.317315085759819,2,0,4,1,2
11.230189771560266,1.857745678616324,1,0,2,0,0
4.665637436994011,0.6969865236114239,2,0,6,1,0
-2.031878568050216,-0.334839144168618,2,0,6,1,1
-1.186111743734748,-3.5417497513087737,2,0,4,1,1
-7.042390929184045,1.7368555173848823,0,0,6,2,1
-7.337268232419167,0.5553408654423566,0,0,6,2,1
3.5578368756986247,-0.0273840886210825,2,0,6,1,0
0.7748215325325765,-0.4649724817859357,2,0,6,1,2
6.5310775651675215,1.849801517163582,1,0,2,0,0
6.13299234639004,-0.354550382334537,1,0,2,0,0
1.062385022364328,-0.0574944625966353,2,0,5,1,2
5.686144106352225,-1.269761715344316,1,0,4,0,0
14.777271346400678,1.6182677673926589,1,0,1,0,0
17.184503262880554,1.1656611133553785,1,0,1,0,0
7.046568222520445,-3.037693408852059,1,0,4,0,0
-7.367799826630808,-2.068216457626565,0,0,4,2,1
-0.9987744338092774,-0.2661238872533658,2,0,2,1,2
4.920152345816659,2.813236420084142,2,0,6,1,0
10.706747608417494,2.9357689238937463,1,0,1,0,0
-4.386200908811855,-2.0909801446106058,0,0,4,2,1
0.6850852873355686,0.5517640724221695,2,0,2,1,2
-7.414952682803874,-0.261273539868851,0,0,2,2,1
9.021797360980996,2.95379467052522,1,0,6,0,0
2.5894546227833057,0.1383945751441087,2,0,1,1,2
4.791483202287864,-2.4530613827063155,2,0,7,1,0
7.701907997034079,1.3210050473644186,1,0,6,0,0
4.754261701899676,1.4388212205611977,2,0,9,1,0
-4.259680812775457,1.835182627919401,0,0,6,2,1
2.8884452923938597,1.9816512525111425,2,0,1,1,2
7.656030099407413,0.1956480602951158,1,0,6,0,0
7.859810433661531,-0.6235905656957055,1,0,6,0,0
-3.455915910264497,-0.1429842902989144,0,0,8,2,1
-0.1710424707062188,-1.0058789095452514,2,0,5,1,2
4.796816886733401,-1.251035992012031,2,0,6,1,0
2.8376448128780662,2.815255617694973,2,0,2,1,2
-4.40557856713242,-3.272085132949164,0,0,6,2,1
14.852610811385471,4.142177664210125,1,0,9,0,0
-2.2338221109335734,-2.05114665585092,2,0,2,1,1
-5.271735448858701,-1.6168232784744756,0,0,5,2,1
-7.248628458164815,2.5037163948179564,0,0,1,2,1
8.851433752280794,-1.3123666334251665,1,0,6,0,0
-7.391346252166373,2.3056295607357757,0,0,2,2,1
-3.184018735395997,-2.3692936343340505,0,0,5,2,1
-1.379727982652838,-0.936771448995823,2,0,2,1,2
-7.248493881522058,-0.0066058719504669,0,0,6,2,1
9.89203481383171,-0.8072395085464195,1,0,2,0,0
-1.3265830599229114,-2.138559907876644,2,0,5,1,1
-7.397059408458629,2.574621167899888,0,0,9,2,1
-0.1460471597662094,0.4107066622308277,2,0,8,1,2
2.715731249530803,2.6420129038895896,2,0,9,1,0
-0.2624035386141878,0.7263224093273255,2,0,6,1,2
-2.956780887027482,4.407169737329415,0,0,9,2,1
-7.372442012618533,-1.5958027427667172,0,0,6,2,1
1.918086249329564,-0.3537994204053065,2,0,8,1,2
-6.977769626488581,-1.563620509078043,0,0,6,2,1
0.8715403182734285,1.0515187543957434,2,0,1,1,2
5.737513512379422,1.1379690861948903,1,0,3,0,0
-3.231573717200894,2.291787742852184,0,0,3,2,1
-0.1776381071764134,-1.874373555009225,2,0,6,1,2
8.117016893551426,-0.8288475228244314,1,0,7,0,0
-7.179823250761043,2.258592780351436,0,0,2,2,1
7.876558875117803,-3.0858136876241544,1,0,4,0,0
5.972800742046438,1.0172376425676797,1,0,2,0,0
-4.273766228226931,1.9100401316453424,0,0,2,2,1
4.903614825217487,3.168088091034828,2,0,6,1,0
-3.366013504049939,-2.4443404201823573,0,0,4,2,1
0.8448849819930224,-0.748474765839338,2,0,5,1,2
-7.402361373923913,1.3834891304447368,0,0,2,2,1
3.70128122706614,-2.190086907685724,2,0,4,1,0
-2.267137013844695,1.0839995479157545,2,0,8,1,1
-1.3018377954834772,0.8583634457164,2,0,2,1,2
8.863019345810791,0.5906414086740619,1,0,1,0,0
1.706776250247934,-0.6058312571359317,2,0,6,1,2
4.75403267769136,-0.5956553674245268,2,0,8,1,0
-2.3769337119685776,-0.8828237887318038,2,0,4,1,1
-7.0430018598885535,6.593107310519079,0,0,3,2,1
4.770855856242507,-0.8445798059829761,2,0,4,1,0
0.7910486553021601,0.1395418102636951,2,0,2,1,2
-2.280858416641421,0.4331525594440393,2,0,8,1,1
4.830461227924848,-1.778256928060722,2,0,5,1,0
1.9283743730910032,-0.9089822020843356,2,0,2,1,2
-3.2389256860477933,-2.788654283153242,0,0,6,2,1
-1.3092677070804353,2.300542607060206,2,0,6,1,2
-1.2888689731583387,-0.3366672811701319,2,0,2,1,2
-4.4087412022263095,3.85067043198663,0,0,1,2,1
-2.3197717195238203,-1.1920858844426672,2,0,6,1,1
13.939630077669577,0.3541516823201891,1,0,2,0,0
5.602507930918044,-2.076861309232752,1,0,6,0,0
-7.166651378723274,0.1970932275947898,0,0,8,2,1
3.9399999738746754,-0.8048152826940227,2,0,4,1,0
-2.2814977659265008,-1.7951692269152075,2,0,4,1,1
5.701889962322534,2.0774407080616952,1,0,6,0,0
-7.282833050372142,-1.2181278120941816,0,0,2,2,1
-7.325560460086702,-1.0294477409765896,0,0,7,2,1
8.841296400890737,2.297454765303392,1,0,1,0,0
7.920652162696655,0.3335424169618659,1,0,1,0,0
-7.348991304487006,-0.3030195008364114,0,0,2,2,1
-0.0726674462373511,-2.620484272269453,2,0,5,1,2
-7.21474135338548,-3.941822651003832,0,0,4,2,1
-5.38347687745692,-3.1538861031597967,0,0,5,2,1
8.67453644994898,-1.5257585286858717,1,0,2,0,0
-7.399773526616926,2.0115417723846094,0,0,2,2,1
-3.155637076213797,0.6283593016499016,0,0,1,2,1
-3.357034764608402,1.1995614521539215,0,0,1,2,1
-4.353296706016985,1.8216163600014477,0,0,1,2,1
1.86005791047158,-0.2609619803962388,2,0,1,1,2
1.7375931521935488,-1.8839849224432887,2,0,6,1,2
-7.425147360435468,-0.7012324279883366,0,0,6,2,1
-7.436991525856229,-2.574081261176932,0,0,4,2,1
-2.3345581633254096,-2.274101017119771,2,0,7,1,1
-7.229960145129934,-0.8441155767901534,0,0,2,2,1
-6.9882053708478304,3.580060586653848,0,0,0,2,1
-5.16284280246321,1.5523973753704046,0,0,1,2,1
-7.26271890979886,3.190156993722486,0,0,9,2,1
-6.344620763424207,0.3375940330126483,0,0,4,2,1
-1.240325221027991,-0.0223285734324369,2,0,2,1,2
7.809109123465642,-1.8485150631438805,1,0,6,0,0
-5.099377022349569,2.806546598884636,0,0,2,2,1
4.852957629157187,1.5347159674281663,2,0,1,1,0
-7.298462791837185,1.4222089882739448,0,0,2,2,1
8.261332287669,0.5840858591484559,1,0,6,0,0
-1.386083890608495,2.4410517585089093,2,0,6,1,1
3.9016456145165375,2.1125121742768296,2,0,8,1,0
-2.1891763205606614,0.0901760306183883,2,0,6,1,1
-4.098131928879671,-0.1081308713746036,0,0,2,2,1
-2.200831074914422,2.578731227515069,2,0,6,1,2
3.693307894798032,1.0372770680352867,2,0,2,1,0
3.810075257423355,-2.868144569542008,2,0,5,1,0
1.7138443848178593,-0.4220861194482097,2,0,6,1,2
-7.270937823062611,-2.8800725854122007,0,0,5,2,1
-7.359815038776286,1.415641191114139,0,0,2,2,1
-1.983943435382077,-0.974531110445802,2,0,2,1,1
12.6862814302056,2.966258534536395,1,0,1,0,0
-7.422205008485712,-0.9426334187357696,0,0,2,2,1
-7.377692250918998,-3.552712106286947,0,0,5,2,1
4.151278000788027,1.063867283514468,2,0,6,1,0
-0.2221210125071619,1.2606717201071451,2,0,2,1,2
10.0521248702725,-1.776315957995243,1,0,4,0,0
10.853508906519709,2.577124570299436,1,0,1,0,0
-1.13341082140491,2.172415681862843,2,0,1,1,2
-7.296677829227086,2.9615948488740247,0,0,2,2,1
-2.2555070282489265,1.1332487253251728,2,0,8,1,2
-5.420183070287115,1.931202095976184,0,0,2,2,1
-7.397992708635479,1.7929154642467195,0,0,2,2,1
1.6606757612390537,1.4262709583414224,2,0,2,1,2
-7.333682508105502,-2.871941868097991,0,0,5,2,1
4.703278202586207,-3.06503051864712,2,0,4,1,0
2.0765630456043045,2.7557042501978226,2,0,3,1,2
4.530822001862823,-4.295242908023868,2,0,4,1,0
-4.2043287505660345,2.109222998156271,0,0,6,2,1
-1.219680521698007,0.7844462821198435,2,0,2,1,2
-3.217519209847389,1.8214975587163944,0,0,2,2,1
-5.321923964645002,0.9675166967520292,0,0,2,2,1
12.986801767309007,2.8059291107843536,1,0,1,0,0
-2.317220216045099,0.0794732829392521,2,0,2,1,1
0.6760578254646861,-3.5533127208652475,2,0,4,1,2
-7.329862533947415,-0.2474205909890821,0,0,2,2,1
-0.2545522209348565,2.1645967476158394,2,0,6,1,2
0.1406421830144211,0.9406059587944502,2,0,5,1,2
5.805392366670072,-1.3945345729183822,1,0,6,0,0
-1.3984400597227848,0.5803237054095818,2,0,6,1,2
-2.436037312603552,0.2791591451438879,2,0,1,1,1
-0.3573700067892522,-3.128345267133555,2,0,5,1,1
-2.4099844875453824,0.5998188915848801,2,0,2,1,1
3.894765917035541,-1.080963072802778,2,0,1,1,0
-0.181189851073781,0.8623723297331312,2,0,2,1,2
-7.324613246043184,1.1186179627917645,0,0,1,2,1
1.838443452133344,2.321400678286618,2,0,8,1,2
-1.0723814281330295,0.2415398508981709,2,0,6,1,2
14.690886709522273,0.9574177683406124,1,0,2,0,0
17.194957633257136,0.8077334658547408,1,0,3,0,0
-7.431165130898297,-3.911945749640913,0,0,5,2,1
-7.34241071526164,0.4004540963119525,0,0,6,2,1
-2.136144261496308,-0.5848955458465905,2,0,6,1,1
0.5875542675376675,0.3325694786790945,2,0,2,1,2
6.858706868193622,-0.7480895980579514,1,0,7,0,0
-4.186420622095671,-1.145745785568428,0,0,5,2,1
2.8336929158337245,1.2389763982777526,2,0,2,1,0
0.8177371342302147,-2.2117587901726883,2,0,6,1,2
-4.310027395205747,-2.342034939550938,0,0,5,2,1
-7.358571194246385,-0.9438626155552076,0,0,8,2,1
-7.307728845928547,1.608755482172147,0,0,2,2,1
-0.991822838532184,1.5641786987597124,2,0,2,1,2
-6.272613170275817,-0.3356223911141289,0,0,2,2,1
3.8307876653275463,-2.243404098060383,2,0,4,1,0
-7.101308613081203,-0.4932962988891276,0,0,6,2,1
10.770875414276908,-0.2276011655897978,1,0,8,0,0
5.778729608162132,-3.8900735093049184,1,0,4,0,0
4.637938411031003,-0.352130147486827,2,0,2,1,0
-4.348341749049607,0.2606316679204985,0,0,2,2,1
0.5667495251498016,-3.3498072456334427,2,0,5,1,2
-6.294040504223532,-1.8781249838073493,0,0,4,2,1
-3.976581888566784,3.7522031048558593,0,0,1,2,1
-7.191764026955821,-0.5647124451646302,0,0,6,2,1
21.05542769348062,-1.9461514337582664,1,0,7,0,0
2.7202822180582835,1.5640251171579775,2,0,8,1,2
0.5138544039465938,-1.9818633400277623,2,0,7,1,2
-7.384690463777679,3.460585362945579,0,0,0,2,1
7.984320895970875,0.472155059528601,1,0,6,0,0
-4.085923954328027,0.7306710546887576,0,0,9,2,1
-7.198393870248395,2.4017361348911224,0,0,8,2,1
4.557720683447485,3.085553293022102,2,0,2,1,0
-6.822232098537328,1.1461268982216386,0,0,2,2,1
-3.2044761167884777,2.6210729686133685,0,0,6,2,1
-7.29761043109977,-1.2497131124978804,0,0,2,2,1
14.7290934356049,-2.768239606295761,1,0,6,0,0
9.753882986680615,0.769710891514388,1,0,2,0,0
12.79911380059648,2.4629288946103904,1,0,3,0,0
-7.265823055857206,0.3060592726683175,0,0,6,2,1
11.952127232025845,1.5684977971686611,1,0,1,0,0
12.962448094250185,-3.52695411241275,1,0,5,0,0
9.784552339426105,-0.2772767189412195,1,0,6,0,0
-1.240833997217412,3.0582360533470845,2,0,1,1,2
4.946211501389168,1.0677362082289172,2,0,2,1,0
1.6955722730669986,-2.9963602946102217,2,0,5,1,2
-6.374359900426801,-3.8689035030566967,0,0,4,2,1
-0.9307370807967804,0.5648874758481184,2,0,6,1,2
3.9140059499713376,1.9273635262632367,2,0,2,1,2
-5.254473581742879,-0.2697731806111458,0,0,6,2,1
-7.274159094120254,-2.8220135086656866,0,0,4,2,1
-1.234131585021963,0.2701474563850414,2,0,6,1,2
-7.346853578147091,0.1201832160068745,0,0,8,2,1
-7.289971776312645,-0.7440636189865368,0,0,4,2,1
-7.184714102291588,-3.0157063658587,0,0,7,2,1
-1.242581791715372,-1.864854583688893,2,0,7,1,1
4.828230210840484,-0.5939126129529118,2,0,2,1,0
9.8791682928815,1.4935981012336317,1,0,2,0,0
-3.32804404042953,-1.058644533399378,0,0,4,2,1
1.6080581510260092,1.2125046616980009,2,0,1,1,2
-7.407399117602445,0.0724439797813247,0,0,6,2,1
7.962858587167155,0.0639057556844369,1,0,2,0,0
1.5408735384773014,-1.9802562381671005,2,0,5,1,2
-7.310570878841601,-2.5340360020652177,0,0,6,2,1
0.619003191177498,-1.6852024898585591,2,0,4,1,2
8.611198527787273,-0.3771808738015689,1,0,2,0,0
0.7052756318762547,-1.848657600503312,2,0,5,1,2
6.770028887803322,-2.6836451303039666,1,0,5,0,0
-7.402954397687771,0.3720358599029945,0,0,6,2,1
8.946912800225352,0.1801062623576994,1,0,6,0,0
-7.4056502149491,1.0075942438531968,0,0,2,2,1
-7.36412518279201,-2.5338685325475683,0,0,5,2,1
-1.2291555815080208,-0.3041116501088003,2,0,1,1,1
21.81366516925493,-1.1419203386990977,1,0,5,0,0
-1.097573868076867,1.2409342326569717,2,0,1,1,2
17.466015793065942,-1.888864548742652,1,0,1,0,0
1.9673795075493228,1.5363072137417362,2,0,2,1,2
1.5977099127882752,1.888691469386654,2,0,6,1,2
-0.1053829376637942,-2.1918303370761465,2,0,5,1,1
2.6503518874161287,1.3987338455676523,2,0,2,1,0
-3.2109676979291826,-1.1926876374793964,0,0,5,2,1
-3.207890724606786,-3.1957218823067373,0,0,4,2,1
6.863894608385602,0.285213383765285,1,0,5,0,0
-7.420010281638767,0.0338417171319531,0,0,2,2,1
-2.3136122199482267,1.0742267571433537,2,0,6,1,1
-3.1059395290362897,1.6300655061587257,0,0,6,2,1
0.0657187344148253,0.7869994677776173,2,0,2,1,2
-3.2947032934361373,1.1082398465693908,0,0,2,2,1
-6.375111269703595,-1.0597007030850103,0,0,7,2,1
-1.259835283751512,-0.6359849521208729,2,0,5,1,1
-7.345938889320583,0.4152891252900179,0,0,8,2,1
-3.313374638690476,-0.3848420893821966,0,0,4,2,1
5.849709960565509,0.015570389088686,1,0,6,0,0
-4.348788484680664,0.9529068043691868,0,0,1,2,1
2.02909436769583,-1.338325899413562,2,0,5,1,2
0.5595353353813444,-1.3046804990881034,2,0,1,1,2
9.868970992771338,-0.816018297765355,1,0,6,0,0
-0.279113971932893,-1.0061502742083457,2,0,5,1,2
1.784442700727416,1.958031760063485,2,0,2,1,2
0.09129843856382,0.2569976448113316,2,0,2,1,2
-6.390671237025956,0.7319473104897329,0,0,2,2,1
-0.4305272405479368,-1.7542191142504144,2,0,6,1,1
7.64579806664708,-2.344948975646601,1,0,7,0,0
-7.255870229490838,-0.4461077682467813,0,0,6,2,1
-5.344099173336156,-0.2452483204324727,0,0,6,2,1
-3.182924847058717,0.8819297390069627,0,0,1,2,1
-7.245348711865263,-1.803408338103844,0,0,2,2,1
-5.2543479843644585,-0.1758379835798789,0,0,2,2,1
-3.3564565597099563,-0.9504437461780204,0,0,5,2,1
-6.129363042712562,-0.133943750417119,0,0,2,2,1
3.808111365551136,-2.2545690649736128,2,0,4,1,0
0.9091046724435152,1.791478212581597,2,0,2,1,2
16.901744668509963,-0.1857540599177727,1,0,2,0,0
-7.406868492223232,1.052314446624195,0,0,2,2,1
-5.325618777768153,-2.321505215370609,0,0,4,2,1
-1.2559362389278768,-1.8508486049215764,2,0,4,1,1
7.792265981739531,0.4534018054103468,1,0,6,0,0
6.92793976208865,3.7555893461770418,1,0,1,0,0
4.729445829692731,0.906715666575296,2,0,1,1,0
-0.0896185661918096,-1.8415213229711327,2,0,5,1,2
8.994008544424343,0.9760139895991312,1,0,2,0,0
-6.13510049734118,-0.3239904763528667,0,0,1,2,1
6.881642508272893,0.3796607522226538,1,0,2,0,0
0.6964717947544452,-0.6744324759590741,2,0,6,1,2
1.777709624273804,-1.440668396175293,2,0,7,1,2
-0.1903433048364062,-1.399154129724429,2,0,5,1,1
-2.336586509776822,-1.3836036272829908,2,0,5,1,1
2.796615868645564,0.5281068748419537,2,0,2,1,2
0.9521611296442636,0.9275079856611708,2,0,6,1,2
-1.1832425140989296,-0.2225854772289275,2,0,6,1,2
3.621019519566033,3.7341700561489177,2,0,2,1,0
-3.0588651389378523,-0.4255416842274602,0,0,4,2,1
1.823119432083919,-0.048455989721273,2,0,8,1,2
2.682045544191105,1.7697382759442593,2,0,6,1,0
1.0099306290157752,0.7673313769049579,2,0,1,1,2
2.7233595535170068,-1.5919411842967277,2,0,2,1,0
-7.162214265917333,0.3569828876294703,0,0,6,2,1
-7.257647881514697,0.728715921448841,0,0,2,2,1
0.6018113151071987,0.4711326445882147,2,0,8,1,2
-4.331531251773868,-2.133247415370883,0,0,2,2,1
-7.360955953319105,-0.9336735003709362,0,0,1,2,1
-2.125715371950567,0.2539316928162285,2,0,6,1,1
-2.398060115906113,2.456749117222181,2,0,6,1,1
-7.417133267747373,-0.2649378759793617,0,0,5,2,1
-6.23108281309362,-2.3472391212010777,0,0,2,2,1
-0.2286823223242979,-2.451875853082548,2,0,6,1,2
7.6475073768435635,-1.4182923039687398,1,0,1,0,0
12.790193263601711,1.2815995608216395,1,0,1,0,0
-7.358585977922122,0.1969590401869698,0,0,6,2,1
-4.282156408894936,-2.466520712222104,0,0,5,2,1
1.9567657630507949,0.8685684475519775,2,0,6,1,2
-6.320605417346788,0.1630676557769743,0,0,4,2,1
-3.375503107677222,1.070123732367645,0,0,6,2,1
-1.2407799284251917,-0.1393347682902956,2,0,6,1,2
-5.352103914716606,0.8058259953271416,0,0,2,2,1
1.525929568803928,-1.4296386976285604,2,0,2,1,2
-0.3555259048701629,0.579912426106834,2,0,1,1,2
-7.125869324941391,-0.4092206848498529,0,0,2,2,1
7.872460205928101,-1.7819011037286252,1,0,6,0,0
2.988706465473397,0.5941823448584955,2,0,1,1,2
2.8024050107261798,1.216590650589283,2,0,2,1,2
-1.279852325308978,2.363365299087239,2,0,2,1,1
11.743162448282323,0.2998150125817913,1,0,2,0,0
-0.9882945175518209,1.7394705795918033,2,0,8,1,2
5.894691441575471,-2.963504165002848,1,0,4,0,0
1.944829829703405,-0.8269536017704173,2,0,6,1,2
-6.219301461774378,0.2497680202216283,0,0,4,2,1
-5.2592838205427785,-0.3250678215495504,0,0,6,2,1
-4.2266564062842695,2.1940410874743184,0,0,2,2,1
0.7875545570992486,1.173549431777975,2,0,2,1,2
-7.248257534000384,0.6571437072017892,0,0,1,2,1
1.9174369077045377,0.0110728080240285,2,0,2,1,2
-5.116171082849295,0.4613779490653327,0,0,1,2,1
-1.3524179275368633,-0.448118137471837,2,0,4,1,2
4.700610442950914,1.0216470869881564,2,0,2,1,0
-4.8375597843101215,-3.6172561200252114,0,0,4,2,1
3.900136536334422,0.0676305407736501,2,0,4,1,0
0.7398241848503595,3.709259568977296,2,0,1,1,2
-7.417319505836055,0.2187927928040114,0,0,6,2,1
3.8287099150306414,-0.3703510718866003,2,0,8,1,0
6.900411256823345,0.6149249937125201,1,0,6,0,0
-1.283488305670489,-0.1981342020080947,2,0,8,1,2
7.802283346086069,-1.247266806666785,1,0,5,0,0
3.851447442558145,2.3762262487002217,2,0,1,1,0
-1.3011164506833517,1.6896663206131373,2,0,1,1,1
-6.152419726212061,-3.480701779663113,0,0,4,2,1
-4.201412589024352,-0.8493862084724864,0,0,6,2,1
-4.189512341167328,-3.3479970580149736,0,0,4,2,1
1.9552242820748216,0.7398711230752792,2,0,2,1,2
0.967401670894457,-0.3770964282371998,2,0,5,1,2
12.929227065596931,1.3090217834107811,1,0,8,0,0
-3.080466144335113,2.148247202857572,0,0,6,2,2
2.642602121176001,-2.714692395188753,2,0,5,1,2
4.717560832933499,-1.255844922068598,2,0,1,1,0
7.665838119575792,-2.502678178908831,1,0,7,0,0
-0.317801744402816,-1.1898463704347646,2,0,4,1,2
-3.164067848521104,-1.6224336312095229,0,0,7,2,1
-1.217477638821129,1.1871876948450129,2,0,2,1,2
4.724525878830097,0.4487244110209234,2,0,6,1,0
0.5462409185466361,1.1949164801025738,2,0,8,1,2
-7.433297853330464,-2.111528087534295,0,0,5,2,1
2.879561812682768,0.4393700600459223,2,0,8,1,2
-3.4111371518307414,-2.6168040278024964,0,0,4,2,1
10.85984473742844,0.0556945853241672,1,0,4,0,0
-0.147189599915829,0.1727476787540993,2,0,2,1,2
-4.137879143644518,-1.8762162144004495,0,0,6,2,1
-4.282942424813026,1.8317636306552525,0,0,6,2,1
-7.346147916460391,0.0717298795601837,0,0,5,2,1
-4.152140407510426,1.8896280472139115,0,0,2,2,1
11.019101447705076,0.323074041602033,1,0,6,0,0
3.653340728441382,0.7055097896685796,2,0,6,1,0
-2.2586228061185025,-3.214492411801249,2,0,5,1,1
-3.405463073224848,0.6952716662491194,0,0,6,2,1
1.725265646647788,-0.1179164915294057,2,0,6,1,2
4.173333426542094,2.4232930017357943,2,0,3,1,0
-5.135748640814427,-0.2920193508928848,0,0,6,2,1
-0.265820451211729,-0.9142358654682692,2,0,6,1,2
-7.439786458537761,-3.0389122315460555,0,0,6,2,1
1.7573102162743233,1.6722364750909224,2,0,1,1,2
20.42708584673379,2.1423808631554637,1,0,6,0,0
-6.407402425196755,-0.1253487386837219,0,0,1,2,1
-6.335184205209377,2.8999604715870766,0,0,8,2,1
2.647376779406999,2.3379535864031102,2,0,1,1,0
-7.102188885952835,1.9153112436872517,0,0,6,2,1
-0.341060695546088,1.1985762321721665,2,0,1,1,2
1.8753114516404332,2.630176337973126,2,0,1,1,2
5.890416952239763,0.5546486602397498,1,0,2,0,0
1.824659642469502,0.8558037077931377,2,0,8,1,2
-7.20476319969396,2.437050827518999,0,0,1,2,1
-5.332304789235,1.0959799962895969,0,0,2,2,1
6.68176890773444,-1.2160749896783112,1,0,4,0,0
4.717590622204893,0.1744694010527072,2,0,2,1,0
7.698034967010127,-2.9270089573621565,1,0,6,0,0
5.781012634580318,1.7186867265303714,1,0,8,0,0
1.7912197626930304,0.9617257602579836,2,0,2,1,2
-4.45460968561283,-0.7960581776637894,0,0,2,2,1
6.066443163164223,3.151814726157057,1,0,9,0,0
-4.16052773560736,1.137438629840385,0,0,1,2,1
4.811292847664108,-1.04240647772719,2,0,5,1,0
13.664142397940488,-1.457348000217077,1,0,8,0,0
1.6476431401364875,3.39553416475542,2,0,3,1,2
6.142638571892904,-0.9330408099769888,1,0,2,0,0
-4.453146561321608,-0.2614261275064167,0,0,4,2,1
-6.296699619274983,4.008999321055299,0,0,0,2,1
-0.3410059981502265,2.1705903396062785,2,0,1,1,2
-7.2946428901642015,2.224654767570081,0,0,8,2,1
-1.0063161766557078,0.3142295517071232,2,0,6,1,2
-7.403543625422722,-3.1596314935538348,0,0,4,2,1
3.693040721052697,-2.9488301265799577,2,0,5,1,0
-7.35467075469951,2.349578437073099,0,0,2,2,1
-3.2034913473209845,0.6174054554705255,0,0,1,2,1
2.667653525355435,1.157047363535392,2,0,2,1,2
-7.256513656600942,-2.3782565508387408,0,0,6,2,1
-3.1427532094976414,0.2318451821452298,0,0,6,2,1
8.869378843797396,-2.618360261440906,1,0,7,0,0
-4.249932863986822,-0.2071668951147107,0,0,2,2,1
10.789651710176972,0.0685978272660281,1,0,8,0,0
-7.276587648815511,0.0926137634941994,0,0,2,2,1
19.88821845115567,-2.6502543381049644,1,0,5,0,0
-7.365860545993081,-1.679305941660982,0,0,4,2,1
-7.278491160212918,-0.997809870776588,0,0,2,2,1
7.655664163531171,0.055048842549024,1,0,2,0,0
-1.3536840175418456,-0.2926058095536241,2,0,8,1,2
3.0461395686896573,-3.855771324406491,2,0,5,1,2
-7.198605224593222,-2.316018197320472,0,0,5,2,1
13.751447530252772,-0.4799102043182031,1,0,4,0,0
26.488212454249695,1.7438068687748929,1,0,2,0,0
-0.2377772239577877,0.7321587162530712,2,0,5,1,2
-3.34626236978446,-2.7494260073833967,0,0,7,2,1
7.705693326200922,0.3762094633105146,1,0,6,0,0
0.7094296659187425,-2.511300751945302,2,0,6,1,2
-7.298025151084013,-3.256372101636482,0,0,4,2,1
-5.305864180170617,2.210389641308057,0,0,8,2,1
-7.166438716396941,1.7592970576701137,0,0,2,2,1
4.763507546912367,1.6029354857502942,2,0,2,1,0
-7.20922049262585,0.6021327138175536,0,0,2,2,1
9.742677139552535,1.0974995945602657,1,0,6,0,0
-7.283446634302083,0.2156145414086645,0,0,2,2,1
5.951235765421455,0.3767528875421049,1,0,8,0,0
-0.3921031929993166,3.621910725442454,2,0,9,1,2
-2.3461128131170703,-0.0249880423105159,2,0,4,1,2
-3.1929205918716117,1.7058703381544071,0,0,1,2,1
1.8588242626462077,-3.304397296753079,2,0,4,1,2
2.724057941760764,-1.524129856200659,2,0,2,1,0
3.769756364208721,-1.8002809901240042,2,0,8,1,0
15.937382500748726,-1.5158096892135386,1,0,4,0,0
-2.164336949421425,-2.972383622939629,2,0,7,1,1
-3.1527599959607127,-2.608574554404336,0,0,6,2,1
-7.290749382289286,-0.297751453191299,0,0,6,2,1
3.954523655615148,0.3525276287040193,2,0,6,1,0
-7.407677357869982,0.1925277683779089,0,0,6,2,1
14.765731106001931,-1.7336370247832842,1,0,5,0,0
5.936066580368935,1.0964617810717026,1,0,6,0,0
-7.428847301482085,-1.339430321239902,0,0,1,2,1
-6.263184648233713,-1.8252342084066124,0,0,4,2,1
-0.094843340439704,0.7758310957916859,2,0,6,1,2
2.846625307806267,0.866450497746944,2,0,1,1,2
0.8024255063528027,3.661614544894495,2,0,9,1,2
-6.417578348426176,0.8897619086478494,0,0,2,2,1
1.4920695864882545,-0.1772989542803005,2,0,6,1,2
12.195577733931447,2.494442652539919,1,0,1,0,0
-3.12212507534212,0.6461512110194492,0,0,5,2,1
-7.414289329995229,0.3311668321828334,0,0,1,2,1
-4.276520290200678,0.0094363832803985,0,0,4,2,1
14.7117348571164,-0.5922582665094152,1,0,1,0,0
-7.411505820860236,0.4166236747128993,0,0,2,2,1
-5.189879624186391,0.093758473574006,0,0,8,2,1
-5.416273324336866,2.0980371333326544,0,0,1,2,1
-1.0764817130017814,-0.8475398400409506,2,0,2,1,1
-5.089130829929823,1.1360543399912275,0,0,2,2,1
-0.3541940141789759,1.970152454802388,2,0,1,1,2
-0.2363751547003074,-1.5562949393281966,2,0,4,1,1
-1.285611294442316,0.6819688982168808,2,0,6,1,1
1.8525026655832504,2.200483887777128,2,0,2,1,2
3.6004775312171944,0.4378106494480245,2,0,8,1,0
-5.168524260753095,-2.931949752219656,0,0,5,2,1
7.630458562326606,2.188575589090236,1,0,1,0,0
-7.338725482419998,-1.7960172580132965,0,0,4,2,1
2.6584926273495157,1.3006394581740093,2,0,1,1,2
0.7565928978891083,1.3795164754582974,2,0,6,1,2
3.706429755576261,1.9053533617630327,2,0,1,1,0
10.11697517931612,-0.9157060862798634,1,0,4,0,0
-1.0778940538155295,-1.8130565905321916,2,0,6,1,1
0.920895033268831,-2.361489342751444,2,0,5,1,2
-7.253761478202794,2.4021642454317957,0,0,2,2,1
2.926931059086426,1.2690315407297272,2,0,2,1,0
5.7525454733733135,-1.4058428572787454,1,0,7,0,0
2.8767450413446323,0.5860528727383993,2,0,6,1,2
-5.118020053521544,0.2478973625680836,0,0,2,2,1
2.742220150567244,1.187964218390801,2,0,2,1,2
-7.375256229688084,-3.2263630619769184,0,0,4,2,1
-2.082520212262299,-1.8343886192396328,2,0,6,1,1
-4.186468412721465,-1.8430867505675077,0,0,4,2,1
6.057561887665997,1.0788702036046196,1,0,2,0,0
-6.198488997885221,2.1840304057574387,0,0,0,2,1
9.783550915453112,-1.052425790117674,1,0,2,0,0
3.8108720080426703,3.4857074534089096,2,0,1,1,0
7.893510501765869,-3.5082434370863504,1,0,7,0,0
-7.338405205590421,0.1713203412887858,0,0,2,2,1
-3.0349675544288424,2.002335463245156,0,0,8,2,1
-2.2448810979539253,1.1974252549075377,2,0,1,1,1
-5.11933154506149,0.190315198945687,0,0,6,2,1
-1.161426383857183,-0.5691497684985063,2,0,2,1,2
-7.2748458666229885,-1.3400470803388225,0,0,7,2,1
-6.329760737573585,-1.7377020786503672,0,0,5,2,1
-6.303989455888442,-0.6803853248619343,0,0,6,2,1
-1.461454434136602,-0.7745744305867979,2,0,2,1,2
-4.281417198853127,3.886756920676579,0,0,1,2,1
4.907163056080371,-0.7489665444660116,2,0,2,1,0
6.787678968984501,1.236058189353504,1,0,2,0,0
-1.984993619241444,-0.7242395591228512,2,0,1,1,1
0.7487768025885728,-1.7027668082171676,2,0,2,1,2
2.0726523177015714,-0.7133637054013993,2,0,6,1,2
8.912593826971687,-0.9698526354956916,1,0,2,0,0
9.869937973591137,-0.2499493889749553,1,0,4,0,0
1.952962982098864,-1.4337659216516048,2,0,6,1,2
2.7568894092135,-0.9845949792933736,2,0,6,1,0
-7.31382543073774,3.80156525980478,0,0,1,2,1
-4.202141161391765,0.6211178302901192,0,0,2,2,1
-3.2191742364143177,-1.577852559250566,0,0,6,2,1
2.795558732332486,2.1260211649109944,2,0,2,1,0
-4.098160872685154,2.916067845230113,0,0,1,2,1
-7.360774975964522,0.127641256089503,0,0,1,2,1
-0.2348023619496206,0.9366814975989826,2,0,1,1,2
-0.2288360465714376,3.032447835002873,2,0,0,1,2
-1.3042913820308204,0.939783029840469,2,0,2,1,1
-7.148868124256008,-0.0680923383245923,0,0,2,2,1
2.993176955059159,1.9281968015969,2,0,1,1,2
-6.3542276647385165,-1.1889204063699113,0,0,6,2,1
-7.066553492916827,2.4583604862713337,0,0,1,2,1
8.028549707646047,0.0438697496231235,1,0,8,0,0
-5.199229806374976,-2.0301103954996336,0,0,4,2,1
-7.193825325702021,1.6806840343501182,0,0,2,2,1
0.7296410790910048,-0.3137016244874044,2,0,2,1,2
-1.9038762931919055,0.1474482028251849,2,0,6,1,1
3.578852809199221,-0.745761930675767,2,0,6,1,0
-7.319843464734201,-0.8776204447755385,0,0,2,2,1
-0.186251028228658,-0.6883953480468807,2,0,4,1,2
-5.281373543765359,-1.027914419620318,0,0,6,2,1
-7.214709191123272,-1.853888916129567,0,0,4,2,1
-4.294355201915202,-0.6552167461966154,0,0,2,2,1
1.8060309141970112,-0.7139735141991468,2,0,2,1,2
3.7438658075516313,0.9865753098938944,2,0,6,1,0
12.014657984416829,2.4397583216727985,1,0,2,0,0
3.872813837062578,2.0358133036040447,2,0,6,1,0
1.469925352187703,-2.649237343271142,2,0,4,1,2
-7.198628831682048,-3.638126069596814,0,0,7,2,1
3.935159011170164,2.9159781027590346,2,0,1,1,0
1.787643934154806,2.8519395363878224,2,0,2,1,2
-4.3006944063864125,-1.51449965326937,0,0,6,2,1
-6.116002707298942,0.5605338275288467,0,0,1,2,1
3.5690744909477203,-2.1850707686633006,2,0,4,1,0
-7.252511789552316,-3.148784759861968,0,0,5,2,1
-1.0754637039339698,0.8636816959053335,2,0,8,1,1
-4.333330267530538,4.304326327418217,0,0,0,2,1
6.778608807675319,0.5052637275499663,1,0,6,0,0
8.76249496156682,0.5688402221415974,1,0,2,0,0
-0.216822478731621,0.6309585438207561,2,0,6,1,2
-6.41716792945224,1.0357721480027156,0,0,2,2,1
-4.146460730025396,-0.1868549897860325,0,0,2,2,1
-4.429969451086192,1.6190744929256238,0,0,6,2,1
-7.321687859505136,-1.510661224347375,0,0,6,2,1
1.8994433080747584,3.5265624958392485,2,0,9,1,2
0.7135185878574042,-0.4691785891508684,2,0,6,1,2
14.95234590498901,-1.666283819519725,1,0,2,0,0
-7.31430547922024,-1.1493569604340237,0,0,5,2,1
-0.1712183659790813,3.344441112059043,2,0,2,1,2
-7.346299244436566,-1.3478774236018871,0,0,7,2,1
1.4533983025496795,-4.248366916069828,2,0,4,1,2
0.7640907641549637,1.367670735712646,2,0,2,1,2
-6.233519816851992,-2.361852363970222,0,0,4,2,1
-7.341158525355273,-1.4961701698793175,0,0,2,2,1
-4.403170069128765,-2.865197009475167,0,0,5,2,1
-7.385021422110529,-0.367371817057283,0,0,8,2,1
1.6836580937365806,1.7533057314251317,2,0,2,1,0
4.711863512364527,-0.1812742722912235,2,0,4,1,0
10.533019398872938,0.6727668275479206,1,0,2,0,0
0.6708753402580427,1.163412333431067,2,0,1,1,2
7.890465878413854,-2.718419916987065,1,0,4,0,0
6.90775159220234,0.059230840085656,1,0,6,0,0
-1.2513590586287862,-0.0918308290335532,2,0,6,1,2
4.658478913242574,3.828752665024726,2,0,1,1,0
-6.237651031725178,-0.3251979289131945,0,0,6,2,1
6.2363700387586345,1.2139182353273634,1,0,2,0,0
-0.2471873399403676,-1.0935400988268134,2,0,5,1,1
8.054698152136652,-1.3268948228974884,1,0,4,0,0
-7.04297718239361,1.133980704808634,0,0,2,2,1
-7.390318251679201,2.697594760850792,0,0,2,2,1
-7.422937006580272,-0.5881408070628504,0,0,2,2,1
0.5637631930906277,-4.530208298228926,2,0,4,1,2
-7.41796876007507,-0.6581873278517383,0,0,6,2,1
12.831314589563457,-3.274225795041008,1,0,6,0,0
15.99924129999707,-1.5679247308388375,1,0,2,0,0
-7.418775094334023,-0.4484521426754078,0,0,6,2,1
-7.412870116807239,-0.0572601757652297,0,0,1,2,1
-3.14383587141707,-0.9336937079166036,0,0,2,2,1
-7.387967142470262,2.77522381892036,0,0,1,2,1
13.73964520288536,2.254427323309502,1,0,6,0,0
-5.183274272963892,0.0525490433051243,0,0,6,2,1
0.9158530635778526,-0.4276974833785487,2,0,6,1,2
-0.1374542638226978,-2.612201718533216,2,0,7,1,2
-4.199571771396294,0.8791316765016659,0,0,1,2,1
6.869431871252594,-2.809452048903104,1,0,6,0,0
7.7661838145019715,-2.8292628493152314,1,0,6,0,0
15.869698693487049,-1.1874945301844662,1,0,6,0,0
5.667067130012725,-0.0208506363595808,1,0,1,0,0
-3.452493986973538,0.3097858061755465,0,0,2,2,1
-4.416190018005018,-3.470939391552037,0,0,6,2,1
-7.26698710354494,-0.1059990034118141,0,0,6,2,1
-5.128001768567652,0.9264173037814624,0,0,8,2,1
18.758220161729263,-1.6417849168157106,1,0,7,0,0
-4.192984220408942,-3.570248278643451,0,0,5,2,1
11.743413303817988,0.1161720413463531,1,0,1,0,0
-7.286804910465698,-0.9637241476226006,0,0,7,2,1
-7.403107051951312,1.6314670968410905,0,0,0,2,1
-2.123622198559387,1.6995144420271822,2,0,2,1,2
-3.254706589710337,1.898416450229304,0,0,2,2,1
0.8668742613959317,-0.9826318625371728,2,0,6,1,2
5.8241297427435175,1.110708325679297,1,0,9,0,0
15.937693005985828,2.955752745253504,1,0,1,0,0
-0.3165499371200582,4.070513377231574,2,0,6,1,2
0.7079046650002754,-3.430972978314665,2,0,7,1,2
2.8662755276940057,-2.211859152203317,2,0,4,1,2
2.9595238905983354,0.2752723873039602,2,0,2,1,2
-4.411817937120606,1.0013251979201283,0,0,2,2,1
-5.396870439733476,3.4720559094678083,0,0,0,2,1
2.548676616985301,-1.2157646971523934,2,0,5,1,2
10.843017749314876,-1.690129728882496,1,0,5,0,0
-1.2683824761554208,0.3977261467244486,2,0,8,1,2
21.044584972588314,1.7356197790227568,1,0,1,0,0
-7.192198635153801,-1.2439775083676647,0,0,5,2,1
5.741276532686111,-0.948638757542582,1,0,8,0,0
-7.363201543333233,2.84834470422403,0,0,1,2,1
6.176340655031776,0.4339539405359578,1,0,8,0,0
-1.353372951383785,1.0417583588582415,2,0,1,1,2
-5.3925072153393625,1.4457436399094794,0,0,6,2,1
1.7389067484692848,1.2054135526963647,2,0,2,1,2
-4.236962827819372,-2.3718892819542634,0,0,4,2,1
-7.343866415564078,1.3936972696420904,0,0,8,2,1
-3.200026467805755,-1.1157195029287597,0,0,4,2,1
-6.292902057527316,-1.3870119952424005,0,0,2,2,1
-6.378185112699432,-1.787246592385595,0,0,5,2,1
-7.318886120629754,-0.3353642071864464,0,0,6,2,1
-1.198050534273886,-1.9979957183325383,2,0,4,1,1
-1.1300033489269783,-1.7934669277434911,2,0,5,1,1
-1.2098687829572017,-2.606211645658994,2,0,5,1,1
2.7241371634276508,-2.060508818532152,2,0,4,1,0
-7.30012975001965,0.6010747620124262,0,0,2,2,1
-7.308727622750722,0.3678881452112397,0,0,6,2,1
4.641301603188994,-1.3145541729283818,2,0,6,1,0
2.050640940105291,-0.1611913989261286,2,0,2,1,2
-3.150058608439994,-2.1119559719192207,0,0,1,2,1
4.626402354351036,-3.187173900830105,2,0,7,1,0
-1.0855128778971777,-1.4184453829139694,2,0,5,1,2
0.9224257962228712,2.039869499111388,2,0,1,1,2
-7.417579296885844,-0.2882182944026699,0,0,4,2,1
3.0019550629925007,2.804012819588608,2,0,2,1,0
-5.176662992384337,1.0112431486063014,0,0,2,2,1
-1.3205355205378917,1.846426653751532,2,0,6,1,1
3.131712042866397,1.1894473423685867,2,0,2,1,2
-1.228315075023863,-2.0805718852987085,2,0,7,1,1
0.7726706641115086,-0.2456862108468769,2,0,2,1,2
-4.318148797824433,-1.630841475236508,0,0,5,2,1
-3.098040715713779,-0.0016924059461858,0,0,2,2,1
8.96399219504497,1.244733198617772,1,0,3,0,0
-0.2409875289187697,0.7717247675272803,2,0,8,1,2
-7.332036182884302,2.2228941120480674,0,0,1,2,1
7.110297955138851,0.8307122277459973,1,0,1,0,0
-7.330450930741117,2.0557173807296096,0,0,2,2,1
8.722623378205496,1.2411223215986071,1,0,2,0,0
-0.1971382225576929,-1.2814680217073209,2,0,5,1,2
3.9446791803791896,4.394491979678499,2,0,1,1,0
-7.390624950561563,2.9139390895232418,0,0,3,2,1
-5.364329368258384,-1.2372570609068747,0,0,2,2,1
-7.336753328026322,-0.5287627263905001,0,0,6,2,1
-4.222246643619929,-0.0728983905954874,0,0,1,2,1
9.796880436645983,1.1551681750348188,1,0,6,0,0
0.6889432688974928,-3.183101827218884,2,0,5,1,2
3.9701560868641934,-0.124320885686544,2,0,6,1,0
14.96866421528027,-1.2780009379072312,1,0,6,0,0
0.932700119819378,0.6555663013510684,2,0,6,1,2
3.97614542118985,2.760224735391104,2,0,6,1,0
13.988422180451735,-2.8885488912835378,1,0,4,0,0
-3.260199711155293,-1.5835174176822766,0,0,2,2,1
0.7708266513038353,0.7620292135658624,2,0,5,1,2
-1.4029005436983617,0.6073746294050935,2,0,2,1,2
0.593511146671009,-0.1126966779853417,2,0,8,1,2
0.8046130599005821,-0.4958086455751573,2,0,6,1,2
-0.228810679330353,1.3735484032293286,2,0,6,1,2
2.545122889968212,1.9415556692211775,2,0,9,1,0
3.6076855627381423,-2.6941156079591546,2,0,4,1,2
1.7271600304242425,-0.3617911026455493,2,0,2,1,2
0.7683758585516864,-0.8615882289937549,2,0,5,1,2
6.806390377649334,-0.7662029866076157,1,0,6,0,0
1.7669679783956038,1.7645649755681778,2,0,1,1,2
1.798282117507684,-1.7657107200091664,2,0,6,1,2
-2.172302190136243,2.266215485483794,2,0,6,1,2
-1.2540486746453396,0.6793194086896301,2,0,5,1,2
-0.1995717066604223,-0.0536995932752155,2,0,5,1,2
8.807049161686914,0.3190063941563075,1,0,2,0,0
-7.166878088199332,2.1193736406853216,0,0,9,2,1
16.145332013155638,-0.318075245531964,1,0,2,0,0
0.5943373068635776,-1.0775895172620775,2,0,2,1,2
0.7333632327186521,1.9242668601603976,2,0,2,1,2
-7.3344705429480115,0.3606325581105198,0,0,6,2,1
-5.170714142296892,1.0225935850887402,0,0,2,2,1
3.8422184069816394,-0.2944098157679358,2,0,6,1,0
-7.411109091665889,0.374411771426705,0,0,6,2,1
-7.363854260058912,0.1192887673770743,0,0,1,2,1
5.855913095356824,0.445196654688933,1,0,2,0,0
15.810672489515213,-0.9479777749204016,1,0,6,0,0
-7.309100316109958,-0.74197464966192,0,0,1,2,1
5.035824405202643,1.592829960537057,2,0,1,1,0
-6.417255405113551,-1.3823243309505906,0,0,4,2,1
-4.335779670446359,-0.9114584291770004,0,0,2,2,1
3.708196868207836,-2.4424741249869064,2,0,5,1,0
4.868446651709087,-1.958256892257438,2,0,5,1,0
-4.451466304278474,-0.7265382477339006,0,0,1,2,1
2.7258356980901883,0.8833720173895299,2,0,1,1,0
6.717850826090382,-3.1873650867438035,1,0,4,0,0
-0.2882345178733896,1.864129029479931,2,0,2,1,2
3.66112120611048,-1.5303753650081124,2,0,6,1,0
-4.172421390691168,4.073963461582787,0,0,3,2,1
-3.4097671201936985,-1.6811948574750315,0,0,4,2,1
8.829373582941844,0.8252401735852688,1,0,2,0,0
-7.359588479963454,-0.4182215481902416,0,0,7,2,1
-4.298941066581203,0.6059283485227476,0,0,1,2,1
-4.425475129064432,0.3225946044500007,0,0,2,2,1
0.6105864933947744,-1.812726627143589,2,0,4,1,2
-1.1012825439894662,-0.6032686718136184,2,0,5,1,2
5.483964471899007,0.8173524546827018,1,0,6,0,0
-7.275621521865616,-1.946385303429204,0,0,5,2,1
0.5634962085941773,0.6806926781333251,2,0,6,1,2
9.769521222032164,-1.604858377637345,1,0,5,0,0
3.0532743934854416,2.749170779737508,2,0,6,1,0
-3.978112793567737,0.6021916952091053,0,0,1,2,1
9.22559331562557,1.640495630257984,1,0,2,0,0
2.826411847620051,-2.239317256359967,2,0,5,1,0
1.695101818927034,1.5400615382904237,2,0,1,1,2
-1.9141013079427287,-2.203792697694347,2,0,6,1,1
-4.27256937420584,0.3807800560699905,0,0,1,2,1
10.902766256311995,-2.081890825053879,1,0,4,0,0
3.649564770352365,3.48807780635284,2,0,6,1,0
-7.249160038263946,-1.0043041947836102,0,0,2,2,1
-2.307311362023848,0.0320400005792849,2,0,1,1,1
-6.359616341322671,2.4290162042514694,0,0,1,2,1
-2.304927830550249,0.049180445195188,2,0,8,1,1
-2.191475000997813,1.3618087527407936,2,0,1,1,1
1.8864484397240275,-0.8965424899736099,2,0,1,1,2
9.790944852689684,-3.606916418762584,1,0,4,0,0
5.1370767574759935,1.9899402740142096,2,0,9,0,0
-7.277818640653145,-0.3608490990617035,0,0,6,2,1
-4.300902428375333,0.5242320251843542,0,0,2,2,1
5.7320272972623005,2.30089837372492,1,0,1,0,0
5.6895694229713865,-0.7776577271719729,1,0,2,0,0
-5.4462461227329815,-1.3008584613998977,0,0,8,2,1
3.8106936981415824,0.3509727569828853,2,0,7,1,0
-4.800400279532759,-2.177059755396984,0,0,6,2,1
-2.1151149311067483,0.6986471076875103,2,0,2,1,1
8.844078919154452,0.3231537653705909,1,0,2,0,0
2.7065332512688443,-0.8768074995238229,2,0,2,1,0
-3.9889530118737984,2.868421410912474,0,0,1,2,1
-7.257533400546011,0.1158152694508931,0,0,8,2,1
-3.44499602594756,1.4350086480893292,0,0,2,2,1
-0.1558873274241206,1.0250105060539028,2,0,1,1,2
-0.2598709516973345,-3.345243604160151,2,0,5,1,2
-6.010122846304724,2.122503099010642,0,0,2,2,1
-1.218016170913292,0.1391428521240469,2,0,4,1,2
-7.402170965917689,1.6612716272894876,0,0,6,2,1
10.73501015351463,-1.465730919797231,1,0,7,0,0
-7.1591399182983855,-0.0752187462167945,0,0,2,2,1
-7.173653051194008,-2.189993269359617,0,0,6,2,1
10.20371661549352,-3.0694385958368837,1,0,4,0,0
10.730867719174068,-0.2386647999632254,1,0,6,0,0
9.805445563310576,-3.6684920430920167,1,0,5,0,0
2.798029047463155,-0.3457483390841056,2,0,8,1,2
-7.358396437960697,-2.3560403033544457,0,0,7,2,1
-7.340942407441839,-3.4411388875039197,0,0,5,2,1
-7.4365277405695025,-2.7361681876186483,0,0,4,2,1
2.9425143247737235,3.1188135222357825,2,0,2,1,0
-0.2343145489415956,-0.1392975689734217,2,0,4,1,2
11.983507628864189,-0.3567409204832126,1,0,6,0,0
-7.394883573387919,2.0097350694056444,0,0,2,2,1
-7.156905442470543,2.455507711096008,0,0,6,2,1
-7.35085484832719,0.3811921606492805,0,0,5,2,1
1.5315879408270645,-2.4308829899674,2,0,4,1,2
7.753157471545229,-3.131091654099732,1,0,5,0,0
2.6760601659371237,0.4407263643057293,2,0,2,1,2
-7.418559578862268,-0.2117915078764358,0,0,6,2,1
-7.203202072825095,-0.1684770990548436,0,0,8,2,1
-0.2219979122252766,1.940680648939018,2,0,9,1,2
-4.35966417906957,-1.4806432642083391,0,0,7,2,1
-1.4063254371907803,1.0447581832001809,2,0,6,1,2
-2.115175352256471,1.213120705428453,2,0,2,1,1
-2.222301430328589,-1.257985818003794,2,0,2,1,1
5.102466602047096,0.5403026699818518,2,0,6,0,0
7.645128130077269,-2.105575199303743,1,0,6,0,0
7.767452397529444,-0.3157552464247248,1,0,6,0,0
-6.1569485675190645,-0.5079158294321071,0,0,1,2,1
-7.39122877833132,2.4188343918854183,0,0,2,2,1
-7.382000661670068,0.9043273684683224,0,0,8,2,1
-2.4487658040831546,2.306110222312214,2,0,6,1,1
1.8686032534433623,-0.6760135780457885,2,0,2,1,2
2.934798192547504,0.2565155789616544,2,0,2,1,2
-1.1038744724823886,-1.8090326649153603,2,0,5,1,1
8.192054505161028,-1.624787580772237,1,0,4,0,0
4.6625087967750165,0.4287517322305296,2,0,6,1,0
1.6539999954723186,4.463773717671549,2,0,9,1,2
14.719447228273044,0.0132498674721306,1,0,5,0,0
1.842784742964444,1.3679397112315377,2,0,2,1,2
-7.371988321560546,0.4997350843629409,0,0,5,2,1
8.947071498366356,0.1015713282859893,1,0,6,0,0
-0.3893910028128049,0.0020634759213113,2,0,8,1,2
-3.217920557563436,1.6151980560288783,0,0,2,2,1
-7.1605282172531695,3.757491412387473,0,0,9,2,1
8.768212387543558,-0.9729745280547945,1,0,4,0,0
-2.206839688386185,0.4040104028594435,2,0,6,1,1
-7.111968135763279,0.773233305620268,0,0,6,2,1
4.936923661063702,0.3383767958874051,2,0,2,1,0
-5.11122588655944,-0.2353344687583884,0,0,6,2,1
-3.0224630677982507,2.5569756989812595,0,0,3,2,1
-6.13394769308406,1.0730293337610295,0,0,2,2,1
6.736594498286797,-3.160674660556756,1,0,4,0,0
5.884524513417389,-1.4811716905251149,1,0,4,0,0
4.202909498991078,2.330247515571265,2,0,2,1,0
-4.206927870938052,-2.091962852402784,0,0,6,2,1
-5.249392365034515,-1.7307006468104378,0,0,1,2,1
10.989828132543709,0.5418523914462092,1,0,6,0,0
-7.3015989706163325,2.551902884768722,0,0,2,2,1
4.527375860708004,-0.2080428287280513,2,0,2,1,0
6.0897848752209125,0.8786630824800339,1,0,2,0,0
8.97058312276609,1.6697852124833932,1,0,2,0,0
1.5785584220815068,2.878175968445733,2,0,9,1,0
2.5551697538601044,-2.3934586431535427,2,0,7,1,2
3.860628037141444,0.2603333165404144,2,0,6,1,0
-5.413159347458279,2.4065773004311555,0,0,2,2,1
-7.414158388348282,0.0789904241690719,0,0,8,2,1
2.6900782457063634,1.388613059519709,2,0,6,1,0
5.685353276098761,-1.1665862211295135,1,0,5,0,0
4.600353511757476,2.630781588717192,2,0,2,1,0
-1.251146007357244,-3.0291698356228065,2,0,6,1,1
10.802817215064556,-1.1381007125429574,1,0,4,0,0
-5.344535828319222,-0.9757839063956102,0,0,5,2,1
-7.422859012403005,-0.8368296160194175,0,0,2,2,1
-4.377562869725913,-2.635690140555177,0,0,4,2,1
-7.230448923951229,4.419865124388664,0,0,1,2,1
2.844139520704065,-0.3493443306081962,2,0,6,1,2
-7.145579602783064,2.6930293289969645,0,0,2,2,1
11.09867085827451,1.7358725789325198,1,0,0,0,0
4.791915423263113,-1.309238823042225,2,0,2,1,0
-3.261780599765151,-0.9634381093212095,0,0,4,2,1
-2.1258625560098903,-0.2110647836264316,2,0,1,1,1
3.070493106364035,0.2381230010543178,2,0,6,1,0
-5.289257481646716,1.1683703068703435,0,0,2,2,1
-7.419794849970006,-0.5891951939883551,0,0,8,2,1
2.811839953383678,-2.27664563100542,2,0,4,1,0
-2.195945407071661,-0.3772617983873703,2,0,6,1,1
2.788525000099808,-0.7262640836863594,2,0,4,1,2
15.212227584447046,2.407369672699993,1,0,2,0,0
-0.4083796436006484,0.3733702405250998,2,0,6,1,2
11.060185384319457,-0.99678400896051,1,0,4,0,0
-7.308156849609225,-1.3975789895127535,0,0,5,2,1
7.996305538816761,0.0140976203787563,1,0,6,0,0
-3.2255841359899446,0.2995506390641216,0,0,6,2,1
-3.274734081590458,-0.7673241542809515,0,0,2,2,1
15.185613083538932,3.051050964042935,1,0,2,0,0
9.972449975811294,0.3598464996131194,1,0,6,0,0
-7.212971035355768,2.7749655064732788,0,0,2,2,1
5.862104604625726,1.5262481301717417,1,0,6,0,0
-4.280225283829973,1.2322050153836712,0,0,6,2,1
-4.4015682616285225,1.7686909941401407,0,0,2,2,1
-5.443367401560894,-0.832820260621659,0,0,6,2,1
-3.4200910071653534,0.1024198054200962,0,0,2,2,1
4.794905041213761,-1.54536483031711,2,0,4,1,0
-7.432926743276131,-2.1328914958115863,0,0,4,2,1
4.65639992464544,-3.861175403463311,2,0,4,1,0
5.681527523553882,-3.1099430511772206,1,0,6,0,0
-7.398244289977889,1.6757110531435369,0,0,2,2,1
14.98116945514499,0.0238778059778552,1,0,4,0,0
-1.468994046353794,0.8599276991270415,2,0,2,1,2
-0.4745149232841816,1.6774408863157766,2,0,6,1,2
-1.03295569881337,2.517851056723168,2,0,2,1,2
8.929444970211687,1.244562257113087,1,0,2,0,0
0.822997301193384,1.4753402697195397,2,0,8,1,2
-4.163985022533224,0.980144994489891,0,0,2,2,1
-4.057437705291594,-0.8859636412129168,0,0,8,2,1
-7.1345373885471535,-1.4511478818751222,0,0,2,2,1
11.888073062051385,1.3253051745842217,1,0,6,0,0
-3.28012622324924,-0.6498276925359396,0,0,7,2,1
-0.2781685860511436,-1.7469392874055687,2,0,6,1,2
-5.023025492029706,-2.414790040339538,0,0,6,2,1
-6.385056444598966,-3.302575566245134,0,0,4,2,1
1.6561517363586322,-1.8366852352341556,2,0,5,1,2
-1.8278521474472509,-1.4852723690054024,2,0,6,1,1
1.7657694716579575,0.182844031536761,2,0,2,1,2
1.5994663131041629,-1.849014871841934,2,0,5,1,2
5.809127419997711,-2.4833170681934105,1,0,2,0,0
8.629062763082556,1.729879220216278,1,0,1,0,0
6.907442565471152,-3.2801480358560746,1,0,5,0,0
-1.2006231344763965,0.3539496277238974,2,0,1,1,1
-2.3058245983733645,0.0805571024686151,2,0,7,1,1
0.9700091564820532,2.144578282104366,2,0,2,1,2
-4.315365104442656,-0.6602167252049818,0,0,6,2,1
-1.2704628475818789,-0.2436458314719831,2,0,4,1,2
13.002108982129108,0.4927599543023651,1,0,6,0,0
5.046331130940455,1.2774134192377993,2,0,6,1,0
9.980203516396578,-0.7529619140700958,1,0,6,0,0
1.8975752833643489,0.5506657724251007,2,0,2,1,2
13.873118100792066,0.3954553988584752,1,0,6,0,0
0.6287950559560986,-1.6196254470318756,2,0,5,1,2
2.7739258228216013,-1.0627404422419662,2,0,6,1,2
1.8176112449410216,-2.422063756177451,2,0,5,1,2
-7.204514807562909,-0.1099797545215683,0,0,1,2,1
-2.3180044051321795,1.222293528128502,2,0,6,1,1
-7.364508555205724,-1.9650381429796404,0,0,4,2,1
-7.404080130120603,1.1527623959273583,0,0,2,2,1
-3.2280891493398705,-2.96598447982973,0,0,5,2,1
8.595980252569154,-0.0374510251903092,1,0,2,0,0
-4.193512551868048,0.332854156293306,0,0,2,2,1
-2.2222912642438413,2.1641827840263788,2,0,6,1,1
-7.308224166085542,-2.8257840991413747,0,0,5,2,1
5.976697145363119,3.078784057952799,1,0,3,0,0
-6.185140553218777,1.821953283563548,0,0,2,2,1
0.8982228191800328,-2.3680800764240875,2,0,5,1,2
0.8524272722491801,0.9971891017865318,2,0,1,1,2
0.7034524112506713,1.7805284940685708,2,0,2,1,2
-7.262702562834585,-2.638796925727614,0,0,5,2,1
1.964568363420257,2.1591650696571967,2,0,6,1,2
-1.1958157270105696,3.1022463443531385,2,0,0,1,2
3.967566276450047,0.5078565898640353,2,0,2,1,2
6.050383548841458,0.2663840774457107,1,0,6,0,0
-4.366050123404387,0.95059829896016,0,0,6,2,1
-7.328983073348737,1.701427752771496,0,0,2,2,1
3.6462679329987946,0.2436411625674628,2,0,2,1,0
-0.9138740808847148,-1.8193256910285456,2,0,6,1,1
-5.437892230252302,-0.0965492214916272,0,0,4,2,1
9.034244825868416,1.2053861527715886,1,0,1,0,0
1.966885230289554,-0.2972747173027081,2,0,6,1,2
5.556639699896991,-2.903032817702223,1,0,4,0,0
-3.1305571636343057,0.0688108378044591,0,0,6,2,1
20.87706832940844,0.5025435560513891,1,0,1,0,0
-3.2204288789289595,-0.5065268039461241,0,0,4,2,1
-6.373794623216079,-0.596171125984599,0,0,4,2,1
3.579823959234467,-1.4461605807145923,2,0,4,1,2
3.94253552794364,-0.1952869899298566,2,0,2,1,0
-3.1018986035973173,0.5222723765597479,0,0,2,2,1
-7.324141601561375,0.9676514843480022,0,0,2,2,1
-7.266527642837224,-0.7547658587010597,0,0,7,2,1
4.7690734496073866,-2.297062194070765,2,0,4,1,0
-6.073133896328786,-1.2121096646131542,0,0,2,2,1
-7.35268623235632,-0.7565223015054876,0,0,7,2,1
0.7520376241341333,2.7268961927689994,2,0,8,1,2
-7.341878345319497,-0.1253247188638968,0,0,2,2,1
-3.232666335962933,4.02752012906193,0,0,2,2,1
-2.1299294283102803,-1.6119645587503475,2,0,4,1,1
4.000310429764191,1.4586619488215162,2,0,3,1,0
-2.143859430240183,-1.4556413820402387,2,0,6,1,1
2.8264474560328345,-0.9614760865287784,2,0,5,1,2
-1.1638637656569886,0.7825668760802182,2,0,2,1,1
4.899404920900874,-1.9588317978718028,2,0,4,1,0
-0.24319471986386,2.928646760441715,2,0,3,1,2
10.867523955419584,2.792598286066035,1,0,1,0,0
-7.27268778955775,-0.6924502608378615,0,0,6,2,1
4.752523098675059,-0.6492834642642016,2,0,6,1,0
-7.278005767878387,2.4538850017109284,0,0,6,2,1
-7.3225432282193,-1.267017237293531,0,0,4,2,1
-7.259059949069439,1.195582437491875,0,0,2,2,1
21.57818448167297,-3.1625714138875805,1,0,5,0,0
9.630716585240574,0.4670376133818399,1,0,6,0,0
1.6407787307250905,-1.2464536035990637,2,0,6,1,2
6.679738699251596,1.8983391764994184,1,0,2,0,0
-4.231627443622942,-1.098782368218899,0,0,4,2,1
-7.33308572762494,0.9466324844897605,0,0,2,2,1
1.6822699808816086,-0.4833017235252843,2,0,6,1,2
1.0380137021165154,2.2578262689932376,2,0,6,1,2
3.68448153738907,0.419406579286222,2,0,1,1,0
-7.319125046000223,-0.3279356394946426,0,0,6,2,1
5.049199956070865,-0.3967042062580745,2,0,5,1,0
-7.207933374872146,2.2603551469181435,0,0,2,2,1
1.6775961383096671,1.6872269100005108,2,0,1,1,0
-7.1789932472994575,-0.704859911248618,0,0,2,2,1
1.8065584385948568,0.9042678798460336,2,0,6,1,2
-5.232305298320925,-2.307951375245817,0,0,2,2,1
3.5797958110300296,-1.5388334848434386,2,0,4,1,0
9.1344536053184,-0.6731613152258089,1,0,8,0,0
-0.2956760897367712,-0.1568168061390142,2,0,6,1,2
-6.286073916968931,-0.282103971172841,0,0,6,2,1
16.863743649010747,0.1920949829966982,1,0,8,0,0
-5.439403857363324,-0.519716725916648,0,0,7,2,1
-7.334831199670914,-0.629939956147471,0,0,2,2,1
10.820901154014315,-0.706828378862846,1,0,2,0,0
-1.075428380062796,-1.5883119924460627,2,0,5,1,1
7.883587262765964,-0.6552343573428014,1,0,5,0,0
-1.3396554738660535,-2.347797904016049,2,0,4,1,1
1.5578429732202697,-0.3804019520720665,2,0,6,1,2
-7.425483715177239,-0.8193908435719897,0,0,6,2,1
-7.156984005325193,0.6152854111730313,0,0,1,2,1
-7.28024333923809,0.4380933192247052,0,0,8,2,1
8.960604715201796,0.7313352219745735,1,0,2,0,0
0.7212063580315506,-0.6670677748547595,2,0,1,1,2
-7.278943608580969,-1.7019882682685514,0,0,4,2,1
8.646149971293127,4.244416918833966,1,0,2,0,0
-1.112848063873149,2.4828468915665325,2,0,9,1,2
-1.2814243020062728,0.9006541255246372,2,0,6,1,2
-7.264795316322007,-2.7540560171293254,0,0,6,2,1
0.6961837579335164,-0.0022337130015412,2,0,6,1,2
4.715250950286425,0.4454942958283534,2,0,1,1,0
5.879780648694545,-3.033046425192914,1,0,4,0,0
10.087622936231044,0.63475097014592,1,0,2,0,0
3.86357188022116,2.7678445635386377,2,0,1,1,0
5.797889366187034,1.3015865806531828,1,0,2,0,0
1.6641087719321843,2.181858732984472,2,0,2,1,2
2.9817802521282992,-2.5896225676521216,2,0,6,1,0
3.692231291373755,2.564190616610323,2,0,6,1,0
0.1134734916042923,2.016003682456279,2,0,2,1,2
-7.194121168387475,0.2945391330405398,0,0,6,2,1
14.068540176127932,-1.0021770287873213,1,0,1,0,0
1.7090221311588962,-1.6676752286088812,2,0,5,1,2
-7.279860142917025,0.4660087942199635,0,0,5,2,1
2.714453950429375,-0.3552910326134535,2,0,6,1,2
-5.3135045613658125,-1.9200593702049085,0,0,6,2,1
-0.4028375183101147,0.0519898975489083,2,0,6,1,2
-4.16607519172778,-0.4111056249064981,0,0,6,2,1
-7.282679632801517,-1.7207635475334109,0,0,4,2,1
6.786825542211574,-2.590405793961942,1,0,6,0,0
-5.1679927474705565,3.07707345250923,0,0,3,2,1
1.8986146424756427,-1.2808228907326689,2,0,4,1,2
8.85664909287975,0.3985720164537749,1,0,1,0,0
8.842796660574841,3.4685050022708697,1,0,0,0,0
-7.401334842987574,1.623609713960637,0,0,6,2,1
4.794831748934492,-0.1431053470375101,2,0,6,1,0
-2.284894425698573,-0.6368380014216735,2,0,2,1,1
7.779840499468934,-0.1550116996036394,1,0,6,0,0
-7.361721137746487,0.334856230836102,0,0,2,2,1
-4.250265123413408,-1.478504331378529,0,0,4,2,1
-7.292488218896099,1.931202577339948,0,0,6,2,1
1.7478722583501654,0.155619114535439,2,0,1,1,0
0.4915541630032454,-1.375729115925194,2,0,1,1,2
-7.407577435751502,0.8551280503576058,0,0,1,2,1
-7.402716304930996,-0.4671475505297939,0,0,8,2,1
12.924100328349349,-0.3441579606609672,1,0,6,0,0
-7.336694275195938,2.191348633982928,0,0,9,2,1
5.592481251773609,1.1333362797301865,1,0,2,0,0
0.7583995101869583,-1.0603271807535375,2,0,5,1,2
-3.429155038503635,-0.1699815580156207,0,0,2,2,1
4.952286790395709,-0.0497679842630631,2,0,6,1,0
7.042022014229497,2.412736893837564,1,0,6,0,0
-5.350138938800248,4.907256136606019,0,0,1,2,1
-5.161392298788992,-4.321368012924461,0,0,4,2,1
-5.2857147232651,1.2542826921040615,0,0,2,2,1
2.80498369816155,-0.0954616971303425,2,0,2,1,0
-0.4634641894452072,-2.438534169483258,2,0,2,1,2
2.6704498521544444,-1.6549760344236533,2,0,2,1,0
3.588645262825164,0.7544099329988194,2,0,8,1,0
8.8267404957765,0.0542771705913889,1,0,1,0,0
4.811695325080308,-1.4877147952312084,2,0,6,1,0
10.905140290193128,1.2968680120773697,1,0,2,0,0
-0.2102986142909442,0.0101889164270967,2,0,2,1,2
15.13357036482448,0.2216254205134542,1,0,2,0,0
4.628813396862284,0.4483195903607608,2,0,1,1,0
3.0310562432006805,0.807849841334134,2,0,2,1,0
1.5837282086727988,1.0050924595047448,2,0,2,1,2
-0.0762467358074392,-0.5329390392792566,2,0,1,1,2
-5.431461887068369,0.9717694546185394,0,0,6,2,1
-2.3895182775711508,0.3224968558178918,2,0,2,1,1
-6.41377682644904,1.3739621008683418,0,0,2,2,1
-7.2919902407705885,0.2602407629088614,0,0,2,2,1
2.7019269523985283,0.9983109988779476,2,0,6,1,0
-7.33830001781105,1.328971244621305,0,0,1,2,1
-7.442739294615667,-3.007796796210286,0,0,4,2,1
-7.406167689402297,0.7332268490185445,0,0,6,2,1
4.838497527105078,-0.5582438240341052,2,0,4,1,0
-4.307099648773715,1.7243143786059458,0,0,2,2,1
1.9156811840083847,0.455678663034877,2,0,8,1,2
-6.346162269261249,1.4880567369787112,0,0,2,2,1
0.7291002709283747,3.0836312771489216,2,0,2,1,2
-0.1720977953563949,-0.0916279279996086,2,0,7,1,2
-4.092299490914943,2.064156297471573,0,0,2,2,1
-2.395239927101639,2.596432398776099,2,0,2,1,1
7.981574044734096,3.2584665823723804,1,0,1,0,0
9.69007262918199,0.1632929652908878,1,0,1,0,0
-7.09284684147595,-3.0640629593585422,0,0,4,2,1
9.936696763969929,3.0371392937958253,1,0,6,0,0
6.924223192884286,-0.2205829497222411,1,0,8,0,0
-7.272681909478688,3.11556857909799,0,0,2,2,1
13.152665308613482,-0.749618402049633,1,0,6,0,0
3.1002143444885064,1.305358067099057,2,0,2,1,0
4.734215454557912,-2.003253521651456,2,0,4,1,0
-4.369712629857214,0.2181637016496393,0,0,1,2,1
1.1715401430462844,0.6875197593313227,2,0,6,1,2
-1.2036105743356575,-0.7946215100025407,2,0,6,1,2
-7.342433887322032,0.0707251295642112,0,0,2,2,1
0.8507216658175292,-3.464614728236272,2,0,4,1,2
-7.366555250879447,1.2373980628067265,0,0,2,2,1
-1.1662118622919468,2.0833588777208134,2,0,2,1,2
10.73928232750691,2.41819190283949,1,0,1,0,0
-2.1310206718940057,-0.8009612456316155,2,0,8,1,1
-3.1868107021350687,-3.3776708013392085,0,0,4,2,1
-4.33557495476245,0.7600428318908299,0,0,6,2,1
3.025374987666945,1.5975899575915888,2,0,1,1,0
8.014409453060109,0.7786093818100674,1,0,2,0,0
-1.401360349081532,-2.2221235965167927,2,0,4,1,1
-7.4048907495734895,1.2908626316267475,0,0,2,2,1
-7.380691978464291,3.896740566268993,0,0,6,2,1
0.6980647114403373,-0.1707428307910916,2,0,8,1,2
-0.3026794427133987,1.502629014618153,2,0,2,1,2
-7.228438506789648,3.202479914598405,0,0,0,2,1
10.81354849672232,0.967868664366052,1,0,2,0,0
13.041186724626971,-1.6355693727230505,1,0,5,0,0
-7.352341973270302,-0.5749515189931533,0,0,5,2,1
-3.38523048700151,1.612847165514811,0,0,2,2,1
10.795935787969904,-0.5769531137377533,1,0,5,0,0
4.849579822618397,0.1214707001270536,2,0,8,1,0
3.796065911895033,1.0880254443163553,2,0,6,1,0
4.706945150274542,0.1851241407750437,2,0,2,1,0
-1.4826966777497343,-0.6996246311772056,2,0,4,1,2
-0.9694870347992808,0.8989248305131197,2,0,8,1,2
-6.285788531879033,-0.4571791970731407,0,0,6,2,1
15.177571789472456,3.528201087212159,1,0,1,0,0
-5.390039132830696,-0.9398865703749396,0,0,6,2,1
-4.035485268436435,1.71467828594634,0,0,1,2,1
0.7871934596851347,1.4594077901905074,2,0,2,1,2
-0.1301064966555376,0.5317900487615108,2,0,6,1,2
-3.036501616294565,-2.904060514182355,0,0,4,2,1
2.702249744668304,-3.47079384225078,2,0,6,1,2
-1.4709275650018956,-2.605593097269205,2,0,2,1,2
5.057075035854602,-0.4618099150900621,2,0,7,1,0
-7.265703002536124,0.9728337484427928,0,0,6,2,1
-2.370266471362574,1.2254891709517843,2,0,6,1,1
-7.405094908859121,-2.195278176569269,0,0,7,2,1
7.873852191599614,-0.8260848616521526,1,0,2,0,0
3.711345087160481,-1.5544407525517696,2,0,4,1,0
6.793544830565558,-3.720968078284958,1,0,6,0,0
-4.267656881589783,-1.786509494220869,0,0,7,2,1
-0.3058424558810158,0.9390143315977016,2,0,2,1,2
3.125434445167979,0.5848906114908785,2,0,2,1,0
-6.327118303426406,0.3948973182939217,0,0,5,2,1
-7.340990105008154,-1.6327371713898549,0,0,7,2,1
5.67244902530325,-2.7261710667405827,1,0,5,0,0
1.6993210404122756,1.6989016935289354,2,0,6,1,2
-7.068059118716528,2.153799071393386,0,0,6,2,1
0.7378188778116161,1.5446728713886344,2,0,6,1,2
-1.3470155528067878,-0.3635015156403793,2,0,1,1,2
-6.9931914923529135,1.3103067028169657,0,0,8,2,1
-6.271005594122151,1.1577067812100772,0,0,2,2,1
-7.280656680208978,-2.0463652879442398,0,0,7,2,1
11.927614850850642,-0.3275932381044715,1,0,6,0,0
-3.112689317321614,1.1687063288516342,0,0,2,2,1
-6.259068496367268,4.478156400410075,0,0,1,2,1
-7.406713781444925,0.898276458576889,0,0,6,2,1
-7.110697454999262,1.873587143402338,0,0,2,2,1
7.859304148419461,2.722110542729692,1,0,8,0,0
7.024976638909925,1.8823769423506351,1,0,1,0,0
-1.2596967807808843,5.59621595779422,2,0,1,1,2
-7.061368394695164,0.7704431348144394,0,0,1,2,1
1.9580030534080104,-1.7503549892291137,2,0,5,1,2
-3.227388465812121,-0.0222446995991281,0,0,2,2,1
4.871281593344587,3.748323822817844,2,0,1,1,0
-3.237822066813383,-1.3882288941762364,0,0,4,2,1
9.94249511257203,1.3275455887314642,1,0,1,0,0
-7.133016645961594,-1.261184757538777,0,0,6,2,1
-7.33237174359676,1.6220378602314849,0,0,2,2,1
-5.171202378577606,-0.4717641082174539,0,0,6,2,1
-0.0210698897209562,-0.4841952037897759,2,0,1,1,2
2.7682771565172217,0.3071418062547377,2,0,7,1,0
-7.402182330132048,1.2181585031218631,0,0,2,2,1
9.943160766883691,-2.822915888438589,1,0,6,0,0
-1.0619806494491035,2.0113358981580283,2,0,6,1,2
5.572674104712835,-3.0066192461784365,1,0,4,0,0
4.058462427398352,0.1600441192448971,2,0,2,1,0
-0.2653600582512769,-0.4343543022140173,2,0,2,1,2
-4.428644931911993,-3.632751793300701,0,0,4,2,1
3.745829178054816,1.7074553009932587,2,0,6,1,0
-3.2711319557240914,0.5171203222747733,0,0,2,2,1
2.824907176075357,-0.0078867902820398,2,0,6,1,0
17.457063140346108,1.296365836581403,1,0,8,0,0
-5.09205656203306,-3.763979536952671,0,0,4,2,1
-5.30412677696421,0.5382506660010287,0,0,6,2,1
5.98341843029087,0.6715036173264988,1,0,6,0,0
-7.363147635972795,-1.5169807639439703,0,0,5,2,1
8.259463793771365,-0.8585656063503448,1,0,6,0,0
-1.2987130260542656,3.095700076675477,2,0,2,1,2
-2.066719692694047,2.8873561940723325,2,0,9,1,2
4.69608294586677,1.3811500387678928,2,0,2,1,0
-7.430662537853857,-2.031390236890325,0,0,4,2,1
4.532291008007022,-0.78815036864994,2,0,1,1,0
8.103275591617376,-0.7157316297904643,1,0,4,0,0
-3.337323548133502,2.19926232241474,0,0,6,2,1
-6.291938213994519,-0.8025577386239569,0,0,6,2,1
-2.3829197137974294,-1.5436656489645548,2,0,5,1,1
1.8156059828271316,-3.140848490644336,2,0,4,1,2
7.039931049533269,-0.3045559360230032,1,0,6,0,0
3.801332970195851,1.724583808276201,2,0,9,1,0
-0.1180250976919889,0.6701666217294355,2,0,1,1,2
3.7647119272452105,0.0189932664781715,2,0,2,1,0
-2.2013249661744254,-3.086105097866639,2,0,4,1,1
-7.307202062571133,-3.0144953580219536,0,0,4,2,1
-7.293051183992588,1.397898185990011,0,0,2,2,1
1.7433969932702578,-2.139831374766796,2,0,5,1,2
-3.1533525443454486,1.0330072065324645,0,0,2,2,1
1.827182595186386,-0.7985723572772458,2,0,5,1,2
-6.924922093350948,-1.1979740384585091,0,0,5,2,1
7.827920963090269,0.6666838428249138,1,0,1,0,0
-6.38809603105817,1.68906084234276,0,0,6,2,1
-7.394700798359963,2.129019953383144,0,0,9,2,1
-7.355119655394861,2.3178962189112373,0,0,2,2,1
5.9794454715066525,-1.3826970151978792,1,0,7,0,0
1.7679536316044278,0.2387265926646282,2,0,6,1,2
-2.1864266290096186,1.7628750844180998,2,0,6,1,1
-0.064821746644589,-3.817103054857907,2,0,4,1,2
5.595311472849335,-0.3423800891334454,1,0,1,0,0
-0.1119274937587242,0.9662362155406576,2,0,1,1,2
-2.263718052433785,-0.5488085887661169,2,0,7,1,1
-1.361186388294091,1.2084542909622682,2,0,6,1,1
7.632831598118949,-1.5898877619435272,1,0,4,0,0
10.027922187942083,-2.7390973299283945,1,0,4,0,0
-7.348102939667023,-0.6184958002177303,0,0,2,2,1
4.810829942995321,0.4670861949862588,2,0,6,1,0
-7.327547068291105,1.8388668963004675,0,0,2,2,1
0.8517014076074965,4.387577585057345,2,0,3,1,2
-7.26355264646561,0.8853061383312704,0,0,2,2,1
-4.440293753797878,0.7548014121439728,0,0,6,2,1
-7.298066675913014,-0.5406134830034093,0,0,1,2,1
-5.280836122769381,-0.4700910400836606,0,0,4,2,1
-7.221239134956415,0.4805325668527747,0,0,6,2,1
-1.120762957057415,1.2667353545089797,2,0,6,1,2
1.0475492184999045,-1.199232611517643,2,0,4,1,2
4.7421158661489855,-0.6756304192144664,2,0,4,1,0
-7.206671716175762,2.6478076714906265,0,0,9,2,1
-2.2823090337928944,-2.934054749793191,2,0,5,1,1
16.04346603229499,0.5691814007377736,1,0,6,0,0
7.870255973591659,-2.2476047312741607,1,0,2,0,0
-4.074001468898139,0.0568067515217634,0,0,4,2,1
-0.4313735012906345,-4.368826807967264,2,0,4,1,2
-5.055566524203134,-0.0005177238320248,0,0,8,2,1
-7.243624900807309,1.583058707508072,0,0,2,2,1
-7.388751476558072,2.49489904470488,0,0,6,2,1
13.949062164838692,0.1267926782269324,1,0,6,0,0
-6.420223740381326,-3.169457818744503,0,0,7,2,1
0.9894416947986427,0.7606110263021661,2,0,1,1,2
-3.0898355742898005,-2.0719913032970974,0,0,4,2,1
-7.250007877021618,-3.097889875401137,0,0,4,2,1
0.7990025278330641,2.446815746715656,2,0,1,1,2
1.626587473798036,-0.1606875100000069,2,0,6,1,2
-7.218309983936023,1.1033964639038838,0,0,4,2,1
5.757544309714918,0.3118484774296415,1,0,6,0,0
-2.259428509178538,-2.2925912975195533,2,0,5,1,1
8.962755224328912,-1.8818689010682863,1,0,2,0,0
0.7568871388178282,0.0191779273680872,2,0,6,1,2
-0.1147401697053069,0.7802361232564037,2,0,8,1,2
3.567792274538768,-3.81495514290558,2,0,4,1,0
-7.373701368235329,-1.1363265617506186,0,0,4,2,1
4.765354181057393,1.3302150159526334,2,0,2,1,0
-2.069529099348622,-2.623626736168852,2,0,5,1,1
-1.181449843169494,-0.8116470009727035,2,0,8,1,1
2.7213094464707,0.4295441620335762,2,0,2,1,2
2.7912719747917425,-0.0671798043185165,2,0,8,1,2
1.761878116831653,1.5682576803823562,2,0,2,1,2
-7.346330362801486,0.3340325380299029,0,0,6,2,1
-7.383900079727698,-2.4170071612832458,0,0,5,2,1
-7.432632781230307,-2.8996782264667558,0,0,5,2,1
1.780399703224674,-1.236277786411213,2,0,5,1,2
0.9984067178633804,-3.582905995091595,2,0,5,1,2
-2.443953509905349,-0.5126820334081363,2,0,4,1,2
6.692006784734669,-0.1288363633700204,1,0,2,0,0
15.216877397848734,0.5472770132297216,1,0,1,0,0
-7.295327929720734,0.4317036193542427,0,0,1,2,1
-1.188946133077912,-1.3935381048371325,2,0,2,1,1
-7.420184840249568,-0.4969865300153233,0,0,6,2,1
10.676593801244191,-0.5910677550322383,1,0,5,0,0
5.986000966653686,0.1173915832812708,1,0,4,0,0
12.01091934128463,0.0152481200262548,1,0,1,0,0
-7.160492171846386,-0.4497068320869828,0,0,6,2,1
-7.423708403011319,-0.9082206297987638,0,0,1,2,1
-0.1957454599209249,2.4585742069488954,2,0,2,1,2
-6.15985717695669,-0.0942770622087656,0,0,6,2,1
-6.240578597853155,1.8225539178278416,0,0,6,2,1
-7.144076673050897,0.0665716789050416,0,0,6,2,1
-0.9944013704161668,-0.2973458193088483,2,0,6,1,1
-7.174705892907041,1.841493109090896,0,0,2,2,1
-1.2036235746958388,-2.3492711408675877,2,0,7,1,1
1.6424013037801313,-1.940404499176504,2,0,4,1,2
-7.371186429948724,1.4246424227056944,0,0,2,2,1
7.991230171189146,0.6967955788023295,1,0,2,0,0
-6.12598047754417,-1.600948124153112,0,0,4,2,1
-7.411199139336156,0.680971004277052,0,0,6,2,1
-0.4529102209441182,-3.1183168097391816,2,0,4,1,2
0.774513979567307,-0.5066775717015761,2,0,6,1,2
27.165754316434423,-0.6201751710885186,1,0,1,0,0
-4.235843975203639,-2.4270294952752782,0,0,5,2,1
-7.1404002005852325,-1.713668650100795,0,0,5,2,1
8.986671534265817,-0.1709904080265794,1,0,2,0,0
-7.339459223014351,1.1406858755622231,0,0,8,2,1
11.123960956848896,2.023110406547126,1,0,2,0,0
-6.440842963447654,-1.7250688912215566,0,0,2,2,1
7.91278217306435,2.026261245933544,1,0,3,0,0
-3.456663258376067,-3.50019634190566,0,0,6,2,1
2.9030450273746133,-1.010368816626973,2,0,7,1,0
-7.248457292000487,-0.5701250016836013,0,0,6,2,1
-5.252311086314584,-0.0257731668563119,0,0,2,2,1
-7.242410926883937,0.9777305330461684,0,0,2,2,1
10.169680149420728,1.525078476453718,1,0,2,0,0
-1.3810104127327243,3.004573123899769,2,0,6,1,2
-7.312215833581426,0.1608516052401398,0,0,6,2,1
-5.038518954352798,-1.232240783932924,0,0,6,2,1
6.603274435257127,-1.0201177949189295,1,0,5,0,0
4.653981862418615,-2.230604898062462,2,0,6,1,0
-4.268937574725739,-0.4562552680629703,0,0,7,2,1
2.593007010551036,3.140993726026776,2,0,1,1,0
13.56966328154791,-2.7689341251703694,1,0,4,0,0
-7.337689609820376,1.3711424925672966,0,0,2,2,1
-7.271907413227122,-0.3999668597035504,0,0,5,2,1
-3.272456577974327,-2.3380282336577967,0,0,5,2,1
4.114135364897392,2.030426236790853,2,0,8,1,0
5.892276443900855,2.0875379569754613,1,0,8,0,0
-1.3750213038789862,-2.314469317290288,2,0,5,1,1
3.875929596757219,0.3909761243797858,2,0,2,1,0
-7.206444630043588,1.5957429615926095,0,0,2,2,1
3.9462855524671134,0.4601894174781358,2,0,2,1,0
-7.293034734142565,0.3161289514374488,0,0,6,2,1
5.755833809069252,-1.064783201185152,1,0,1,0,0
10.790300603854156,-3.5031685308599974,1,0,5,0,0
-1.5140689245894483,-4.408564610895123,2,0,4,1,2
-7.326794027619984,0.8944895332436826,0,0,2,2,1
6.7624642516821325,-2.1887216207145097,1,0,7,0,0
2.542232704991955,-0.5328382144848443,2,0,2,1,2
3.933838892140912,0.5697289533674725,2,0,6,1,0
-0.3739104154768293,1.7788814157350656,2,0,6,1,2
2.008512927627436,0.9115103112968916,2,0,6,1,2
0.518884424235476,-2.898604491045721,2,0,6,1,2
7.828743948827933,-0.1192175803488999,1,0,4,0,0
1.891170221038685,0.688553047889199,2,0,2,1,2
-5.083700405922228,-0.6908730646474421,0,0,2,2,1
2.7643874938753257,-1.488658135142347,2,0,4,1,0
9.242533587748104,1.5039681012411137,1,0,1,0,0
-4.167839971977658,-0.5297050210694414,0,0,2,2,1
-3.202366332374578,-0.9323377803031456,0,0,7,2,1
-7.255518050063238,-1.2729167742116594,0,0,4,2,1
1.620436161660324,-1.060294207577848,2,0,5,1,2
0.8740165027428173,-0.5563171664530673,2,0,6,1,2
12.0773739905659,1.089846729554477,1,0,2,0,0
-4.290182713360343,0.5493412404842828,0,0,4,2,1
-1.1643782197930577,-0.228063174843407,2,0,1,1,2
0.7973797697117764,2.485794331797147,2,0,2,1,2
-7.408086370972629,0.8828927177975281,0,0,1,2,1
5.679379579522466,-2.8411997837219807,1,0,4,0,0
-4.285733487847645,-0.7143523606494913,0,0,4,2,1
-7.366168428792388,0.9087777525192262,0,0,1,2,1
8.014064096341317,2.102876765670924,1,0,6,0,0
5.698967498914135,0.448571695283281,1,0,2,0,0
-7.303044918959566,-1.3501708578685971,0,0,7,2,1
-7.426566012794767,-1.081410184207069,0,0,8,2,1
-6.345596592589512,-0.7009014930886948,0,0,1,2,1
-0.1761419199914637,-2.311386761224563,2,0,6,1,2
9.082853376165271,0.7008836134748413,1,0,6,0,0
-5.2969129065346605,0.7152725174248085,0,0,2,2,1
-3.1350234365558185,-0.2842838135157728,0,0,1,2,1
8.015946868156059,-3.200107707853965,1,0,4,0,0
3.83326199774042,-2.504251224562734,2,0,4,1,0
-7.169944908832651,-1.9126151467072832,0,0,5,2,1
-7.354848030692246,-1.06738871447706,0,0,4,2,1
7.793336935466328,0.3164251933862401,1,0,8,0,0
6.892909859282295,1.7450660868150585,1,0,2,0,0
9.630647797236968,-0.6716149361450308,1,0,4,0,0
-0.3000287981218683,-0.7571959512553188,2,0,6,1,2
-7.16488802032069,-2.612267544754281,0,0,6,2,1
-3.2343632949629404,-0.0748286098036641,0,0,2,2,1
-7.34692957706341,-0.7054839109131459,0,0,4,2,1
-0.0485380835542494,-2.079696524035473,2,0,5,1,2
-3.406160721692091,3.962545058667671,0,0,1,2,1
-7.386020606174133,-0.636734706527117,0,0,7,2,1
-1.4057488233484028,-2.690120127455473,2,0,5,1,1
-2.2968888823725493,0.9799141365166936,2,0,2,1,1
-4.368723107966449,1.3631799601630217,0,0,2,2,1
2.785008862980174,1.9047677940115189,2,0,1,1,2
16.95494100780131,-0.722802906014866,1,0,6,0,0
-7.411148006672906,0.3940012763973333,0,0,6,2,1
-5.256845206452216,2.5062350848972934,0,0,2,2,1
-3.115889102670031,-0.6070981472472978,0,0,2,2,1
-5.405374487119008,2.8266676278385297,0,0,8,2,1
-6.112757775004513,-1.7461603765745055,0,0,4,2,1
-7.414338668992987,0.0303011643509414,0,0,1,2,1
-1.2374407094261528,-2.148413682210342,2,0,4,1,1
0.8888045535367173,0.6969309437856572,2,0,2,1,2
-1.4389404629160092,-1.2493940025440242,2,0,5,1,1
7.860543625737643,0.0022574714088152,1,0,6,0,0
-4.162766940787813,0.5908985667814584,0,0,6,2,1
-5.081591199922315,-1.7917500693605857,0,0,5,2,1
2.9025196949669887,-1.5358254386149064,2,0,4,1,0
8.23632107698953,-0.5858392160348309,1,0,1,0,0
-1.128239956449578,-0.9300137523997838,2,0,1,1,1
6.052327379970462,2.1886727565035007,1,0,1,0,0
0.4925718467655882,-0.7309695987093308,2,0,4,1,2
-7.264306839878226,0.0551069205377556,0,0,6,2,1
0.8207394949337292,1.1709127776338812,2,0,1,1,2
-3.3491488774827727,0.5859101221745755,0,0,1,2,1
3.6844754137648823,-2.5478754531473693,2,0,4,1,0
-0.9966287453017716,3.545951680248715,2,0,3,1,2
0.6489305057234835,-1.557400482327811,2,0,5,1,2
2.88010086486071,3.2380883729057195,2,0,2,1,2
-5.316350693527724,-2.5806857686676383,0,0,7,2,1
-7.156119449601504,-0.0448075633655942,0,0,1,2,1
13.09187340406412,1.720888488373482,1,0,6,0,0
6.496340148234651,-2.284647531357727,1,0,5,0,0
-3.009522396653818,-2.825464847680869,0,0,6,2,1
-3.0831647107042306,2.2620517508526032,0,0,0,2,1
-7.291811750691412,0.4565012726012294,0,0,2,2,1
2.6266850261727264,1.7953371573130377,2,0,3,1,0
6.862625629696858,1.553364019385067,1,0,1,0,0
-7.417814497842272,-0.2415367166217259,0,0,2,2,1
-5.226970696365289,-2.482039062659652,0,0,6,2,1
-2.299065066312287,-0.3855328929872708,2,0,6,1,1
-3.364745810537445,1.4399271011229788,0,0,1,2,1
6.96160095178759,-4.335554104492928,1,0,4,0,0
2.6220167170935635,-1.768283427858964,2,0,4,1,2
5.8575562849900535,0.8176713442973309,1,0,6,0,0
-5.286095076601554,-1.294095525870505,0,0,6,2,1
1.910594274601701,0.9208514817206428,2,0,2,1,2
-0.2242903524280333,-1.1655458129719265,2,0,4,1,2
7.912528471161544,0.1748836069124371,1,0,6,0,0
10.954542868294356,-1.6156522153895403,1,0,2,0,0
6.704049143921541,1.330032180157127,1,0,2,0,0
-7.411995294013371,0.1579419692257926,0,0,2,2,1
-7.253963967028428,-0.7130966896122688,0,0,2,2,1
-4.105201387842364,2.013096672209103,0,0,8,2,1
-0.3346883716137361,-0.0860717308149361,2,0,1,1,2
0.0616631821291608,-1.5494029208326514,2,0,5,1,2
-6.2803388739007815,0.8920245978921368,0,0,6,2,1
8.069180335440619,0.2429304908257519,1,0,6,0,0
1.6431574962669302,-1.0592125912540469,2,0,4,1,2
-4.235998878657412,-0.2294343020775011,0,0,2,2,1
-5.200650615905237,-0.0859951015342597,0,0,2,2,1
-7.382908923844226,3.686283518015496,0,0,2,2,1
0.9221501124921224,-1.175462921271665,2,0,5,1,2
9.914291822465463,-3.642261853581735,1,0,6,0,0
-7.4271197128372926,-1.1138156756141566,0,0,1,2,1
-6.279853260247876,0.6540388385583982,0,0,2,2,1
-2.1452148663716804,0.9269888190657384,2,0,2,1,1
-4.119813450364369,0.457662823522317,0,0,2,2,1
6.902503944822795,0.5754587943663183,1,0,6,0,0
0.6880432460142005,0.3728466868809938,2,0,1,1,2
5.78978832153028,-0.7839627468208015,1,0,4,0,0
-7.258547573961853,-0.0953292906256422,0,0,6,2,1
-7.407577866249813,0.8972163454759476,0,0,1,2,1
-6.407012344110871,1.795354238458153,0,0,1,2,1
0.659246299498224,0.978922466942735,2,0,2,1,2
-5.372108402603191,-1.4570994405515678,0,0,5,2,1
-6.1028776320915,1.787864698895079,0,0,1,2,1
-3.1497283183025724,-1.1304404145039026,0,0,4,2,1
1.6813346346651468,1.1999893266121715,2,0,6,1,2
-5.062177694691281,-1.1146490737324295,0,0,2,2,1
4.918088654564221,-1.7531047502565282,2,0,6,1,0
-7.315714845042229,0.2172825707547967,0,0,1,2,1
11.19143054582808,2.000904394582488,1,0,1,0,0
6.944499203967565,2.162011584849315,1,0,2,0,0
3.0006457307517724,-1.396146199940668,2,0,5,1,2
-3.0632209300991526,-1.4953580387092142,0,0,2,2,1
14.008161331309363,-2.8179445596678008,1,0,4,0,0
0.93682709733954,-1.165691213392985,2,0,5,1,2
3.620574600906061,-1.2429801091605073,2,0,2,1,0
2.7700629553336764,-0.4978182054398827,2,0,6,1,2
-4.259363678264089,-0.3419690592530884,0,0,6,2,1
-7.277644914608537,0.4417484527346751,0,0,2,2,1
-5.4109895071470575,-1.2738607646882112,0,0,6,2,1
1.7856969964719198,-0.0773863079141317,2,0,1,1,0
-7.322672376593707,-1.964787259417724,0,0,5,2,1
-5.263123762291477,2.735646540850541,0,0,9,2,1
1.4880827344214964,-1.698883366170464,2,0,2,1,2
-3.3349319927237318,-0.5970392438808423,0,0,7,2,1
-7.150551505112306,-1.138077035840504,0,0,4,2,1
-2.3040510025045213,-1.7922556835808248,2,0,6,1,1
0.6591382067035543,-2.206473121370804,2,0,4,1,2
-2.233091668818745,-1.8255317626444636,2,0,4,1,1
0.5882125919017147,0.4700429308126534,2,0,6,1,2
12.051075707940434,-0.7904654769842212,1,0,6,0,0
-4.2445139707347534,1.883734925961067,0,0,8,2,1
-0.4538206385887733,-0.3900385597962961,2,0,2,1,2
5.958187021510129,2.6606599472316748,1,0,2,0,0
-7.286648574613154,-0.0576281419546385,0,0,7,2,1
-3.1660728151244824,1.9442290327757568,0,0,8,2,1
10.06464910838014,3.963022554690685,1,0,6,0,0
-7.344291796980831,-1.921540774315244,0,0,6,2,1
-7.339330999889515,-0.7131904318686999,0,0,5,2,1
-6.185735490883352,-1.8555703056037176,0,0,5,2,1
3.819594141604048,1.908110688899044,2,0,2,1,0
-5.403340661707384,3.4382798016355056,0,0,3,2,1
12.91531626899706,-0.5701649799794766,1,0,2,0,0
-7.417329073322759,-0.1985626028053122,0,0,8,2,1
5.857313709479083,1.6325978449547858,1,0,2,0,0
-2.1483664530590154,-0.0689938328143764,2,0,6,1,1
-7.071725672467376,1.1283446814949336,0,0,2,2,1
1.7048850035912615,0.3319209932859892,2,0,2,1,2
4.684720323118658,1.5701615146616348,2,0,1,1,0
-4.338523210446706,3.710849967593147,0,0,2,2,1
-2.167925425274479,0.5207311877352852,2,0,2,1,1
-2.4861715455679576,-2.6652336073553085,2,0,4,2,1
-6.172095720042557,1.808400084361704,0,0,2,2,1
18.82272769439804,0.5709358013243668,1,0,2,0,0
-7.322470500287469,0.2491581574922938,0,0,1,2,1
-7.3454032095341155,0.3588309012800352,0,0,1,2,1
0.5706871955082136,0.0765288199169109,2,0,8,1,2
14.372881113034529,1.6525408947409894,1,0,8,0,0
3.7486849931352175,-0.98221476461711,2,0,5,1,0
-7.411229843015019,0.1248407728029947,0,0,6,2,1
-7.230080412612451,1.1999462088600683,0,0,2,2,1
0.6789971624699511,2.4666576102607114,2,0,6,1,2
-7.282750253598486,3.7362491508741074,0,0,8,2,1
-1.2338393284460762,-3.342137888487516,2,0,4,1,1
-7.410527387275365,0.4815911461695186,0,0,8,2,1
-4.067014572590144,2.457154539284048,0,0,8,2,1
6.114281885096162,-0.3171115505970179,1,0,5,0,0
0.88240773067451,1.562236214835882,2,0,2,1,2
-7.194596586301264,-2.529879074720894,0,0,5,2,1
6.930658421008882,-3.0387295036038635,1,0,4,0,0
-4.31303545907609,0.3586110570787952,0,0,6,2,1
9.878240462939818,-1.8325367682475604,1,0,4,0,0
-7.285838880212718,-1.4806937707522216,0,0,8,2,1
0.9109684966273974,0.9991272215658888,2,0,8,1,2
-7.277966705648167,1.0354791094190894,0,0,6,2,1
11.89676464819356,-0.6820852984236685,1,0,6,0,0
-5.457032111452718,-2.7325687582421265,0,0,7,2,1
6.710839246776953,-0.4524676249611394,1,0,4,0,0
-7.272854816308786,-1.0070530381241911,0,0,2,2,1
-6.365985317047649,1.870764164773448,0,0,9,2,1
-0.3507683285425251,-1.597687191237385,2,0,7,1,2
11.054891231297102,0.3278370015363201,1,0,6,0,0
-2.2210044848666897,-2.72680904927238,2,0,6,1,1
-2.254650026792503,0.920538137974459,2,0,2,1,2
-7.41389041710359,-0.9723275709845728,0,0,8,2,1
-3.2344197101796426,-2.846436188913956,0,0,6,2,1
0.8904910766399023,-1.1203237281354188,2,0,5,1,2
-7.362488063958294,-1.8685176444158305,0,0,6,2,1
-2.355230157241844,-0.5240199017053011,2,0,1,1,2
-0.9879823948638622,-1.5645237997412504,2,0,6,1,1
-7.1961351965734925,3.330801721849007,0,0,1,2,1
-7.361265495149637,-0.060662812756004,0,0,2,2,1
0.8580438930422485,-1.837793998755108,2,0,5,1,2
5.954062288678788,-0.2212695867943468,1,0,6,0,0
4.852732259041337,-1.3265614404308532,2,0,6,1,0
2.7606836884093937,-2.256767320998411,2,0,4,1,0
3.749882991447482,-0.4753679571088727,2,0,4,1,0
-1.150601780387472,0.437500368925968,2,0,8,1,2
-4.302717434925144,1.50273376039859,0,0,1,2,1
-7.326339593224313,1.9202948843685124,0,0,8,2,1
-7.338369150503155,1.1434896902506182,0,0,6,2,1
-3.15746058341848,0.1836710171990074,0,0,2,2,1
-7.0976614747155935,2.3990853055512527,0,0,2,2,1
-6.333069128178991,2.6794106726846247,0,0,6,2,1
-4.4545548090113645,-1.1807966691811285,0,0,5,2,1
9.91937634842495,-0.3570276859284833,1,0,5,0,0
6.844841905216784,2.4373022952166346,1,0,9,0,0
-6.133004158275529,1.6171480493266186,0,0,2,2,1
-0.4117276413521074,-0.2681145589401716,2,0,8,1,2
-7.280834067604199,-1.3274640065364212,0,0,4,2,1
8.6844430470594,-1.7148185989955798,1,0,5,0,0
10.876261436151484,-1.138272476955995,1,0,4,0,0
-7.30043424209087,-2.9196240935962523,0,0,4,2,1
-5.197698591831911,2.248237499883279,0,0,2,2,1
10.77748871234655,1.6673672942647797,1,0,6,0,0
-0.3991882422631914,1.0495949251137748,2,0,1,1,2
6.0005764813143685,-3.1184024577014275,1,0,4,0,0
-2.0292692300676736,1.6601260957565906,2,0,1,1,1
3.70695011596254,1.204131044961391,2,0,2,1,0
1.582286861050248,-2.1139489775665035,2,0,4,1,2
3.913001264535417,-1.5354973816951445,2,0,6,1,0
-4.3216802014974505,-1.0407287431650163,0,0,6,2,1
-7.417137961089,-0.3188027517290286,0,0,2,2,1
-3.3182904905194426,-1.125413672168104,0,0,5,2,1
5.7856414910765945,-2.2444523469593447,1,0,5,0,0
3.829753688437595,-0.5799433078545673,2,0,6,1,0
-7.376028931265005,1.8501231789099013,0,0,6,2,1
12.679680376868555,-2.2226943460672253,1,0,5,0,0
-4.345151028538256,-3.968205741349481,0,0,5,2,1
0.0494178521745309,2.45451843769959,2,0,1,1,2
8.96612059349549,0.4137547853804277,1,0,4,0,0
-7.367854451014326,2.2654218721325434,0,0,2,2,1
3.9134115464979216,0.2513705352588427,2,0,2,1,0
-0.2369079195285106,-0.640423096291791,2,0,6,1,2
1.8308090304308244,3.01418832955565,2,0,6,1,2
-0.1409292096478163,-3.190938735922749,2,0,4,1,2
8.21669299603986,-0.1750348907828987,1,0,8,0,0
-2.2581307962657826,0.1410101178269776,2,0,6,1,2
6.010098427301113,3.0376035936620425,1,0,2,0,0
4.993176700699173,3.519140289533396,2,0,9,1,0
-6.361982554927534,-0.2507786386862145,0,0,2,2,1
2.9089040040435794,-0.9504572125380096,2,0,4,1,2
0.6717828318420329,1.6560638094962727,2,0,8,1,2
-1.328035352496137,0.2970321912849378,2,0,6,1,2
0.060456634881211,-1.862606507904536,2,0,7,1,1
-4.238555728269574,1.572249290316055,0,0,1,2,1
-7.418870797396948,-2.921983306883511,0,0,4,2,1
1.7011586383862909,1.2794834631341137,2,0,2,1,2
-0.3159972105827808,1.9482035347237583,2,0,2,1,2
-3.2584737433172406,0.6313343925986845,0,0,2,2,1
-4.341981063027671,3.5120044445833263,0,0,1,2,1
3.6456116833155514,0.631212274580403,2,0,6,1,0
4.741494406872025,-1.4226765794621783,2,0,4,1,0
-7.203036536952361,0.8011446495270054,0,0,1,2,1
3.943076118608856,1.5847795390206991,2,0,8,1,0
4.981997322403132,2.978977324026652,2,0,9,1,0
1.9385845642634525,1.533057758039439,2,0,2,1,2
-4.117967687884982,-1.4238010490537187,0,0,6,2,1
1.5361843061369242,-3.4521873304940467,2,0,4,1,2
-0.3091839895385808,0.516701855072752,2,0,1,1,2
1.7766734092757268,1.2281734140348268,2,0,1,1,0
2.842945251224496,-1.5579363713660026,2,0,4,1,2
5.664183716451989,1.6100106856425302,1,0,2,0,0
-3.146820345386245,0.640634166478363,0,0,1,2,1
9.822073047342286,1.77892212767487,1,0,2,0,0
-7.257110518055248,1.1185373771253713,0,0,2,2,1
-1.328697919861927,-0.0561568849020397,2,0,2,1,2
-0.4902305026535902,-0.2362847913378121,2,0,4,1,2
-7.405186265537768,-0.1771207023290948,0,0,2,2,1
-6.379101529991396,-0.2253091585657367,0,0,2,2,1
4.935454295924133,0.4989380992573307,2,0,6,1,0
3.509027318723559,-0.1292731635864519,2,0,6,1,0
-1.406894805797296,0.3432361005134949,2,0,1,1,2
-7.296762637329161,0.4806592167401624,0,0,6,2,1
13.12781656261993,2.319443424299354,1,0,2,0,0
1.65128084365797,1.5116989256932798,2,0,8,1,2
-0.3921715308469915,-1.1677187649609908,2,0,6,1,2
18.10648531790019,0.604370105191081,1,0,6,0,0
-7.355320655037231,-0.9180842475938904,0,0,4,2,1
-3.235250085713356,0.7543436073655534,0,0,6,2,1
-7.379929900505547,-0.723697539304625,0,0,6,2,1
-1.24274800074358,1.1419557913528409,2,0,2,1,2
22.99840231774977,1.472172736852155,1,0,8,0,0
2.001907429938964,-1.7092620073553135,2,0,6,1,0
0.8532007423374743,-2.623894307903944,2,0,4,1,2
6.829217082539623,-0.8252124579671605,1,0,8,0,0
1.881902958468208,-0.1658442987837576,2,0,5,1,2
-3.0506323536703324,0.4732831030100781,0,0,2,2,1
-1.2656474754722202,-1.923894206899574,2,0,1,1,2
8.75156363551487,-1.061792583508408,1,0,5,0,0
-3.3607597090634087,-0.5211686740694557,0,0,7,2,1
-6.291540399055405,-3.5206468594918894,0,0,7,2,1
17.781363643166678,-1.9601959515988625,1,0,6,0,0
9.88547674702146,-0.2353770718980175,1,0,2,0,0
-6.349849124384425,-2.276539256489845,0,0,5,2,1
6.710286820167353,-0.970952604829233,1,0,6,0,0
-1.3355653135416086,-0.1954081553563145,2,0,7,1,2
-4.2036312356166725,1.1990890484735752,0,0,6,2,1
10.94859697690132,-2.3678737308729345,1,0,8,0,0
-7.20477933204756,-2.391223723781487,0,0,4,2,1
-2.1859462500679765,-1.1356821781995226,2,0,4,1,1
-4.315516540894765,2.547929275745276,0,0,6,2,1
1.7776323125834832,-1.8891680950434824,2,0,5,1,2
-2.39259226851892,1.5160757671906095,2,0,2,1,1
-7.2866026487644575,1.702433757801519,0,0,8,2,1
9.726227691649566,-0.6153253479994347,1,0,4,0,0
-7.392999736087476,2.455734095411247,0,0,2,2,1
19.09357432697557,0.514639652989231,1,0,6,0,0
2.734501176775177,1.8923822012082607,2,0,6,1,0
1.7807657980777378,-2.480519498652474,2,0,4,1,2
11.824303099292788,-4.289075896090525,1,0,5,0,0
-7.332175611312974,1.5909261192571609,0,0,2,2,1
1.8627861427609047,-0.3287101247036501,2,0,6,1,2
-0.1205966283875339,0.2411866453880327,2,0,2,1,2
-3.0705785604310893,-2.779914197056541,0,0,4,2,1
-1.435274962917453,0.3049088854568418,2,0,2,1,2
-7.223241447451218,-2.8549207453471235,0,0,7,2,1
10.87886360749352,1.8984434254260223,1,0,6,0,0
1.962961689895618,0.3469644227413266,2,0,6,1,2
-2.1648994259210568,-0.4716755654132658,2,0,4,1,1
5.789964036146129,2.8772259779532825,1,0,3,0,0
7.7816833203218145,-2.1225137271574868,1,0,6,0,0
3.714781382973548,2.440400654401506,2,0,3,1,0
6.848893540836237,3.1400410395025564,1,0,1,0,0
-1.0006335257246146,0.5492293280313829,2,0,1,1,2
-6.084244257365468,1.220874555876514,0,0,6,2,1
4.9666693153735935,0.5334296423641498,2,0,2,1,0
-4.4519624054778255,-1.0286270313361006,0,0,6,2,1
-7.39877283662466,1.609325977174712,0,0,6,2,1
-7.402055732521698,1.1165860515120456,0,0,1,2,1
0.816522655405187,-1.9256803223304195,2,0,6,1,2
6.734146276777809,1.3110717767275006,1,0,6,0,0
0.666869748951898,0.8507208752390181,2,0,1,1,2
-3.313058795555144,-2.382014889772445,0,0,5,2,1
-3.1372022359962743,2.4787903581761364,0,0,6,2,1
5.724336336248902,0.2849105002415255,1,0,2,0,0
5.908539681592604,-1.4365345447722992,1,0,6,0,0
11.752675573242836,4.95712390519159,1,0,1,0,0
4.883279946086068,-0.4908248689653698,2,0,4,1,0
0.754096555809685,0.2978732987424441,2,0,2,1,2
-6.217696729226741,-0.1101817697885718,0,0,6,2,1
2.73624986414098,0.1390658295202018,2,0,6,1,0
-4.014646699774309,0.7112537406377286,0,0,2,2,1
-3.1663778069515605,5.165592075672063,0,0,1,2,1
2.885454757050862,0.8215604285544633,2,0,2,1,2
-6.158806685999128,-2.353802155494312,0,0,5,2,1
-7.246204665500668,-2.886644056797548,0,0,4,2,1
-3.2956466080571483,-0.6930873416873742,0,0,6,2,1
5.815330511997967,2.6461191205583146,1,0,8,0,0
6.690574654748723,0.4510855950368304,1,0,4,0,0
3.881420931350343,2.689031830049467,2,0,2,1,0
1.5755156153266867,1.4253883271378274,2,0,2,1,2
-0.2518552052192522,-1.162836936614536,2,0,6,1,1
-7.372452583074567,-0.94717460121875,0,0,5,2,1
-1.1397449142453278,0.2751018825277609,2,0,2,1,2
9.674016732850768,0.5974313821333963,1,0,6,0,0
-7.397240928128072,1.7680361783635823,0,0,8,2,1
3.7068146788485112,-1.405602715131817,2,0,6,1,0
1.5621444442728567,-0.8207497866887754,2,0,8,1,2
-5.026183055017004,1.5897866965893763,0,0,8,2,1
0.7262649436732129,0.6811846386970197,2,0,1,1,2
-5.4063238967857385,-1.272427530240951,0,0,6,2,1
3.7142308582460615,-2.628579095557723,2,0,4,1,0
7.601578348876719,0.0165471189020887,1,0,1,0,0
-3.414057643160587,1.18632974547597,0,0,2,2,1
-4.210733482385832,1.5691162223514603,0,0,1,2,1
15.061405730485813,0.7041459597056683,1,0,1,0,0
-7.281729130804178,2.1691183216145693,0,0,6,2,1
-0.1405924702964283,1.6219179848790528,2,0,6,1,2
-7.193551836451638,-0.7505533862279352,0,0,5,2,1
3.807173869886888,-1.7029484413054734,2,0,4,1,0
3.760986217459852,-1.7848479863961444,2,0,6,1,0
6.942797383635741,-2.9505546565013736,1,0,5,0,0
10.028847987979276,1.421811415548762,1,0,2,0,0
-4.354602989313827,-2.1542440324608427,0,0,6,2,1
-1.064810963309851,-1.969049756343637,2,0,4,1,1
20.810343516236813,2.8126713264973096,1,0,2,0,0
-7.136694460037966,1.5014698927687595,0,0,2,2,1
-6.356149620333875,1.0147964922572066,0,0,6,2,1
4.79370010360933,1.122007788620368,2,0,2,1,0
6.7594352122715,-0.1841278073489776,1,0,2,0,0
-7.197279500536333,-0.5845179656490693,0,0,6,2,1
5.048946108384037,-0.5593988818486613,2,0,2,1,0
5.68320551468023,-2.4531124883637374,1,0,4,0,0
0.9684101110220472,0.4320748856102701,2,0,1,1,2
7.826510965685648,0.9200758693985708,1,0,6,0,0
-2.467607883576271,0.0498636298025458,2,0,6,2,1
-7.18039351533627,0.1536519594958947,0,0,1,2,1
1.655173278322522,-1.702008924052093,2,0,6,1,2
13.68347547220353,-1.160328577415638,1,0,6,0,0
-7.253751352836739,0.1723840214103575,0,0,8,2,1
5.982512816912383,-2.309080159790893,1,0,5,0,0
-3.2798282045438456,-2.0421871808741496,0,0,5,2,1
8.768038017126614,-0.2722333494060334,1,0,1,0,0
-6.966258225808087,0.1878063419228048,0,0,2,2,1
11.181500777486765,1.539981852941748,1,0,2,0,0
1.58484333676026,-2.162358697608166,2,0,5,1,2
11.830880219402594,2.0284518159803206,1,0,2,0,0
3.946230896783119,-0.7711648359406389,2,0,5,1,0
3.8801496630990737,0.8552833575671226,2,0,6,1,0
11.691773756055994,2.2255935487842247,1,0,1,0,0
-0.1487982780662742,-0.259645723420256,2,0,5,1,2
-1.1142208314382902,3.840003012067576,2,0,3,1,2
-1.2603475025831852,2.5175034277976933,2,0,6,1,2
-7.425089619696363,-1.223988338082059,0,0,2,2,1
5.916820692935374,-0.2251399383334167,1,0,6,0,0
-7.404307785879732,-1.2596313479223615,0,0,6,2,1
2.9097190113779767,-0.6843649124432465,2,0,7,1,2
-4.310255232817795,0.3249504921121731,0,0,1,2,1
-7.352795300717102,-0.9749615112862924,0,0,6,2,1
-7.384323537166195,1.2161388775498936,0,0,2,2,1
2.781930309469871,1.4096000723542028,2,0,2,1,2
-1.3229273437913784,-2.1945248938702537,2,0,4,1,1
-0.1563082504744022,2.059335078457812,2,0,2,1,2
-3.0678808026513966,0.4925121576283424,0,0,6,2,1
12.28158528901984,-0.9611650392946344,1,0,6,0,0
4.674790771310953,1.669161258480226,2,0,2,1,0
-6.338551303380766,2.3565720939536257,0,0,2,2,1
-7.420926382247637,-0.6687071527713804,0,0,6,2,1
-6.280619412346578,1.1721755857758307,0,0,2,2,1
-0.2499593052208206,-1.9619785054827823,2,0,4,1,2
-5.420083028232342,1.899784388690041,0,0,9,2,1
-4.349049338674789,0.5664275788869824,0,0,1,2,1
-7.400444430865136,1.3820858561370426,0,0,1,2,1
-5.096792461406022,2.830842942829807,0,0,1,2,1
-7.231927543168318,-2.933994810487693,0,0,4,2,1
-5.037785346292537,-0.4020023612700161,0,0,6,2,1
-2.22082460789376,-0.20907372965253,2,0,2,1,1
8.617850443049797,2.5760222072582413,1,0,6,0,0
8.737537875591293,3.0308498321920205,1,0,2,0,0
8.829328918048748,-3.25414863003442,1,0,4,0,0
-7.257547089113102,0.8117595497204979,0,0,5,2,1
-5.273226951938367,-1.630004883894237,0,0,4,2,1
3.9403790079994856,0.6210134068036068,2,0,8,1,0
-7.401626646172292,-2.7533127924804406,0,0,6,2,1
-7.440113820400882,-2.674983658556055,0,0,5,2,1
4.690791426333615,0.130016312037505,2,0,2,1,0
1.656463070338427,2.0747004724951057,2,0,2,1,0
-5.369190557645206,0.3472992757776496,0,0,2,2,1
-5.243667796649256,1.8425691573172096,0,0,2,2,1
4.789763704391662,-0.3821923039883648,2,0,6,1,0
8.830385494476259,0.7302182078667383,1,0,2,0,0
-7.148767285379953,-2.425372819838145,0,0,5,2,1
-7.406985027806975,0.8633512472732621,0,0,2,2,1
-5.424315159350449,-2.61829327975122,0,0,4,2,1
2.8027305800499214,-0.2028535065485952,2,0,6,1,2
4.914546280943037,1.1887362643012631,2,0,6,1,0
-3.4719596176913523,-1.6201775455657152,0,0,8,2,1
-7.297365434088645,0.1128393113369936,0,0,8,2,1
14.987979018906604,-2.9519681165868388,1,0,7,0,0
-7.3160252718070655,-0.7001002970193662,0,0,4,2,1
10.81295024905754,-2.147441765885115,1,0,4,0,0
-6.316384779051006,2.905235202987676,0,0,6,2,1
-0.3265278054740461,0.5085120973381105,2,0,2,1,2
9.979949555964255,1.088512531241102,1,0,0,0,0
6.955410288532526,-1.677464331036595,1,0,1,0,0
3.928691188188633,-2.3806433922646337,2,0,4,1,0
10.76794363644174,1.0437748429915694,1,0,6,0,0
-7.405762785546393,0.8183547182277935,0,0,2,2,1
6.617335858353478,0.250903096901645,1,0,6,0,0
-7.330049988483552,-2.2705499158091222,0,0,6,2,1
-7.405067481615962,0.9410939129113184,0,0,2,2,1
-7.098906700062415,-0.874699559071235,0,0,4,2,1
0.8102768262343822,1.0244878266087158,2,0,2,1,2
-4.249435830492615,0.7008666521068982,0,0,2,2,1
1.9488869559164657,-0.1881733947870025,2,0,1,1,2
3.7335201585126327,0.7910947859608024,2,0,2,1,0
-7.301469043386945,0.9154108561588838,0,0,6,2,1
2.7772727561540265,-0.767267354984758,2,0,2,1,0
7.831876105359136,0.1452490920376665,1,0,8,0,0
6.085055675193665,0.1469418881205504,1,0,8,0,0
-7.092884336533492,-0.4528803910881134,0,0,6,2,1
5.701231786334832,-2.2481089161001826,1,0,4,0,0
1.9695584092668292,0.2599151680068043,2,0,8,1,2
-4.2908859227473055,-2.4309317768551453,0,0,6,2,1
16.858860190002403,0.5475928902414546,1,0,2,0,0
-7.199579309069367,-4.057419538978808,0,0,5,2,1
-7.323893484524624,-0.35005446218767,0,0,1,2,1
-5.074406004731378,-1.522753792807107,0,0,4,2,1
-3.3056372572098947,-1.3272355072160686,0,0,7,2,1
-6.165219796940898,3.8417493692543863,0,0,1,2,1
-5.377449660969977,1.240170466946139,0,0,6,2,1
-6.255033058480684,-2.530960444186896,0,0,4,2,1
-7.431946432473569,-1.3181717427883624,0,0,6,2,1
-0.2602933303961841,0.5535985609605651,2,0,1,1,2
-1.3297932981646978,1.9275803604603268,2,0,2,1,2
0.7981784849015137,0.6152868226197601,2,0,6,1,2
-5.204951309792828,1.9386619841370032,0,0,1,2,1
-0.0517813016524426,-3.0635195863611906,2,0,6,1,2
-2.1563607418081965,1.6722768921719608,2,0,1,1,2
-7.431193609809951,-1.6895640324059251,0,0,2,2,1
0.0129904251779953,3.093510563028787,2,0,0,1,2
-1.2275468821215618,1.6740966112310622,2,0,2,1,2
-7.17458104224157,2.0615003200712505,0,0,2,2,1
-7.399178025924279,-0.0131213633648248,0,0,1,2,1
-3.384091933688836,0.6399052401249157,0,0,6,2,1
9.879913842497306,0.3515312793607816,1,0,8,0,0
-7.254305860213912,2.22556923623011,0,0,6,2,1
-2.935460458990573,-1.4743917604890544,0,0,4,2,1
-2.398898523982512,1.7763198827251243,2,0,6,1,1
8.253945199550706,1.7073899269766917,1,0,1,0,0
-5.358444695047847,0.8876389612241842,0,0,1,2,1
-0.3410833710479597,1.828746968088744,2,0,1,1,2
10.728748019065613,0.149129378510977,1,0,6,0,0
-1.3768908095554364,-0.2285007508135188,2,0,6,1,2
-2.4456483588157525,-0.7992959546805609,2,0,4,1,1
-5.251692915864972,0.4009225195873585,0,0,1,2,1
-7.080463078028292,-0.2931427833096585,0,0,1,2,1
-4.259508795517744,-0.7562856634125033,0,0,6,2,1
0.8627106364814079,-1.7862217661633284,2,0,1,1,2
9.916988874840058,2.029019496459385,1,0,2,0,0
1.6931015458639909,0.2008771344403541,2,0,2,1,2
2.9878932044119253,1.8005335661363993,2,0,1,1,0
1.7011434043267908,0.0488036619880802,2,0,2,1,2
3.698219982610061,0.841201397288506,2,0,6,1,0
-5.339498778811498,-2.683808330388421,0,0,5,2,1
-4.401877269124349,-1.190469118114332,0,0,2,2,1
-2.013556615115625,2.863689261365963,2,0,1,1,2
6.853623383399583,-0.2503755890779104,1,0,2,0,0
-6.063124610990569,2.003573439510529,0,0,1,2,1
-7.059202932708176,0.599519282629053,0,0,8,2,1
-2.07802604889714,-0.5956632811938551,2,0,4,1,1
-5.2557378823270495,2.7503598188027536,0,0,1,2,1
1.726033131026762,-0.6427520731950365,2,0,1,1,2
-0.1417270984787899,0.896640625719435,2,0,6,1,2
-7.365668796478323,1.4151306618096529,0,0,2,2,1
-0.0957197852950759,-2.809622153138152,2,0,4,1,2
-7.433675079069915,-1.9955914802320365,0,0,4,2,1
7.96014987337359,1.274734058392939,1,0,6,0,0
-6.214588952296023,-3.8358893787377952,0,0,4,2,1
-2.309959488471849,-2.6921962716072394,2,0,6,1,1
3.886944467804241,-0.4887392880664862,2,0,8,1,0
-7.336659819730806,-2.262163338834548,0,0,4,2,1
-7.176280291315048,-2.5670249109622576,0,0,4,2,1
-2.080023694495086,-1.0153176640638766,2,0,5,1,1
-7.36794049065398,-1.7379187114892638,0,0,4,2,1
11.203661741264003,-1.8657875353383475,1,0,5,0,0
0.0649242702540853,-2.337066053006292,2,0,4,1,2
9.013535867650964,1.952601707254887,1,0,6,0,0
-0.2722375015244003,3.1643985940849237,2,0,1,1,2
-7.425760291312322,-0.8190599933967588,0,0,2,2,1
-6.289557265386491,0.9766493876653652,0,0,2,2,1
1.9353058565700088,0.1331249604337561,2,0,2,1,2
0.8430739653723478,-2.885509361188557,2,0,4,1,2
-2.2367311147350835,0.0148306089369265,2,0,5,1,1
-3.247343345883579,1.5467793246980102,0,0,6,2,1
-4.3795223003738295,0.0301599674601771,0,0,6,2,1
7.862457587744572,1.071677244835178,1,0,1,0,0
1.9785392417431409,3.3030279049421343,2,0,1,1,2
5.868730383369707,-2.1419723156440704,1,0,4,0,0
3.678582392426293,-2.8773941702547967,2,0,5,1,0
-7.224576630066726,2.5192333578616464,0,0,6,2,1
-1.093653244550998,2.531732671075139,2,0,1,1,2
-6.095080960275148,2.373047622493196,0,0,1,2,1
-2.8891248787375927,-1.656702882740238,0,0,6,2,1
-0.2255968554597167,0.0853278837212916,2,0,2,1,2
0.7098646093610483,-1.2237938893659115,2,0,7,1,2
-7.203119246966288,-3.047604634066653,0,0,5,2,1
-7.314871253204341,0.4340255599088918,0,0,8,2,1
-1.1922241484249128,1.8884792237122243,2,0,3,1,2
-7.260815560562579,-0.1325550370531498,0,0,2,2,1
-6.225573145549889,2.126203611813844,0,0,2,2,1
2.7266111063074074,2.91382802836069,2,0,0,1,0
2.54149647846584,-2.080957055835236,2,0,5,1,2
-2.300097372349035,1.7426208131381895,2,0,6,1,1
-6.089329822241906,-2.9547307567577565,0,0,6,2,1
-3.005255001278483,-0.2253796556185361,0,0,1,2,1
5.765348875540411,1.777602504019678,1,0,1,0,0
-1.3747745329582155,2.860358168450323,2,0,6,1,2
6.944168915245321,1.1628386165800624,1,0,1,0,0
-7.222271167903842,-0.2620965540745508,0,0,1,2,1
-4.261002143667897,-0.4534789997040997,0,0,6,2,1
-7.391177361007922,2.831603983023557,0,0,1,2,1
10.169753876460272,2.508163769078616,1,0,2,0,0
3.547824254853328,-0.8804764412014574,2,0,1,1,0
4.789868251829054,1.2406013963786102,2,0,1,1,0
6.7988671924932245,-2.4265791507494843,1,0,5,0,0
0.6509775212029982,0.0131202687444496,2,0,6,1,2
-7.38090505712761,-1.4351514785264603,0,0,7,2,1
3.827844705650838,-1.4366443533287772,2,0,6,1,0
-3.310954353111629,-0.6756704149612482,0,0,6,2,1
0.5432487930398553,-1.8293634589372012,2,0,5,1,2
0.9858786927742962,-2.2499191277513435,2,0,7,1,2
6.781914414739353,-2.6448747102586023,1,0,4,0,0
-5.128146980047147,1.65097948242807,0,0,6,2,1
-7.175732005930969,-0.9991855120749789,0,0,4,2,1
-3.1953232603366364,0.3799503078289077,0,0,1,2,1
7.874919564249028,0.8073406747135778,1,0,6,0,0
1.0324647510418057,-2.5199481662594105,2,0,2,1,2
-1.9829506457935944,-0.7651230088606173,2,0,1,1,1
3.737090042993765,-0.0801611113414968,2,0,1,1,2
9.585089679068602,-2.026226223907201,1,0,5,0,0
-1.47444977051424,0.7509832796011087,2,0,6,1,1
-7.251809169930761,-1.7528747745905728,0,0,4,2,1
4.892832362440382,0.449573301858257,2,0,8,1,0
-7.343868898246732,-0.5016087669128715,0,0,6,2,1
-4.145780536861638,1.67054078148089,0,0,2,2,1
-3.923538835816622,2.521855280593813,0,0,1,2,1
7.766897073584669,-1.4457385414513038,1,0,4,0,0
3.9477545906771567,-3.1154634942740373,2,0,5,1,0
-2.201151244217648,-3.486404056423379,2,0,4,1,1
-7.345728709587915,-0.4435913349204772,0,0,2,2,1
2.649250562594304,0.389365533539098,2,0,6,1,0
-5.421016631660788,1.3789907130881232,0,0,8,2,1
7.006301842516029,-2.900796874920632,1,0,4,0,0
7.64353587720535,-0.4547918945086187,1,0,4,0,0
15.022570436188936,0.3458378146128873,1,0,6,0,0
-7.076115786853374,1.742273178779937,0,0,6,2,1
9.699425344487828,2.322985436635389,1,0,2,0,0
6.911864386610285,2.1700791360508727,1,0,2,0,0
-1.2489541231091357,0.4490170898377963,2,0,5,1,2
1.599035975802126,-3.769067881358916,2,0,5,1,2
-7.2547062461213265,1.483919793752535,0,0,2,2,1
0.8030982157075037,1.6698407483471125,2,0,1,1,2
-3.413590907076153,-3.187663543232224,0,0,6,2,1
4.031352890957889,0.9489494576621283,2,0,2,1,0
11.672251919151517,-1.0358007065146242,1,0,2,0,0
6.006588145572112,-0.4370430883980563,1,0,2,0,0
7.856889318579578,0.4778404075090194,1,0,2,0,0
0.6777191221514745,-0.4107786521159158,2,0,1,1,2
-6.349000312982863,0.9970294563509232,0,0,2,2,1
-5.343168350764537,0.7064980107395833,0,0,1,2,1
-0.0387230094489581,1.070160585046712,2,0,6,1,2
0.6619515740375155,-3.637848277445835,2,0,5,1,2
3.9839396388758512,2.0847257879777508,2,0,2,1,0
-5.340730947765879,0.4658017389425062,0,0,5,2,1
1.8068056849186915,-0.2545492277932579,2,0,4,1,2
-0.0887041921171247,-0.1549601038304309,2,0,8,1,2
0.7680176307845423,-3.18503935871646,2,0,6,1,2
1.711995577427114,1.174359765074989,2,0,2,1,2
1.6140065427041108,-3.9000427042882393,2,0,4,1,2
2.798126059188437,-1.0211511793088417,2,0,2,1,0
2.985716344359524,0.21619858614405,2,0,6,1,0
-1.1761875214858302,2.0412045984857747,2,0,1,1,2
-7.367425836529744,-2.194909256983772,0,0,1,2,1
-2.044606658997787,-3.8901011680549713,2,0,6,1,1
-1.216733851135582,-0.4030425289280477,2,0,2,1,2
10.076450369383394,-0.6077268246373337,1,0,4,0,0
-5.1850047696129264,2.0996475952871285,0,0,6,2,1
-7.3671948974975185,-2.4468070518798086,0,0,4,2,1
2.742233072866732,1.427174603191561,2,0,6,1,2
7.67962669058468,-0.0786440524788258,1,0,2,0,0
11.012236845564043,2.170719713066395,1,0,9,0,0
-3.1836592363264966,-1.8378601469984304,0,0,2,2,1
5.90483483832595,-1.6786069598571356,1,0,2,0,0
-7.269614676481893,3.0174983433319107,0,0,3,2,1
2.7513264681740885,0.0213937166107092,2,0,4,1,0
2.836565412212753,-1.2218161878437606,2,0,6,1,0
1.0340845598757813,-1.85515690983289,2,0,4,1,2
6.101385954816825,-3.1587557581082715,1,0,4,0,0
-7.159419374828123,0.8537885699055505,0,0,1,2,1
-7.396413494422714,0.3337526077168848,0,0,1,2,1
5.148189825529283,4.016221196255676,2,0,9,0,0
13.924966762485916,-3.6676550388542415,1,0,6,0,0
-1.258693645603202,0.716917824580436,2,0,2,1,1
3.605438072514621,-0.5772903777194869,2,0,1,1,0
-7.383707569444598,3.408091731295198,0,0,6,2,1
-5.056935133611033,0.4179635148580054,0,0,6,2,1
-7.321396745920237,-0.2779574713315091,0,0,1,2,1
-6.224184468127108,-1.501703344406776,0,0,5,2,1
-7.406783629074458,-0.6676492589706442,0,0,4,2,1
2.002719791822459,2.105562808068306,2,0,6,1,2
-4.448886799872893,0.0927471651825344,0,0,8,2,1
-1.0390114711576013,0.3487534974659922,2,0,6,1,2
-7.276348542170006,1.9685759702907129,0,0,2,2,1
-2.122055160048368,0.3188097696251386,2,0,6,1,1
-7.207678574798441,2.9637479962624425,0,0,6,2,1
-2.36317915305178,-0.6591286815972628,2,0,7,1,1
-6.09934810482302,2.2875691063991304,0,0,9,2,1
5.077996500372889,0.7759334452475617,2,0,2,0,0
0.7911030750987074,-4.384649382823989,2,0,6,1,2
14.77623684919163,-2.1034468988327646,1,0,6,0,0
-3.434011302718929,-0.0681962724912628,0,0,6,2,1
-5.360290014979105,-0.563433161304739,0,0,4,2,1
-0.3310350411749096,2.5245267882861806,2,0,3,1,2
-3.143167454078063,2.070423414406404,0,0,1,2,1
-0.48027436273102,0.5495542324967668,2,0,5,1,2
7.564211742939747,1.7339965702290088,1,0,2,0,0
-4.063431415485449,-2.8986623324234904,0,0,5,2,1
5.558043496256824,-1.1449510206767948,1,0,2,0,0
-1.2070150264587527,0.6718947380288363,2,0,6,1,2
-3.244703623662511,2.959633027069428,0,0,2,2,1
7.6832764317427795,2.311491168261606,1,0,1,0,0
6.0778892895422185,0.7843110586834521,1,0,1,0,0
-0.2737269859754816,-0.1223833824020692,2,0,1,1,2
-7.4409053458271215,-3.248866008130776,0,0,4,2,1
-7.403525754128903,1.1035748665625724,0,0,6,2,1
-4.216099468294949,3.853695584448892,0,0,6,2,1
8.919405004354232,0.9894937470798446,1,0,8,0,0
6.665142513850615,-0.6540642189943324,1,0,8,0,0
12.620647601810129,-1.971102265308432,1,0,6,0,0
-5.3190098835379365,-0.1379095429244148,0,0,1,2,1
-3.3319248012206377,2.3105991512502237,0,0,1,2,1
6.758830214481247,-0.9245422977532508,1,0,7,0,0
-2.3018776518998942,0.3562553900026004,2,0,2,1,2
3.985103447817672,0.5399348055112565,2,0,6,1,0
-7.079991251039524,-0.3583843817941812,0,0,1,2,1
-7.099085324963633,0.9014939368415692,0,0,6,2,1
6.960047453474763,1.8391209631608996,1,0,1,0,0
1.8289242116847733,-1.1128510012346726,2,0,7,1,2
-0.0519009348458494,0.3636840044560898,2,0,2,1,2
12.083012985403624,0.9360001367390698,1,0,2,0,0
0.8308301630392636,3.332371214881442,2,0,1,1,2
5.775772397684273,-2.2562960044982323,1,0,6,0,0
10.925716829424328,1.9188954892605603,1,0,6,0,0
2.5232118858953623,-1.9943118094997283,2,0,5,1,2
0.7089755560249813,-3.333130765849198,2,0,4,1,2
-5.262796768587454,1.0303325697543837,0,0,2,2,1
0.8683083447388604,0.5180435767843896,2,0,1,1,2
1.0863234266724966,0.8827477354494948,2,0,6,1,2
-5.365359884471211,0.6515871969403988,0,0,6,2,1
-4.161587024081542,1.9958192302156976,0,0,1,2,1
-7.311316376037946,-0.1269761894830487,0,0,2,2,1
2.7764090204460707,2.590337855557976,2,0,1,1,0
-1.2948860566032376,-2.6759424649724863,2,0,4,1,2
-3.3813144825851027,0.789248533263641,0,0,2,2,1
-1.174685065860224,1.249119414232318,2,0,2,1,2
-4.11143755428729,-1.577617275002233,0,0,1,2,1
0.9364087489908464,-0.0030693725749229,2,0,1,1,2
-7.280809064939775,-0.6739713640835507,0,0,4,2,1
-7.087745745017583,2.234101852754675,0,0,3,2,1
-7.2952302357834,0.9816669389408365,0,0,1,2,1
-7.177929030853649,-1.650629125230786,0,0,4,2,1
-6.343104445053736,3.387782361863092,0,0,3,2,1
-6.217968444342275,1.7145450784239755,0,0,1,2,1
4.864674876333233,0.5694569283321771,2,0,4,1,0
-7.196356661543796,0.2162455735509731,0,0,6,2,1
-5.3049501757660895,3.1073864310945445,0,0,6,2,1
-6.980223588981553,2.6845496465210474,0,0,1,2,1
-5.320774055028292,0.9795155433397688,0,0,6,2,1
4.969220423175059,0.1955793518363835,2,0,2,1,0
-5.403689739936914,-2.65001157478838,0,0,7,2,1
11.078769128407128,1.3576140658831153,1,0,1,0,0
-7.244971518435679,1.5981475907695106,0,0,6,2,1
6.79278760311078,-0.0951810405954187,1,0,6,0,0
1.6138226506934643,0.5651464472147136,2,0,6,1,0
3.841195230906655,1.742492172342727,2,0,2,1,0
-4.28812774987799,-0.5541682699019066,0,0,1,2,1
-2.172879812741746,-0.3424605907301874,2,0,4,1,2
-2.244917039886973,-1.870072095415633,2,0,6,1,1
-6.324552083521414,1.159660206904198,0,0,6,2,1
5.945697007494321,2.195839044235816,1,0,2,0,0
-1.4235855029761275,-1.09985161948177,2,0,5,1,2
4.929672239049349,4.036240720941892,2,0,1,1,0
4.93077764588409,3.5835265013401494,2,0,1,1,0
-7.24603287863297,4.724219246260722,0,0,6,2,1
-7.2614411436946735,0.3746188645632839,0,0,2,2,1
-1.2761461612135865,0.60857717626293,2,0,6,1,2
5.900712193353472,0.4943956455076548,1,0,8,0,0
-1.076357480825945,-1.0896163346255934,2,0,2,1,1
-7.035541298890826,2.415284097359853,0,0,6,2,1
-3.87911107836097,-1.1959975445614286,0,0,2,2,1
-0.1965802187316283,1.879738153973158,2,0,2,1,2
6.819156068852539,0.7857959708796578,1,0,2,0,0
-6.159996688497916,-3.3236943593479915,0,0,6,2,1
-7.311338807691908,-0.3009187999481266,0,0,6,2,1
-1.2017992995193811,-1.954420994342404,2,0,4,1,1
1.0184448574429332,-0.7147097330679715,2,0,6,1,2
7.534639591360813,-0.5286948411755317,1,0,5,0,0
-7.400763315148099,1.8930808094865363,0,0,2,2,1
-1.0451418968813373,-0.490401788315205,2,0,2,1,2
-3.0533945601603456,0.7428638286077476,0,0,2,2,1
-7.349126168168565,-0.3609143387816089,0,0,5,2,1
1.9095121876578836,-0.6883297413619129,2,0,6,1,2
-4.23521484751644,-0.4659604832147981,0,0,8,2,1
9.87426518893055,1.6099371897728778,1,0,2,0,0
7.742640677528069,0.7180350147685215,1,0,1,0,0
1.078146006728275,-0.0098030623507363,2,0,6,1,2
-0.162752659157487,2.3397108856746853,2,0,3,1,2
8.878040177056445,-0.1741907797225605,1,0,6,0,0
-2.2274170652445804,0.1798828714145273,2,0,2,1,1
-4.083508508127285,1.0267966187678348,0,0,6,2,1
-5.259310085006667,2.449419506961507,0,0,2,2,1
3.1760634843705144,1.5464692810066478,2,0,2,1,0
-1.2400255121539052,2.120120611480466,2,0,2,1,2
-1.159519874977364,0.1805971973943245,2,0,2,1,1
2.072480845844076,-3.2195305518880746,2,0,5,1,2
3.872406008401629,-0.1724548744097487,2,0,2,1,0
3.7995003531787344,-1.2807171630230616,2,0,4,1,0
7.728880691107625,-0.2889899641093638,1,0,1,0,0
-7.274403748134302,2.493634008552565,0,0,6,2,1
6.83884894808252,2.1241433902216014,1,0,1,0,0
-0.3706161850866838,-1.709785807666185,2,0,5,1,1
-3.384413398274633,0.2954056167479195,0,0,6,2,1
-7.275934468177683,0.6282454072735222,0,0,2,2,1
-1.959105988009897,-0.7099077412439851,2,0,7,1,1
-6.133576723776244,-2.195307258302272,0,0,4,2,1
-7.417416247721216,-0.4352833535364224,0,0,6,2,1
-1.2898852973290529,0.0619509589009172,2,0,2,1,2
-7.220560398208003,-2.9955935983813875,0,0,5,2,1
3.657816059601688,2.66798455441308,2,0,6,1,0
-7.101703662899608,-2.1484455591044296,0,0,6,2,1
0.0019836165398352,0.6108590218295027,2,0,2,1,2
5.952203705822004,0.4236884957431304,1,0,6,0,0
1.9727852554609535,0.3657094016234321,2,0,2,1,2
-0.0236958736591024,-1.593457845762286,2,0,6,1,1
0.885817144905106,-2.110082287457355,2,0,4,1,2
7.074473856180733,0.6783852206651324,1,0,8,0,0
-5.2018201284341,0.3310336071747186,0,0,2,2,1
-2.332994772858646,-2.9500833055602573,2,0,8,1,1
-0.3628755926040332,2.5462676871153422,2,0,2,1,2
-5.188921879135179,1.0564291356795676,0,0,2,2,1
0.7183165588487173,0.7773144383109947,2,0,6,1,2
-7.41425908733223,-2.373864873673607,0,0,5,2,1
-3.371852514675226,1.8962539367889293,0,0,2,2,1
-1.235964852557946,-1.4862475083994051,2,0,6,1,1
1.7966879949258807,0.5190299287354456,2,0,2,1,2
3.79306371928698,1.460778019096789,2,0,2,1,0
-3.150715384414343,1.050158507651267,0,0,6,2,1
0.6701588816970299,-2.208125815360017,2,0,7,1,2
-7.39635103352468,2.003642159216343,0,0,1,2,1
6.844544072248807,0.5789966538772315,1,0,2,0,0
0.832162054541449,-2.387191269525107,2,0,6,1,2
11.813633574416802,-3.1638826361933883,1,0,6,0,0
6.784553296335318,0.3316710930030186,1,0,2,0,0
-6.215505391462416,-1.8944026101634213,0,0,5,2,1
-2.427833082749295,-0.8587403135618639,2,0,5,1,1
-7.393251345660462,-2.404965506833174,0,0,7,2,1
-6.21588992527114,-1.44133915098265,0,0,4,2,1
-7.307264563593634,0.0708043455302473,0,0,2,2,1
1.8569823694293337,-3.176394570265908,2,0,5,1,2
-7.263639266635797,-0.8324710511072833,0,0,6,2,1
7.730806335839567,3.0148694172887818,1,0,2,0,0
-1.2023835975466897,-1.8171416584080191,2,0,4,1,2
-3.221473307601254,-1.1315658241138216,0,0,2,2,1
16.97370914974147,-2.792025304208158,1,0,7,0,0
-7.314249338941338,-0.0107916595705233,0,0,8,2,1
3.96354624522,-1.6463627027277845,2,0,4,1,0
-7.392995222249493,-1.3416471113347213,0,0,5,2,1
-0.1881515075869924,1.0351292825112113,2,0,6,1,2
-2.4775512817563685,-1.0488473978538326,0,0,6,2,1
2.889936446358803,2.203879628040863,2,0,1,1,2
-5.176541853604202,0.2340376881673171,0,0,2,2,1
8.935028447389033,0.851712914294263,1,0,8,0,0
-7.351788974247774,-0.7000482938834443,0,0,8,2,1
4.8487470112295785,-2.3614178896840765,2,0,4,1,0
-7.381728543626825,1.9308630955307868,0,0,8,2,1
6.7360263988912585,1.973641405302512,1,0,6,0,0
8.75215641412052,0.1604914558985175,1,0,1,0,0
3.561838945664892,-1.4269913761728747,2,0,4,1,0
-6.307830138359423,-2.924869938741441,0,0,4,2,1
-1.10085608184147,0.6105784744068785,2,0,1,1,1
-7.346546695858751,-0.1359822172198659,0,0,2,2,1
-7.170259103164726,-1.02410536893765,0,0,4,2,1
-2.3227694709268203,0.1778182593170352,2,0,6,1,1
0.7679909102029034,0.6956805421680126,2,0,1,1,2
11.951759120372788,-2.872063554848825,1,0,4,0,0
-7.03748005759294,-0.2579749914665692,0,0,1,2,1
6.8279891668736,3.416005502220044,1,0,1,0,0
-0.2345838035576601,-1.554781451280629,2,0,7,1,2
2.599433562122506,1.9092462015979224,2,0,6,1,0
6.042944508154831,-0.9360074955747222,1,0,6,0,0
4.73671931160256,0.1831084758416392,2,0,2,1,0
-0.3873156706141909,0.9321821852789004,2,0,8,1,2
-3.2538800619189256,1.55621918901176,0,0,6,2,1
-7.42189163106093,-0.8708118735496868,0,0,5,2,1
2.737758923338694,1.0242706243375097,2,0,2,1,0
0.5775243284357225,-0.9918994782298732,2,0,4,1,2
13.843450902474682,3.5342662339764144,1,0,9,0,0
-2.240050291048425,-1.3924897883680627,2,0,4,1,1
-6.879899764753026,0.9620302128147036,0,0,4,2,1
3.682993387242906,-3.918422485137864,2,0,4,1,0
1.7037399194719374,-0.4834832784214604,2,0,6,1,2
0.7795265544865702,0.95295539486687,2,0,2,1,2
-7.296746925127135,-2.5515942844647514,0,0,5,2,1
-7.426645825776502,-1.104150954600693,0,0,2,2,1
-0.0993214175354237,-0.2300595359705814,2,0,7,1,2
-5.201888730409747,2.229046843192062,0,0,1,2,1
-7.4423648948119965,-3.2382730843195966,0,0,4,2,1
-7.317689127816472,3.888932247891631,0,0,6,2,1
-2.2102714726736874,-0.0855862533635227,2,0,6,1,1
8.893479397602949,0.0182801116547208,1,0,1,0,0
5.705666107160273,-0.2946237718054072,1,0,2,0,0
-2.2801016999161314,-3.414037623039784,2,0,5,1,1
9.03097497564558,-1.4730538637519863,1,0,1,0,0
3.639150466213028,-1.016747346734914,2,0,2,1,0
-7.398928560876081,1.5851265920481472,0,0,8,2,1
12.41571653484486,0.4542248775971145,1,0,5,0,0
6.759573220153051,-1.001718955496523,1,0,5,0,0
3.927528091148391,0.7312804542029996,2,0,6,1,0
5.546063036167187,-0.0666576920534858,1,0,2,0,0
9.743330895466189,1.1129156819450827,1,0,6,0,0
-3.3082172918426047,1.57409497819211,0,0,2,2,1
-2.280088979081225,2.907919834915442,2,0,2,1,1
-0.3465581220553009,-2.427501036051724,2,0,4,1,2
-7.13219899365901,-1.3003769890081398,0,0,4,2,1
-7.377332753057709,1.6953562397668898,0,0,8,2,1
-4.296465272831133,-1.0342189226806455,0,0,1,2,1
-3.129048757906034,1.06381483739354,0,0,8,2,1
-7.402120655414776,1.6118093559094242,0,0,1,2,1
-0.469774275479045,-0.9000537052577442,2,0,1,1,2
-2.914977061210551,0.0071082275798644,0,0,2,2,1
24.27143417965456,1.646403729247803,1,0,8,0,0
-2.134269559242841,0.91950662288235,2,0,6,1,1
-7.244996557168516,-2.156794013265619,0,0,4,2,1
-0.1931642752997033,-2.3774565901439364,2,0,5,1,2
-1.3258853876405734,-0.5718481671804878,2,0,4,1,1
-7.420832299464809,-0.0308576852021769,0,0,8,2,1
-7.312778790711333,-0.7951791160090418,0,0,2,2,1
-4.170919750286659,-0.5213148121513691,0,0,6,2,1
0.4785411005528068,-2.7638074280496,2,0,4,1,2
-0.2543500470750715,-0.9219985365080908,2,0,2,1,2
-6.313980432154181,-3.5429199011920325,0,0,5,2,1
-5.1965129804219785,3.273849336487652,0,0,2,2,1
1.917238532026797,-1.1190694319561698,2,0,4,1,2
1.91341743004136,-1.4027407816419863,2,0,1,1,2
-7.208510520330891,-1.01018626931336,0,0,4,2,1
6.895774681514947,-0.3557210693893737,1,0,6,0,0
-3.2711773332631267,-0.8991333618611905,0,0,6,2,1
9.845936071345314,-0.6127074262973258,1,0,1,0,0
10.555136895715094,0.6309271092229078,1,0,2,0,0
-4.057940130622912,3.7764821548432095,0,0,0,2,1
-5.431640152531258,0.3225488649970756,0,0,1,2,1
-7.351218144745054,-2.071911102574047,0,0,5,2,1
3.958032523039014,-1.520975633010491,2,0,7,1,0
13.124061029032838,-3.6023011461631547,1,0,4,0,0
-7.392072734413498,2.711858185635856,0,0,8,2,1
0.5809655628558144,1.754113279052422,2,0,2,1,2
-3.195543175798403,-0.2273934999887839,0,0,2,2,1
2.6595562448230687,0.960685025245589,2,0,6,1,2
-1.2735651610583014,0.1199983722038049,2,0,5,1,2
10.0347898558499,1.4357236450813886,1,0,1,0,0
4.880160302114952,4.414551099179993,2,0,3,1,0
-0.0562731327647272,-2.322820425492173,2,0,6,1,2
-2.930194974960603,0.9125417997967902,0,0,2,2,1
0.581516741722389,-1.2533119500712546,2,0,6,1,2
9.766919086599705,-1.4088231397503703,1,0,4,0,0
12.914603708988622,1.49607995276099,1,0,6,0,0
-1.4665023180953085,1.2576503145508284,2,0,2,1,2
-7.325008956555873,2.7957254932728017,0,0,1,2,1
-1.1742420683679242,-0.2490855443717108,2,0,2,1,2
-0.008608456825236,1.4805978858338764,2,0,2,1,2
-5.075925617191906,2.512152069281306,0,0,1,2,1
8.949872442176066,1.5266716392857314,1,0,2,0,0
-7.292196472749045,-2.445134810715887,0,0,6,2,1
12.97731466603684,-1.6831381607710671,1,0,5,0,0
-7.209627536402708,0.5293656695303568,0,0,8,2,1
2.9202612604974885,-0.1966310719973307,2,0,2,1,2
-4.043924598605145,1.355559411955182,0,0,2,2,1
-3.1857899155493787,1.87060915201166,0,0,1,2,1
-2.4066605851634195,-1.4276616269514129,2,0,5,1,1
-1.0811275126288915,2.3993621998079777,2,0,6,1,2
-0.1952500705766757,3.1009768754972336,2,0,9,1,2
-1.309029326406355,1.6295390295397625,2,0,6,1,2
8.046876896396236,0.8710726119830388,1,0,2,0,0
-5.059937825081216,0.125694520662182,0,0,8,2,1
1.677867919920251,0.0827885675556698,2,0,8,1,2
