User_ID,Age,Gender,Platform,Daily_Usage_Time_min,Posts_Per_Day,Likes_Received_Daily,Comments_Received_Daily,Messages_Sent_Daily,Scroll_Rate_ppm,Addiction_Level,Emotional_State_Post_Usage,Productivity_Loss_Score,Mental_Health_Index,FOMO_Score
2448,27,Male,TikTok,319,0,0,0,6,43,Moderate,Anxious,6,92,5
2115,24,Male,TikTok,138,1,64,7,6,90,High,Neutral,5,69,5
2065,21,Male,Twitter,34,3,79,12,6,75,Moderate,Neutral,4,77,6
3288,22,Male,Instagram,88,3,56,17,6,69,Moderate,Bored,5,67,6
2538,20,Female,Twitter,108,0,12,2,6,74,Moderate,Bored,3,50,6
1669,13,Non-binary,TikTok,122,1,61,12,6,113,High,Anxious,5,63,3
2584,24,Non-binary,Instagram,143,0,34,9,6,91,High,Anxious,7,85,5
3405,34,Male,Instagram,166,1,25,0,6,59,Moderate,Neutral,3,87,6
1498,22,Female,Twitter,57,0,2,0,6,96,High,Anxious,5,62,6
3481,20,Non-binary,TikTok,242,1,39,12,6,65,High,Neutral,3,57,5
1472,13,Other,Reddit,65,1,32,0,6,61,Moderate,Bored,3,74,5
1247,21,Male,Instagram,192,1,6,3,6,79,High,Bored,4,84,6
1924,19,Female,Twitter,288,0,0,0,6,75,High,Anxious,5,64,4
2132,26,Male,TikTok,320,1,5,0,6,95,High,Depressed,5,57,9
1671,31,Male,Twitter,148,1,3,4,6,83,High,Sad,4,64,2
1917,27,Female,Facebook,47,1,0,0,6,14,Low,Motivated,2,89,1
2415,20,Male,Facebook,49,0,0,0,6,41,Moderate,Happy,3,81,2
2607,24,Female,Instagram,65,3,29,4,6,52,Moderate,Happy,2,95,4
1403,24,Male,TikTok,191,1,0,0,6,55,Moderate,Sad,3,64,6
2104,23,Male,TikTok,57,0,0,0,6,56,Moderate,Neutral,4,83,4
3073,24,Female,Instagram,103,2,40,4,6,42,Moderate,Happy,2,100,1
1720,23,Male,TikTok,249,4,77,5,6,83,High,Neutral,6,74,7
3012,19,Female,YouTube,69,1,71,3,6,12,Low,Motivated,2,100,4
3437,23,Female,TikTok,213,1,65,9,6,38,Moderate,Bored,2,73,5
1197,18,Male,TikTok,159,1,32,0,6,85,High,Anxious,5,84,8
1892,27,Male,TikTok,71,5,104,6,6,93,High,Anxious,5,73,7
2265,25,Female,Facebook,145,0,21,0,6,43,Moderate,Neutral,3,100,3
2035,21,Male,Facebook,81,1,17,2,6,49,Moderate,Neutral,2,63,4
2326,13,Female,YouTube,50,2,72,20,6,25,Low,Happy,2,92,2
1510,19,Female,TikTok,191,0,0,5,6,85,High,Bored,4,75,7
2428,17,Male,Instagram,137,1,50,0,6,91,High,Neutral,4,70,7
1195,25,Female,Twitter,270,2,42,0,6,57,Moderate,Neutral,4,83,5
2180,17,Male,TikTok,62,2,98,14,6,38,Low,Happy,2,75,4
3033,26,Male,Instagram,307,6,134,24,6,82,High,Anxious,6,59,7
1933,15,Male,LinkedIn,77,0,4,0,6,20,Low,Neutral,2,93,3
2125,33,Male,Instagram,54,2,64,10,6,76,Moderate,Anxious,5,76,7
2823,22,Female,Twitter,144,4,41,5,6,77,High,Sad,4,75,6
2367,23,Female,Reddit,187,3,58,15,6,60,Moderate,Neutral,4,91,4
2993,31,Female,YouTube,78,1,23,4,6,47,Moderate,Relaxed,2,62,6
2259,19,Female,TikTok,254,1,31,10,6,88,High,Bored,4,77,4
3275,17,Female,Twitter,327,3,76,5,6,52,Moderate,Anxious,3,51,5
2274,22,Male,TikTok,140,1,69,9,6,65,Moderate,Anxious,4,74,3
2937,25,Female,Instagram,161,0,18,4,6,70,Moderate,Bored,3,100,2
2267,23,Female,Twitter,102,2,15,0,6,48,Moderate,Motivated,2,100,3
1773,27,Female,YouTube,127,2,44,5,6,23,Low,Relaxed,1,72,2
2609,25,Male,Twitter,127,1,56,1,6,73,Moderate,Sad,3,78,4
2312,28,Male,Instagram,184,2,22,0,6,97,High,Bored,5,74,3
1135,18,Male,YouTube,44,2,40,3,6,37,Low,Neutral,2,100,2
2856,19,Male,Twitter,217,3,109,24,6,21,Low,Neutral,1,79,4
3400,24,Non-binary,Twitter,186,3,62,5,6,75,High,Bored,5,67,4
1421,36,Female,Instagram,190,1,20,3,6,97,High,Bored,7,79,7
2756,32,Female,Instagram,69,1,17,0,6,45,Moderate,Happy,1,75,5
1708,34,Male,Twitter,51,0,42,6,6,68,Moderate,Bored,4,93,6
1094,22,Female,Facebook,110,0,0,0,6,50,Moderate,Neutral,3,82,4
1057,18,Female,Facebook,163,1,60,1,6,27,Low,Relaxed,1,88,5
1219,21,Male,Snapchat,105,2,70,13,6,39,Moderate,Happy,2,92,2
2037,16,Male,LinkedIn,18,1,61,7,6,16,Low,Neutral,1,99,4
2294,29,Other,Twitter,72,3,61,0,6,73,Moderate,Anxious,4,88,8
2953,18,Male,TikTok,304,2,15,6,6,32,Moderate,Bored,4,78,5
2450,24,Male,TikTok,93,1,30,5,6,68,Moderate,Sad,5,73,2
3360,26,Male,LinkedIn,139,0,20,4,6,25,Low,Happy,2,81,5
2466,27,Female,TikTok,54,1,21,5,6,81,Moderate,Bored,3,71,3
1299,28,Non-binary,Instagram,172,2,75,12,6,61,Moderate,Bored,3,70,4
3178,25,Female,TikTok,230,3,109,17,6,79,High,Neutral,4,80,6
1179,22,Male,Instagram,55,3,86,17,6,56,Moderate,Anxious,3,85,4
2188,22,Male,TikTok,51,2,24,6,6,53,Moderate,Neutral,3,78,6
2473,23,Female,YouTube,57,2,58,10,6,61,Moderate,Neutral,4,86,2
1189,18,Female,Facebook,289,2,49,1,6,20,Moderate,Relaxed,4,94,4
1573,25,Male,TikTok,87,5,123,20,6,78,Moderate,Neutral,5,100,5
1434,28,Female,TikTok,57,3,94,7,6,47,Moderate,Neutral,2,92,6
1519,24,Non-binary,Instagram,56,1,21,6,6,78,Moderate,Neutral,3,74,3
3347,21,Male,Instagram,108,3,77,15,6,78,Moderate,Neutral,6,97,3
3272,21,Female,TikTok,136,0,16,6,6,77,High,Bored,3,71,9
2085,26,Female,Instagram,222,1,69,16,6,39,Moderate,Bored,3,87,3
2289,17,Female,YouTube,66,1,0,1,6,41,Moderate,Happy,3,72,5
2124,17,Male,Instagram,199,2,93,7,6,67,Moderate,Bored,5,70,3
2342,24,Female,Facebook,128,3,99,20,6,20,Low,Happy,2,95,3
3257,29,Male,TikTok,172,1,0,0,6,57,Moderate,Bored,4,66,4
2491,20,Male,TikTok,224,2,80,12,6,55,Moderate,Neutral,6,88,6
1044,22,Female,TikTok,75,2,45,7,6,44,Moderate,Neutral,2,98,7
2879,13,Female,Instagram,193,1,31,4,6,96,High,Sad,5,83,5
1451,23,Male,Instagram,408,2,0,0,6,57,High,Neutral,2,73,2
3046,30,Female,Facebook,42,1,53,11,6,55,Moderate,Happy,3,75,2
1045,15,Female,YouTube,125,1,44,3,6,72,Moderate,Neutral,3,76,5
2284,29,Male,TikTok,188,3,30,13,6,37,Moderate,Relaxed,2,86,5
2968,23,Male,Facebook,185,2,43,8,6,56,Moderate,Neutral,5,83,4
3091,25,Male,Instagram,61,1,66,0,6,59,Moderate,Neutral,3,73,6
1255,14,Male,Instagram,291,1,89,10,6,70,High,Sad,4,92,4
2946,21,Male,Facebook,235,1,2,0,6,33,Moderate,Neutral,3,72,6
2875,31,Female,Facebook,15,1,42,14,6,22,Low,Neutral,3,92,3
2863,28,Male,Instagram,160,5,133,21,6,75,High,Sad,5,73,6
1565,31,Male,Twitter,35,1,37,14,6,93,High,Bored,4,77,5
1213,29,Female,Facebook,87,2,153,13,6,51,Moderate,Bored,3,68,4
1867,25,Female,TikTok,59,1,24,0,6,62,Moderate,Bored,3,82,5
1743,20,Male,Discord,114,1,36,13,6,25,Low,Motivated,2,95,2
2252,29,Male,Twitter,107,2,73,9,6,99,High,Neutral,6,50,6
2048,14,Male,Instagram,105,0,11,0,6,48,Moderate,Happy,3,88,4
2737,17,Female,TikTok,139,3,76,17,6,80,High,Anxious,5,78,4
2018,21,Female,Facebook,132,2,39,0,6,40,Moderate,Motivated,3,78,3
1171,18,Female,TikTok,134,2,55,3,6,68,Moderate,Sad,2,99,4
3097,28,Female,TikTok,321,2,50,0,6,66,High,Neutral,3,73,8
3488,23,Male,TikTok,222,1,38,6,6,89,High,Neutral,4,75,4
3218,23,Female,YouTube,122,4,103,22,6,39,Moderate,Happy,4,87,2
2798,19,Female,TikTok,114,3,60,2,6,98,High,Neutral,4,81,6
1545,13,Male,Instagram,136,1,69,3,6,67,Moderate,Bored,4,74,1
2222,25,Female,TikTok,25,3,102,14,6,86,Moderate,Bored,4,72,5
1464,25,Male,TikTok,79,5,126,18,6,92,High,Bored,5,83,6
1989,22,Female,TikTok,80,2,53,15,6,53,Moderate,Bored,4,76,4
2322,27,Female,Twitter,502,1,32,12,6,76,High,Depressed,5,81,7
1603,29,Female,YouTube,61,1,52,10,6,38,Low,Neutral,4,94,5
2337,20,Male,Twitter,237,0,31,0,6,64,Moderate,Neutral,3,59,6
3340,20,Male,Twitter,324,0,37,3,6,71,High,Anxious,4,72,7
2261,27,Other,TikTok,33,0,29,0,6,60,Moderate,Anxious,4,84,3
3115,28,Female,TikTok,196,3,56,8,6,97,High,Neutral,5,83,7
1808,21,Male,TikTok,299,4,79,15,6,48,Moderate,Bored,3,86,5
1887,27,Male,Instagram,275,4,144,19,6,69,High,Bored,5,65,7
2583,17,Male,TikTok,119,3,69,13,6,75,Moderate,Neutral,5,78,5
2615,22,Female,Instagram,244,2,68,13,6,77,High,Bored,5,82,3
2838,24,Female,YouTube,52,2,70,6,6,40,Moderate,Happy,1,88,2
2874,28,Male,TikTok,90,2,78,15,6,35,Low,Happy,4,96,1
1283,33,Female,TikTok,241,0,17,0,6,106,High,Stressed,6,75,7
1211,27,Female,YouTube,127,1,28,0,6,16,Low,Happy,1,94,4
1112,23,Female,Instagram,175,2,37,8,6,69,Moderate,Anxious,3,78,4
2921,13,Female,Pinterest,86,1,39,2,6,28,Low,Motivated,1,88,6
3166,17,Female,TikTok,76,0,0,0,6,37,Low,Happy,2,81,3
1458,17,Male,Instagram,63,1,69,9,6,86,High,Anxious,6,76,4
1820,30,Female,Instagram,191,1,64,4,6,82,High,Neutral,3,62,8
3185,13,Male,Instagram,211,1,29,9,6,73,High,Bored,4,83,9
2656,22,Female,Twitter,203,2,49,9,6,49,Moderate,Neutral,4,78,6
1253,36,Male,Instagram,219,0,23,9,6,43,Moderate,Neutral,4,83,6
1252,29,Male,Snapchat,39,0,13,7,6,9,Low,Neutral,1,100,2
2540,13,Other,Facebook,157,1,41,1,6,34,Moderate,Neutral,3,89,5
3130,28,Female,LinkedIn,10,1,16,0,6,20,Low,Happy,3,78,3
2927,13,Female,TikTok,125,1,29,5,6,75,Moderate,Anxious,4,81,5
2019,22,Female,Facebook,96,0,0,6,6,39,Moderate,Happy,4,100,4
1423,22,Female,TikTok,85,4,71,18,6,49,Moderate,Neutral,4,82,6
2176,22,Male,YouTube,52,2,31,2,6,42,Moderate,Happy,3,85,4
1621,19,Female,Facebook,127,0,1,1,6,15,Low,Neutral,1,97,2
1174,26,Female,Reddit,90,0,0,0,6,35,Low,Neutral,1,82,3
1487,20,Male,TikTok,80,2,21,1,6,52,Moderate,Sad,2,83,3
2986,27,Female,Twitter,491,3,69,14,6,66,High,Anxious,5,67,5
2081,21,Female,Pinterest,12,3,83,7,6,29,Low,Happy,1,90,3
2118,23,Female,TikTok,264,2,42,3,6,81,High,Neutral,5,69,2
2358,26,Male,YouTube,181,4,129,12,6,41,Moderate,Motivated,4,89,1
2042,21,Female,TikTok,200,0,39,0,6,87,High,Neutral,4,70,5
2091,23,Male,Snapchat,24,1,46,4,6,26,Low,Motivated,1,88,4
2356,13,Female,Twitter,261,2,78,0,6,56,Moderate,Anxious,3,84,3
1212,30,Male,TikTok,84,2,84,12,6,90,High,Bored,4,79,5
1614,17,Female,TikTok,167,4,82,3,6,44,Moderate,Neutral,3,74,2
3150,14,Female,TikTok,129,1,1,1,6,54,Moderate,Bored,4,87,6
1465,23,Female,Instagram,132,4,122,16,6,72,Moderate,Neutral,4,69,5
2468,26,Male,Facebook,65,1,37,7,6,66,Moderate,Bored,2,82,7
1555,26,Female,Twitter,62,3,85,1,6,65,Moderate,Neutral,3,98,1
1908,28,Female,TikTok,177,1,67,6,6,69,Moderate,Bored,4,66,5
1994,19,Non-binary,YouTube,50,3,97,19,6,35,Low,Happy,3,88,1
2969,22,Male,Twitter,281,2,48,1,6,60,Moderate,Neutral,3,69,6
2789,25,Non-binary,YouTube,122,1,30,6,6,59,Moderate,Bored,3,84,3
2599,24,Female,TikTok,97,6,184,34,6,67,Moderate,Bored,3,74,6
1097,25,Male,Instagram,123,0,0,0,6,90,High,Sad,2,89,6
2965,27,Male,TikTok,135,2,63,17,6,23,Low,Neutral,2,90,1
2365,31,Female,Twitter,119,1,49,10,6,29,Low,Happy,3,79,3
2925,36,Male,Twitter,107,2,55,2,6,53,Moderate,Bored,5,70,2
1612,23,Non-binary,TikTok,279,0,17,1,6,57,Moderate,Anxious,5,65,8
1446,28,Male,Pinterest,56,1,16,2,6,17,Low,Motivated,2,99,3
1238,25,Male,Instagram,83,3,61,3,6,66,Moderate,Neutral,3,89,4
3311,22,Male,YouTube,30,1,69,16,6,39,Low,Motivated,1,98,3
1874,19,Male,Twitter,112,2,39,1,6,37,Moderate,Motivated,1,89,3
3498,22,Female,TikTok,246,1,32,5,6,58,Moderate,Neutral,4,78,4
3055,15,Male,Instagram,124,4,100,15,6,54,Moderate,Neutral,3,85,6
2674,18,Female,Instagram,156,1,38,1,6,75,High,Bored,3,65,4
3123,23,Male,Instagram,268,0,29,6,6,84,High,Bored,7,68,8
1840,22,Male,Facebook,117,1,28,2,6,33,Moderate,Motivated,1,77,2
1582,21,Male,Instagram,254,3,88,11,6,61,Moderate,Bored,3,74,5
2282,23,Male,Reddit,40,2,6,0,6,35,Low,Happy,1,100,3
1980,28,Male,TikTok,74,1,28,4,6,69,Moderate,Neutral,5,86,4
1791,26,Male,Reddit,272,0,0,5,6,31,Moderate,Happy,4,100,3
1842,28,Female,Instagram,33,1,0,1,6,98,High,Neutral,4,75,8
1483,14,Male,Instagram,115,2,44,12,6,101,High,Bored,4,69,6
2911,34,Male,Twitter,142,3,52,2,6,55,Moderate,Neutral,4,61,7
1622,26,Male,TikTok,274,1,6,1,6,60,Moderate,Neutral,5,81,4
2503,19,Female,Instagram,357,1,29,6,6,49,Moderate,Neutral,6,79,4
1333,24,Female,YouTube,37,1,70,8,6,34,Low,Motivated,3,96,2
1479,42,Female,Facebook,83,4,96,19,6,37,Moderate,Neutral,3,78,3
2495,33,Male,TikTok,164,1,22,1,6,84,High,Bored,6,71,5
1508,18,Male,YouTube,111,2,56,20,6,8,Low,Motivated,1,90,3
2451,25,Male,TikTok,195,1,59,14,6,80,High,Neutral,3,68,4
3424,23,Female,Discord,30,3,61,7,6,22,Low,Motivated,2,100,3
1644,14,Female,Twitter,271,2,77,6,6,31,Moderate,Motivated,2,74,5
1481,23,Male,Instagram,485,2,53,5,6,64,High,Anxious,5,84,8
2456,13,Male,Instagram,150,1,49,15,6,75,High,Bored,4,76,3
3395,23,Male,Facebook,63,4,63,13,6,42,Moderate,Happy,4,86,5
2012,25,Male,Instagram,144,3,91,3,6,58,Moderate,Bored,4,77,6
1765,30,Female,Facebook,37,1,29,1,6,35,Low,Motivated,4,96,4
2290,13,Female,TikTok,113,2,67,15,6,83,High,Neutral,5,81,2
2224,26,Male,Instagram,91,2,72,5,6,56,Moderate,Bored,3,71,5
2334,32,Female,YouTube,86,2,32,4,6,42,Moderate,Happy,2,72,2
1618,28,Male,Snapchat,64,1,32,4,6,13,Low,Relaxed,3,89,3
1522,27,Female,Instagram,215,2,34,0,6,93,High,Bored,4,72,5
1583,27,Female,Instagram,288,1,39,5,6,34,Moderate,Bored,3,95,3
2059,27,Female,Reddit,85,3,55,8,6,48,Moderate,Happy,4,78,5
2407,15,Male,Twitter,92,5,138,18,6,93,High,Bored,6,63,4
1297,29,Male,TikTok,260,1,39,12,6,69,High,Neutral,3,79,6
3443,16,Female,TikTok,147,3,69,5,6,48,Moderate,Neutral,3,75,2
2062,13,Female,Reddit,21,2,55,6,6,39,Low,Happy,1,89,2
1858,26,Non-binary,TikTok,181,2,64,0,6,72,High,Neutral,5,84,4
2693,29,Female,Facebook,315,1,2,0,6,40,Moderate,Neutral,3,91,4
1408,23,Female,TikTok,104,0,25,11,6,51,Moderate,Neutral,4,82,7
2079,33,Other,YouTube,111,2,41,8,6,67,Moderate,Neutral,3,78,6
2084,36,Male,Instagram,207,0,21,14,6,77,High,Bored,5,73,4
1169,22,Female,Instagram,183,4,122,13,6,78,High,Bored,2,76,7
3181,22,Male,Instagram,214,3,104,8,6,37,Moderate,Motivated,3,82,3
1240,29,Male,Facebook,167,1,52,13,6,35,Moderate,Happy,2,83,5
3306,42,Male,Instagram,110,2,78,22,6,113,High,Anxious,5,64,8
2998,18,Male,Twitter,173,5,146,24,6,98,High,Anxious,4,73,5
2902,21,Female,Facebook,46,4,106,14,6,43,Moderate,Happy,1,86,4
2051,20,Female,Reddit,79,0,19,0,6,25,Low,Happy,2,70,3
2913,27,Female,Instagram,124,3,81,6,6,65,Moderate,Bored,3,70,7
2868,30,Male,Instagram,254,2,86,12,6,73,High,Neutral,6,70,5
3096,23,Male,TikTok,228,1,62,18,6,94,High,Anxious,6,68,5
1523,20,Male,Facebook,89,0,22,3,6,19,Low,Happy,2,100,3
2738,17,Male,Twitter,134,1,32,8,6,70,Moderate,Bored,4,76,5
3473,19,Male,Twitter,45,0,0,0,6,75,Moderate,Bored,4,92,7
2848,18,Male,Twitter,150,4,88,16,6,86,High,Neutral,7,68,6
3369,17,Female,Facebook,119,1,11,10,6,58,Moderate,Anxious,4,85,7
3250,29,Female,LinkedIn,120,2,64,12,6,27,Low,Relaxed,1,90,5
2884,20,Male,Facebook,185,1,55,15,6,59,Moderate,Neutral,5,71,6
2512,22,Non-binary,Twitter,173,2,43,12,6,109,High,Stressed,4,63,3
2460,28,Male,Twitter,310,2,11,3,6,75,High,Neutral,4,73,6
2939,30,Female,TikTok,167,2,74,10,6,100,High,Anxious,5,65,6
2724,27,Male,Facebook,246,0,65,15,6,51,Moderate,Neutral,3,84,4
3026,25,Male,TikTok,121,3,68,15,6,49,Moderate,Neutral,3,87,4
2608,33,Female,Twitter,81,0,0,4,6,57,Moderate,Sad,4,72,6
2978,29,Female,YouTube,91,2,55,7,6,45,Moderate,Motivated,3,63,2
1509,24,Male,YouTube,89,2,61,12,6,33,Low,Neutral,3,82,2
1633,23,Male,TikTok,112,1,75,10,6,92,High,Bored,7,83,5
1916,25,Male,LinkedIn,16,1,0,3,6,22,Low,Neutral,2,92,2
1260,28,Male,Instagram,552,3,76,22,6,104,Severe,Stressed,5,53,7
2396,25,Male,Instagram,35,1,53,5,6,62,Moderate,Bored,2,83,1
3296,27,Male,Snapchat,73,1,31,2,6,16,Low,Motivated,3,100,2
3322,28,Male,Instagram,209,1,22,0,6,108,High,Anxious,5,72,6
1803,24,Male,Twitter,50,3,70,16,6,57,Moderate,Neutral,3,97,6
2936,14,Male,TikTok,190,0,0,0,6,60,Moderate,Bored,6,78,4
2197,23,Male,LinkedIn,75,1,65,4,6,11,Low,Motivated,2,88,2
2945,27,Female,Instagram,61,1,11,6,6,64,Moderate,Bored,3,71,8
1757,26,Female,YouTube,33,2,8,0,6,66,Moderate,Neutral,5,80,3
1802,20,Female,Instagram,153,2,104,17,6,66,Moderate,Bored,2,85,4
1234,20,Female,Reddit,34,1,29,6,6,21,Low,Motivated,3,99,4
2515,23,Female,Twitter,445,0,0,0,6,74,High,Stressed,4,66,4
1941,16,Female,Twitter,136,2,59,7,6,60,Moderate,Sad,4,82,4
1999,20,Male,Twitter,420,1,43,10,6,91,High,Stressed,4,54,4
2103,36,Female,TikTok,99,1,44,7,6,99,High,Neutral,4,74,5
2464,18,Female,Instagram,267,2,94,4,6,119,Severe,Stressed,7,56,8
2877,20,Female,Twitter,43,0,16,0,6,38,Low,Neutral,3,98,1
2226,23,Female,Twitter,64,2,86,9,6,101,High,Sad,3,76,4
1325,17,Other,LinkedIn,151,4,53,0,6,15,Low,Neutral,2,76,6
2764,14,Female,Instagram,142,1,85,8,6,95,High,Anxious,4,83,4
2954,20,Male,Twitter,50,2,41,13,6,121,High,Depressed,5,57,6
2378,30,Male,Instagram,358,2,21,4,6,85,High,Depressed,4,61,5
1101,15,Female,YouTube,48,2,56,7,6,66,Moderate,Neutral,2,99,6
3482,34,Male,YouTube,77,4,122,15,6,26,Low,Relaxed,4,83,5
2341,24,Female,TikTok,247,1,43,0,6,78,High,Bored,5,89,7
1388,35,Male,YouTube,63,3,79,15,6,26,Low,Happy,1,95,3
2955,20,Female,TikTok,126,3,90,13,6,61,Moderate,Bored,5,67,6
1180,40,Female,Instagram,373,1,26,3,6,57,High,Bored,4,65,6
2695,24,Female,Instagram,473,2,82,12,6,63,High,Neutral,5,73,5
2663,13,Male,Reddit,96,0,33,4,6,35,Low,Happy,1,66,2
2305,27,Male,Reddit,130,2,62,8,6,38,Moderate,Motivated,3,81,1
1928,26,Male,Instagram,180,0,0,0,6,94,High,Bored,4,74,5
2431,25,Male,Snapchat,105,2,33,11,6,8,Low,Happy,2,100,1
3269,20,Female,Twitter,207,1,36,5,6,69,High,Sad,4,81,5
1142,31,Male,TikTok,206,1,29,6,6,54,Moderate,Bored,4,97,6
1369,24,Female,Instagram,180,2,88,16,6,54,Moderate,Anxious,4,71,4
3446,25,Male,Facebook,49,1,43,9,6,59,Moderate,Neutral,4,65,4
2086,26,Female,TikTok,108,2,48,12,6,57,Moderate,Sad,3,84,4
1368,24,Female,YouTube,95,0,28,5,6,49,Moderate,Happy,3,89,7
2675,33,Male,TikTok,600,2,52,0,6,100,Severe,Depressed,8,54,8
2045,22,Male,YouTube,183,1,72,12,6,10,Low,Happy,3,96,5
1319,25,Male,Twitter,86,2,44,8,6,72,Moderate,Bored,4,86,8
2539,16,Male,Twitter,150,1,33,5,6,53,Moderate,Sad,4,89,7
1248,20,Male,Facebook,12,2,71,12,6,44,Moderate,Motivated,4,100,5
1322,27,Male,Instagram,64,3,70,9,6,64,Moderate,Bored,3,62,4
2834,25,Male,Pinterest,10,2,30,4,6,25,Low,Neutral,3,98,1
2840,22,Female,Instagram,214,2,4,6,6,97,High,Neutral,5,76,5
2000,27,Male,TikTok,151,1,36,6,6,47,Moderate,Bored,3,75,4
1943,27,Female,Instagram,278,0,0,3,6,81,High,Anxious,7,67,6
2773,20,Female,Twitter,117,1,27,5,6,56,Moderate,Neutral,2,74,4
1030,22,Male,Instagram,214,3,107,21,6,70,High,Bored,3,85,4
2300,25,Female,YouTube,96,1,30,13,6,22,Low,Neutral,2,83,3
2994,28,Male,Twitter,69,2,32,0,6,83,High,Sad,4,60,5
2915,13,Male,Facebook,161,3,79,11,6,21,Low,Happy,3,94,4
1696,22,Male,Snapchat,58,0,57,5,6,18,Low,Happy,3,88,1
3471,30,Male,TikTok,188,1,48,13,6,98,High,Neutral,5,73,5
3029,25,Male,Twitter,22,0,41,0,6,89,High,Bored,3,88,8
2601,22,Female,YouTube,125,0,28,0,6,20,Low,Relaxed,3,100,1
3330,29,Female,TikTok,102,2,77,16,6,113,High,Anxious,6,75,7
2232,15,Male,TikTok,104,3,83,15,6,74,Moderate,Anxious,4,98,6
3174,24,Other,Facebook,136,1,0,0,6,59,Moderate,Bored,3,79,3
2916,20,Female,Snapchat,137,3,69,7,6,5,Low,Motivated,1,100,3
2730,35,Female,Discord,18,2,29,0,6,17,Low,Happy,1,93,3
2707,28,Female,Facebook,57,0,23,2,6,20,Low,Motivated,1,78,5
2704,30,Female,Instagram,34,1,58,16,6,60,Moderate,Bored,3,82,2
1756,39,Female,Twitter,332,0,0,0,6,78,High,Bored,4,67,6
2331,33,Male,Instagram,117,2,46,4,6,80,High,Anxious,4,69,5
1354,23,Male,TikTok,82,0,25,4,6,93,High,Anxious,5,60,7
1209,27,Female,Twitter,186,0,22,3,6,80,High,Anxious,5,87,6
3145,22,Female,TikTok,122,2,69,9,6,68,Moderate,Anxious,3,70,6
1904,31,Female,Reddit,31,1,56,9,6,43,Moderate,Neutral,3,91,6
1953,16,Female,TikTok,143,0,0,0,6,68,Moderate,Neutral,2,63,6
2338,22,Female,LinkedIn,49,0,0,0,6,18,Low,Happy,2,100,1
2552,22,Female,TikTok,34,1,25,5,6,50,Moderate,Relaxed,2,85,3
2568,27,Female,Instagram,60,1,36,0,6,67,Moderate,Bored,3,70,7
2944,21,Male,Twitter,473,3,57,0,6,83,High,Angry,5,61,4
1486,15,Female,TikTok,249,2,37,2,6,77,High,Anxious,4,76,6
2630,29,Male,TikTok,374,1,17,0,6,90,High,Stressed,5,62,7
3040,13,Male,Reddit,169,0,22,1,6,39,Moderate,Happy,4,89,3
1200,17,Female,Facebook,176,2,30,6,6,61,Moderate,Bored,3,73,3
1230,28,Other,YouTube,20,2,75,15,6,66,Moderate,Neutral,3,73,5
1811,22,Female,TikTok,176,2,51,2,6,99,High,Bored,6,61,7
1788,26,Male,Instagram,166,2,70,12,6,73,High,Anxious,5,56,4
1411,28,Female,Facebook,211,0,29,0,6,47,Moderate,Bored,5,79,4
1630,30,Female,TikTok,145,6,123,15,6,69,Moderate,Neutral,4,81,6
2511,17,Male,Twitter,130,1,0,6,6,102,High,Neutral,6,69,5
1663,23,Male,Instagram,253,2,80,11,6,72,High,Sad,5,84,6
3143,25,Female,TikTok,160,2,42,5,6,69,Moderate,Neutral,3,71,1
2919,22,Male,Instagram,186,2,62,3,6,43,Moderate,Bored,3,76,2
3335,29,Male,Twitter,319,1,51,5,6,76,High,Neutral,5,54,5
2270,31,Male,Instagram,251,1,43,11,6,93,High,Bored,3,75,5
1070,20,Female,Discord,48,3,47,11,6,5,Low,Motivated,2,80,3
1444,23,Female,Instagram,161,1,46,9,6,39,Moderate,Neutral,3,80,2
3148,19,Male,LinkedIn,35,1,29,0,6,13,Low,Motivated,2,99,2
3242,27,Female,TikTok,82,0,12,0,6,105,High,Bored,5,63,7
2585,26,Male,Facebook,174,3,84,5,6,45,Moderate,Bored,2,100,2
1232,25,Female,Instagram,307,1,62,20,6,68,High,Anxious,6,80,4
1441,26,Male,TikTok,67,0,0,0,6,55,Moderate,Bored,3,81,6
2628,31,Male,Snapchat,35,1,0,0,6,16,Low,Motivated,1,100,3
2323,23,Male,Instagram,326,5,98,11,6,66,High,Neutral,3,66,6
2279,25,Male,Twitter,226,2,35,7,6,73,High,Bored,4,90,5
1818,29,Female,Instagram,81,5,94,17,6,46,Moderate,Happy,2,92,1
1600,26,Male,TikTok,220,1,105,18,6,75,High,Anxious,6,70,3
2057,23,Female,Instagram,244,2,55,6,6,77,High,Anxious,5,55,2
1415,25,Male,TikTok,418,0,27,0,6,61,High,Bored,5,61,3
1680,31,Male,TikTok,91,1,38,5,6,84,High,Sad,5,90,2
2519,17,Male,Instagram,436,0,0,2,6,35,Moderate,Bored,4,85,8
2117,38,Female,TikTok,191,0,0,0,6,73,High,Bored,5,69,4
1280,21,Male,TikTok,190,2,7,9,6,97,High,Bored,4,65,5
2386,25,Female,YouTube,25,1,11,0,6,29,Low,Motivated,2,89,4
1409,24,Female,YouTube,59,1,59,12,6,29,Low,Happy,1,84,1
2092,23,Male,TikTok,244,4,85,9,6,114,Severe,Depressed,5,68,7
3283,31,Male,LinkedIn,10,0,31,12,6,24,Low,Happy,1,95,1
2217,19,Male,TikTok,233,1,45,3,6,75,High,Neutral,5,76,7
3079,23,Female,TikTok,136,2,34,6,6,81,High,Bored,4,56,6
1499,18,Female,Twitter,224,1,45,4,6,64,Moderate,Bored,5,84,4
2709,23,Female,Instagram,266,1,12,2,6,78,High,Bored,3,71,4
3027,34,Non-binary,Instagram,343,3,111,20,6,88,High,Anxious,5,71,7
1790,14,Female,Instagram,72,2,4,5,6,74,Moderate,Bored,4,67,5
2071,23,Male,Pinterest,25,1,40,8,6,32,Low,Happy,1,100,4
3266,31,Male,Instagram,70,0,25,0,6,96,High,Bored,3,79,4
1436,24,Male,Twitter,278,2,23,7,6,66,High,Neutral,5,68,6
3044,24,Female,Reddit,161,4,101,7,6,41,Moderate,Motivated,5,80,6
2880,19,Female,Twitter,111,3,49,13,6,51,Moderate,Neutral,2,85,7
1783,26,Male,TikTok,205,0,21,6,6,37,Moderate,Neutral,4,81,3
2477,23,Female,TikTok,272,0,9,5,6,35,Moderate,Anxious,3,81,4
2832,25,Female,Reddit,70,0,46,7,6,13,Low,Motivated,1,81,4
2837,17,Female,Twitter,188,0,15,5,6,47,Moderate,Bored,4,88,6
1150,25,Male,Instagram,62,2,86,11,6,56,Moderate,Anxious,3,98,5
2195,14,Female,Twitter,214,2,48,7,6,53,Moderate,Bored,4,67,5
3452,19,Female,Instagram,186,1,4,0,6,75,High,Anxious,4,84,5
2242,22,Female,TikTok,231,2,55,9,6,50,Moderate,Sad,6,76,6
2056,19,Male,TikTok,98,3,58,6,6,67,Moderate,Neutral,4,74,3
2770,27,Male,TikTok,342,1,76,22,6,61,High,Bored,3,83,7
2690,22,Female,Twitter,108,5,150,24,6,109,High,Depressed,4,73,8
3094,17,Female,Facebook,19,0,5,0,6,18,Low,Motivated,1,80,1
3193,36,Female,YouTube,150,1,0,0,6,54,Moderate,Neutral,4,75,2
2930,35,Female,Twitter,196,3,40,5,6,57,Moderate,Neutral,2,46,3
1164,19,Male,Instagram,87,1,4,8,6,81,High,Bored,4,65,6
1439,13,Male,Facebook,58,2,83,14,6,44,Moderate,Relaxed,4,86,6
2026,26,Non-binary,TikTok,175,1,59,3,6,27,Moderate,Motivated,2,100,4
2383,36,Male,Reddit,303,2,60,10,6,48,Moderate,Bored,4,82,3
2979,19,Female,Facebook,48,2,58,8,6,46,Moderate,Neutral,2,79,5
1830,22,Female,Snapchat,65,0,45,3,6,21,Low,Motivated,2,100,3
1655,39,Male,Twitter,149,0,19,0,6,53,Moderate,Sad,2,81,5
1529,25,Male,TikTok,123,1,7,0,6,92,High,Bored,5,71,6
2134,26,Male,Instagram,201,4,59,6,6,99,High,Bored,4,68,9
1050,13,Female,Instagram,51,1,25,1,6,63,Moderate,Bored,4,86,4
1068,30,Female,Facebook,61,1,90,11,6,35,Low,Happy,2,82,3
3017,22,Female,Reddit,129,3,34,0,6,50,Moderate,Neutral,3,100,6
2371,22,Male,Instagram,127,1,89,18,6,72,Moderate,Sad,3,80,5
3271,26,Male,Reddit,31,2,66,13,6,6,Low,Happy,1,100,5
1049,26,Female,Instagram,123,1,33,12,6,64,Moderate,Bored,3,100,4
2335,24,Female,TikTok,217,1,9,3,6,54,Moderate,Bored,3,98,2
2682,23,Male,LinkedIn,41,1,8,8,6,25,Low,Motivated,1,77,4
1839,29,Male,YouTube,85,1,23,1,6,34,Low,Happy,2,85,3
3163,26,Male,Twitter,386,3,68,3,6,81,High,Anxious,6,62,7
1125,27,Male,TikTok,199,2,28,0,6,51,Moderate,Neutral,2,90,4
1611,27,Female,Reddit,90,4,148,28,6,41,Moderate,Relaxed,2,83,6
2861,23,Male,TikTok,138,2,26,10,6,87,High,Sad,5,76,8
3333,14,Female,YouTube,21,0,8,8,6,52,Moderate,Relaxed,3,71,6
2513,19,Female,Twitter,251,0,0,0,6,110,Severe,Angry,6,78,7
1742,16,Male,Twitter,160,3,101,15,6,56,Moderate,Neutral,4,59,3
1026,24,Male,TikTok,166,3,45,3,6,104,High,Stressed,3,65,6
3389,29,Male,TikTok,267,1,37,0,6,79,High,Sad,5,46,4
2753,20,Female,TikTok,142,1,0,12,6,95,High,Bored,7,83,5
2534,23,Female,Instagram,189,4,91,0,6,75,High,Bored,4,70,4
2816,18,Male,Twitter,320,1,47,4,6,77,High,Neutral,5,81,5
2617,25,Female,Instagram,197,1,19,0,6,53,Moderate,Bored,1,79,3
2455,27,Male,Facebook,122,2,76,22,6,12,Low,Neutral,1,93,3
1566,21,Female,Facebook,191,2,59,17,6,67,Moderate,Bored,4,83,4
1846,26,Male,Instagram,90,2,76,20,6,132,Severe,Depressed,6,55,4
3490,13,Male,Facebook,224,1,23,0,6,57,Moderate,Neutral,3,74,5
2457,28,Female,TikTok,140,3,101,19,6,92,High,Anxious,5,93,8
1362,33,Female,LinkedIn,37,4,101,20,6,26,Low,Motivated,1,87,3
2566,22,Other,Twitter,113,2,71,17,6,78,Moderate,Neutral,3,69,3
3499,28,Male,Instagram,383,2,22,6,6,82,High,Anxious,5,84,5
3415,30,Female,Twitter,153,3,79,12,6,53,Moderate,Bored,5,62,4
2835,20,Male,Instagram,55,2,28,9,6,28,Low,Motivated,1,95,6
2785,24,Female,Snapchat,29,1,5,1,6,5,Low,Happy,1,100,4
1431,16,Male,Instagram,113,3,98,6,6,78,Moderate,Neutral,4,74,6
3310,29,Male,TikTok,82,3,64,11,6,99,High,Bored,6,50,4
1638,24,Male,Reddit,177,0,53,2,6,42,Moderate,Neutral,3,78,6
3188,22,Other,Discord,66,0,48,0,6,29,Low,Happy,1,100,1
1652,30,Female,Instagram,135,3,11,6,6,50,Moderate,Neutral,4,89,6
1241,19,Female,TikTok,46,1,0,0,6,96,High,Sad,4,90,3
1694,27,Female,TikTok,123,0,38,0,6,33,Moderate,Happy,3,88,3
1071,26,Male,Discord,30,1,54,0,6,10,Low,Relaxed,2,82,1
3233,13,Male,Snapchat,128,1,53,6,6,12,Low,Relaxed,2,90,2
1651,35,Male,TikTok,108,2,69,12,6,57,Moderate,Bored,3,85,6
3019,27,Male,TikTok,328,2,94,17,6,53,Moderate,Bored,4,57,7
1074,33,Female,YouTube,84,1,20,4,6,45,Moderate,Happy,3,89,2
2164,14,Female,Instagram,111,0,30,9,6,79,High,Anxious,5,77,6
1351,25,Non-binary,Facebook,47,0,0,0,6,55,Moderate,Neutral,5,98,4
3290,32,Male,Instagram,250,3,96,15,6,35,Moderate,Bored,3,82,5
3169,22,Female,YouTube,97,1,0,9,6,25,Low,Motivated,2,95,1
2099,29,Female,Facebook,37,0,36,0,6,34,Low,Neutral,2,95,3
2447,20,Male,TikTok,116,1,19,8,6,25,Low,Happy,2,99,4
3329,28,Male,YouTube,236,1,38,16,6,63,Moderate,Bored,2,83,5
1077,24,Female,Snapchat,46,2,24,8,6,28,Low,Motivated,3,100,2
1433,22,Male,Discord,88,2,64,14,6,30,Low,Motivated,1,74,5
3350,21,Female,Instagram,282,0,3,0,6,34,Moderate,Neutral,3,82,4
2293,23,Male,Instagram,210,4,74,16,6,15,Low,Neutral,4,92,2
1158,26,Male,Twitter,208,0,0,0,6,61,Moderate,Bored,4,85,6
2799,30,Female,Facebook,80,1,2,0,6,40,Moderate,Motivated,1,61,5
2406,19,Male,TikTok,120,2,34,6,6,64,Moderate,Anxious,3,79,5
3051,28,Female,Reddit,117,3,98,29,6,33,Moderate,Motivated,3,73,2
1136,33,Female,TikTok,120,3,48,6,6,75,Moderate,Anxious,5,80,3
3138,33,Female,Twitter,127,8,178,24,6,61,Moderate,Anxious,1,100,4
2929,30,Female,Instagram,105,3,75,9,6,103,High,Bored,5,64,5
2691,27,Male,Instagram,99,1,5,9,6,85,High,Neutral,6,94,6
1868,26,Female,Instagram,177,2,78,7,6,7,Low,Motivated,1,80,2
2950,23,Female,TikTok,283,0,46,10,6,60,Moderate,Bored,4,73,5
1052,21,Female,Reddit,129,2,35,4,6,9,Low,Motivated,3,92,1
2901,28,Male,Snapchat,68,2,41,4,6,9,Low,Happy,1,97,4
1679,29,Female,Twitter,172,2,83,14,6,40,Moderate,Motivated,4,97,3
2504,23,Female,TikTok,362,0,0,0,6,28,Moderate,Bored,2,94,3
1290,20,Male,Instagram,211,1,22,5,6,64,Moderate,Neutral,4,70,4
3248,16,Male,TikTok,271,2,59,4,6,74,High,Neutral,4,49,7
2421,27,Female,Instagram,213,5,61,7,6,47,Moderate,Bored,4,78,5
2603,20,Female,Twitter,172,1,25,4,6,85,High,Bored,4,77,5
1533,23,Female,TikTok,168,0,18,1,6,35,Moderate,Relaxed,2,78,6
1480,30,Male,Facebook,172,2,25,6,6,25,Low,Motivated,3,82,4
2404,28,Female,YouTube,296,1,0,0,6,38,Moderate,Sad,3,82,2
2933,21,Non-binary,TikTok,320,1,24,4,6,18,Moderate,Happy,2,92,3
1292,21,Female,YouTube,96,3,57,13,6,65,Moderate,Neutral,4,79,2
2722,22,Male,Instagram,403,1,7,3,6,29,Moderate,Anxious,3,72,2
2069,21,Female,Facebook,80,3,100,9,6,32,Low,Motivated,3,92,5
2024,36,Female,Facebook,134,0,20,8,6,47,Moderate,Anxious,2,82,5
3180,24,Non-binary,Instagram,147,2,97,17,6,68,Moderate,Neutral,2,89,7
3228,20,Male,Pinterest,112,1,43,7,6,30,Low,Motivated,3,84,4
1706,27,Female,Instagram,206,1,60,9,6,81,High,Bored,5,62,6
3035,30,Female,Instagram,163,3,109,7,6,79,High,Bored,3,68,5
1407,17,Female,Instagram,176,0,9,1,6,99,High,Bored,3,59,5
3100,28,Female,YouTube,144,0,21,7,6,13,Low,Neutral,2,100,5
3024,16,Non-binary,YouTube,46,1,49,15,6,43,Moderate,Relaxed,2,82,1
3409,28,Female,Reddit,65,1,27,0,6,50,Moderate,Neutral,4,76,3
1979,14,Male,TikTok,144,1,8,2,6,53,Moderate,Neutral,3,81,1
2746,25,Male,TikTok,280,2,39,4,6,68,High,Anxious,3,63,5
2881,29,Male,Twitter,42,2,15,0,6,69,Moderate,Bored,2,79,4
1343,25,Female,TikTok,114,1,34,2,6,74,Moderate,Bored,3,83,4
2991,28,Female,LinkedIn,44,1,11,4,6,40,Low,Motivated,4,89,3
3477,22,Female,YouTube,200,3,28,1,6,41,Moderate,Bored,3,100,1
1835,23,Male,YouTube,132,2,65,11,6,32,Moderate,Happy,1,91,3
2453,25,Female,TikTok,189,3,55,8,6,77,High,Bored,5,64,7
1300,27,Male,Instagram,283,3,107,24,6,55,Moderate,Bored,2,78,5
2989,20,Female,Twitter,145,0,0,0,6,92,High,Bored,4,63,3
3294,19,Female,Twitter,112,2,0,2,6,30,Low,Happy,1,100,2
1496,27,Female,YouTube,101,2,30,6,6,29,Low,Happy,2,84,2
1813,32,Female,Twitter,153,2,65,15,6,60,Moderate,Neutral,4,72,5
1930,23,Female,Twitter,568,3,75,14,6,73,High,Anxious,5,56,6
2058,31,Female,Twitter,156,2,37,12,6,85,High,Anxious,4,65,7
2638,26,Male,Discord,47,2,80,7,6,24,Low,Motivated,3,98,2
3456,32,Female,TikTok,303,3,106,16,6,30,Moderate,Bored,4,68,4
1221,37,Female,Reddit,275,2,47,1,6,43,Moderate,Anxious,2,77,4
3487,21,Male,TikTok,62,2,88,14,6,105,High,Bored,4,59,3
2660,30,Female,TikTok,35,1,38,8,6,64,Moderate,Neutral,4,95,2
1528,24,Male,Reddit,81,2,47,9,6,24,Low,Relaxed,3,89,5
2487,15,Male,Facebook,166,1,70,7,6,23,Low,Motivated,2,88,3
3376,32,Male,Facebook,63,0,40,5,6,40,Moderate,Motivated,3,87,8
2610,22,Male,TikTok,97,2,51,10,6,88,High,Bored,4,90,5
1597,22,Male,Twitter,210,2,89,8,6,59,Moderate,Neutral,4,71,3
1085,19,Female,Reddit,114,3,27,6,6,35,Moderate,Neutral,4,78,3
3214,21,Male,Twitter,412,0,34,11,6,76,High,Bored,6,68,7
3056,19,Female,YouTube,162,3,58,4,6,41,Moderate,Happy,3,68,2
2962,25,Male,Instagram,87,3,37,9,6,58,Moderate,Sad,4,75,4
2865,31,Female,Twitter,361,1,35,10,6,58,High,Neutral,4,65,8
3327,17,Female,Twitter,294,3,88,8,6,60,High,Anxious,3,59,7
1462,24,Female,YouTube,93,1,55,10,6,52,Moderate,Bored,2,73,5
1110,23,Male,YouTube,137,1,52,0,6,56,Moderate,Neutral,4,80,5
2963,27,Male,TikTok,148,1,24,0,6,68,Moderate,Bored,4,86,1
1355,23,Female,YouTube,349,1,9,8,6,27,Moderate,Sad,3,97,6
1267,33,Non-binary,Reddit,39,1,19,3,6,57,Moderate,Bored,2,75,5
2546,26,Female,TikTok,62,0,18,0,6,60,Moderate,Anxious,3,72,4
1531,27,Female,TikTok,167,2,60,5,6,76,High,Neutral,3,85,4
3447,25,Female,TikTok,280,0,14,5,6,81,High,Neutral,5,67,8
1291,22,Male,Reddit,189,0,0,0,6,36,Moderate,Motivated,3,100,6
1606,35,Male,Facebook,27,1,42,1,6,59,Moderate,Bored,2,87,1
2561,23,Female,Facebook,41,2,42,7,6,38,Low,Neutral,2,100,3
1417,33,Male,Instagram,30,0,66,15,6,71,Moderate,Anxious,3,78,3
1473,14,Male,Twitter,92,2,77,20,6,102,High,Anxious,5,77,6
1932,35,Male,TikTok,194,0,15,0,6,15,Low,Neutral,4,79,3
3280,26,Female,YouTube,50,1,34,3,6,26,Low,Motivated,2,80,2
3420,16,Male,Instagram,116,3,74,9,6,97,High,Neutral,4,74,7
1809,31,Female,Reddit,160,1,10,1,6,34,Moderate,Happy,4,79,4
1799,24,Female,Twitter,188,0,21,4,6,76,High,Neutral,4,72,5
3492,19,Male,Instagram,126,2,30,6,6,71,Moderate,Neutral,3,75,3
1931,20,Male,Reddit,102,0,21,2,6,60,Moderate,Bored,5,56,2
1279,24,Male,TikTok,90,0,14,9,6,57,Moderate,Bored,2,69,5
2518,27,Male,Twitter,252,1,18,7,6,64,High,Anxious,3,63,3
1884,30,Female,TikTok,255,2,47,0,6,39,Moderate,Bored,2,85,6
2015,34,Male,Facebook,266,3,75,15,6,7,Low,Neutral,1,83,4
1019,18,Male,TikTok,153,3,87,10,6,62,Moderate,Anxious,4,68,5
2235,19,Male,Instagram,237,2,51,10,6,65,Moderate,Bored,4,94,4
3402,25,Female,TikTok,242,1,32,6,6,90,High,Bored,5,64,4
2973,27,Female,Instagram,107,2,63,19,6,74,Moderate,Bored,4,87,4
2533,25,Female,TikTok,329,2,99,6,6,62,High,Sad,4,78,6
2903,31,Female,Facebook,103,3,78,13,6,6,Low,Happy,1,100,1
3134,27,Male,Instagram,49,2,94,9,6,82,Moderate,Neutral,3,82,5
2502,20,Male,Twitter,147,1,39,1,6,41,Moderate,Happy,4,93,5
2565,28,Female,Instagram,47,0,51,2,6,69,Moderate,Neutral,4,73,4
1220,24,Male,TikTok,237,2,19,3,6,79,High,Bored,5,68,7
1619,26,Male,TikTok,244,2,41,8,6,59,Moderate,Bored,4,76,8
2248,19,Female,Instagram,95,1,27,0,6,92,High,Anxious,4,68,4
1304,27,Male,Instagram,155,3,65,9,6,68,Moderate,Bored,3,98,6
2739,29,Female,TikTok,144,3,33,2,6,55,Moderate,Anxious,4,84,6
3377,21,Male,YouTube,117,0,36,6,6,20,Low,Happy,4,100,2
3009,27,Male,Facebook,268,1,47,12,6,49,Moderate,Bored,4,74,2
3065,25,Male,Facebook,41,4,104,2,6,5,Low,Happy,1,91,4
2296,23,Female,TikTok,121,2,85,11,6,47,Moderate,Happy,4,81,5
3202,22,Female,Instagram,443,1,41,8,6,104,Severe,Anxious,5,58,3
1880,31,Female,Instagram,353,0,0,0,6,43,Moderate,Neutral,2,83,6
3159,31,Female,Twitter,126,2,66,11,6,63,Moderate,Sad,3,87,4
2006,26,Female,TikTok,290,2,94,14,6,54,Moderate,Neutral,3,91,5
2034,27,Male,Instagram,124,1,37,6,6,69,Moderate,Sad,3,71,5
2506,21,Female,YouTube,76,2,72,15,6,44,Moderate,Motivated,3,100,5
2054,25,Male,Instagram,244,2,65,11,6,92,High,Anxious,5,62,4
2870,21,Male,TikTok,78,1,27,6,6,127,Severe,Anxious,5,55,9
2101,29,Female,Discord,48,2,49,1,6,5,Low,Happy,1,97,1
1193,25,Female,Instagram,59,2,34,3,6,69,Moderate,Neutral,3,72,6
1175,25,Male,LinkedIn,35,2,44,3,6,29,Low,Happy,1,100,6
1766,19,Female,Instagram,164,3,74,9,6,66,Moderate,Bored,4,86,5
2379,20,Male,YouTube,96,4,57,8,6,37,Moderate,Motivated,4,81,5
2567,24,Female,TikTok,93,3,98,20,6,102,High,Sad,5,66,7
2905,23,Male,Instagram,386,2,65,4,6,66,High,Neutral,4,73,6
1701,20,Male,Reddit,23,1,34,10,6,46,Moderate,Motivated,2,86,4
1129,24,Female,TikTok,119,1,59,12,6,53,Moderate,Anxious,2,73,6
1341,19,Female,Twitter,10,1,55,15,6,47,Moderate,Relaxed,3,100,5
3128,30,Male,Instagram,64,1,32,7,6,46,Moderate,Happy,3,95,3
1648,23,Female,Instagram,199,2,51,4,6,31,Moderate,Relaxed,1,77,5
2287,13,Male,TikTok,221,1,53,6,6,67,High,Bored,4,71,8
1308,20,Male,Instagram,122,2,36,12,6,70,Moderate,Neutral,4,88,4
1384,20,Male,TikTok,301,0,10,8,6,39,Moderate,Sad,4,93,5
2273,17,Female,YouTube,79,0,0,0,6,23,Low,Motivated,2,90,4
3315,27,Male,TikTok,127,2,75,10,6,66,Moderate,Sad,4,68,2
2264,18,Male,LinkedIn,53,1,0,4,6,13,Low,Happy,2,96,2
1178,32,Female,YouTube,200,2,94,18,6,20,Low,Happy,4,100,3
1427,18,Female,Instagram,51,2,58,7,6,55,Moderate,Bored,5,98,3
1787,29,Female,YouTube,150,2,56,3,6,43,Moderate,Neutral,1,90,2
2747,29,Female,TikTok,178,1,23,3,6,82,High,Neutral,5,66,6
2100,26,Female,TikTok,111,1,0,0,6,47,Moderate,Motivated,4,81,2
3390,30,Male,TikTok,218,2,41,3,6,68,High,Bored,5,76,4
1185,22,Male,Instagram,157,3,120,18,6,48,Moderate,Neutral,4,88,5
2592,13,Female,TikTok,143,1,32,11,6,75,Moderate,Neutral,4,79,4
2990,26,Female,Facebook,40,1,49,5,6,34,Low,Motivated,1,93,2
3496,28,Female,TikTok,247,0,14,4,6,70,High,Neutral,3,80,4
3286,26,Female,TikTok,250,1,50,9,6,64,High,Neutral,2,64,3
2304,19,Female,Twitter,109,4,119,11,6,115,High,Depressed,6,60,6
1962,31,Male,TikTok,38,2,48,2,6,80,Moderate,Neutral,4,65,6
2640,17,Male,Facebook,133,2,27,7,6,26,Low,Neutral,3,88,4
1490,29,Female,Discord,27,0,0,0,6,14,Low,Neutral,2,100,2
1762,24,Female,Twitter,219,1,53,9,6,60,Moderate,Anxious,5,79,4
1810,18,Female,TikTok,331,7,184,27,6,54,Moderate,Neutral,5,70,5
3278,17,Female,Twitter,183,0,6,1,6,45,Moderate,Anxious,3,72,4
2430,22,Female,Instagram,285,0,18,1,6,61,High,Sad,6,66,5
2658,31,Female,Instagram,282,0,42,10,6,76,High,Anxious,5,59,6
2526,30,Male,Instagram,215,2,46,0,6,69,High,Neutral,5,93,7
3087,20,Non-binary,Facebook,226,0,39,7,6,73,High,Anxious,4,73,6
1119,30,Male,Instagram,278,3,46,9,6,94,High,Anxious,5,73,5
2554,19,Female,TikTok,184,3,68,13,6,48,Moderate,Bored,4,75,6
1282,27,Male,YouTube,221,2,55,9,6,55,Moderate,Sad,4,80,4
3186,33,Male,Twitter,382,1,36,0,6,86,High,Anxious,4,68,6
3465,29,Female,Twitter,192,1,8,2,6,75,High,Bored,4,90,5
2836,26,Male,Instagram,93,1,53,14,6,28,Low,Happy,3,86,2
1650,28,Male,TikTok,173,1,55,12,6,72,High,Bored,3,80,6
1728,26,Male,Snapchat,40,1,65,15,6,14,Low,Neutral,2,100,3
1367,25,Male,Facebook,291,1,71,13,6,41,Moderate,Sad,5,83,6
2352,13,Female,Instagram,136,1,65,9,6,93,High,Bored,4,53,3
1556,21,Male,Instagram,142,0,0,3,6,64,Moderate,Bored,2,78,6
2411,31,Male,TikTok,427,5,74,13,6,77,High,Stressed,5,75,4
3281,13,Non-binary,Instagram,77,2,40,3,6,91,High,Anxious,5,70,5
2914,27,Female,YouTube,129,2,65,12,6,24,Low,Motivated,3,77,3
1204,30,Female,Twitter,90,1,71,21,6,65,Moderate,Sad,2,75,5
3114,17,Female,Instagram,304,1,17,9,6,89,High,Depressed,6,65,7
1121,28,Female,Reddit,169,4,126,13,6,54,Moderate,Bored,2,95,5
1284,16,Female,Reddit,348,0,0,3,6,21,Moderate,Happy,2,89,2
1576,13,Male,Instagram,582,0,28,1,6,74,High,Angry,5,53,9
2302,29,Male,Instagram,277,1,17,7,6,65,High,Anxious,5,61,6
3414,18,Male,TikTok,358,0,30,0,6,78,High,Sad,4,70,6
1276,26,Female,Twitter,202,3,78,6,6,67,Moderate,Neutral,3,68,5
1966,32,Male,Snapchat,61,0,11,0,6,15,Low,Happy,1,89,1
2548,25,Female,Discord,38,1,52,11,6,11,Low,Motivated,2,98,4
1361,27,Male,Instagram,431,0,12,0,6,62,High,Bored,4,66,2
2128,19,Female,YouTube,166,1,52,4,6,61,Moderate,Anxious,4,69,6
1768,34,Female,Twitter,123,1,31,10,6,73,Moderate,Bored,5,74,5
3004,22,Male,Twitter,121,1,33,0,6,20,Low,Neutral,1,76,3
2727,20,Male,TikTok,89,2,51,4,6,71,Moderate,Neutral,4,88,5
2889,21,Female,Snapchat,38,2,98,16,6,36,Low,Relaxed,2,88,3
1287,23,Female,TikTok,146,2,19,3,6,56,Moderate,Bored,3,79,3
3103,18,Non-binary,TikTok,95,2,74,18,6,65,Moderate,Sad,4,72,8
2095,28,Female,Twitter,98,1,20,0,6,58,Moderate,Bored,4,67,3
1889,27,Female,Facebook,49,3,117,27,6,29,Low,Motivated,2,86,3
1424,29,Male,Facebook,76,0,17,0,6,9,Low,Happy,3,94,1
2809,14,Male,TikTok,108,2,4,0,6,67,Moderate,Bored,2,83,1
3348,18,Female,TikTok,66,1,46,15,6,83,Moderate,Bored,4,64,6
2588,21,Other,Instagram,109,1,17,6,6,71,Moderate,Sad,3,65,6
1841,23,Female,Discord,10,4,95,10,6,5,Low,Motivated,2,100,4
1066,32,Male,Pinterest,130,2,30,0,6,22,Low,Motivated,1,99,5
2646,26,Female,Facebook,95,1,92,21,6,40,Moderate,Happy,4,100,6
2711,30,Female,TikTok,200,8,201,33,6,83,High,Bored,5,72,6
2458,26,Male,Facebook,134,2,30,7,6,42,Moderate,Motivated,5,97,6
2560,22,Female,LinkedIn,36,2,0,4,6,23,Low,Relaxed,2,90,3
1231,19,Female,Instagram,180,2,40,15,6,40,Moderate,Neutral,4,80,4
2576,23,Male,Snapchat,19,0,65,8,6,23,Low,Neutral,3,100,5
2570,20,Female,LinkedIn,18,2,3,0,6,17,Low,Happy,2,100,2
2186,29,Male,Instagram,295,1,12,2,6,58,Moderate,Sad,5,95,3
1890,30,Non-binary,Twitter,252,2,28,0,6,47,Moderate,Bored,5,86,4
2400,20,Female,Twitter,315,1,65,12,6,64,High,Bored,4,73,8
1730,19,Female,TikTok,117,0,58,0,6,76,Moderate,Bored,4,89,6
1737,25,Non-binary,Instagram,217,2,55,17,6,70,High,Neutral,4,64,5
2074,16,Female,Twitter,79,1,18,0,6,77,Moderate,Bored,4,92,5
1375,36,Male,Twitter,152,4,66,13,6,54,Moderate,Sad,4,85,6
1760,28,Female,Instagram,543,1,0,7,6,67,High,Stressed,5,99,7
3251,23,Male,YouTube,126,0,34,5,6,41,Moderate,Happy,4,63,3
2668,20,Female,TikTok,249,2,34,4,6,88,High,Anxious,4,70,7
1298,25,Male,Reddit,34,2,76,9,6,36,Low,Happy,1,89,3
1599,21,Male,TikTok,178,1,56,10,6,49,Moderate,Bored,1,72,6
2972,13,Female,Twitter,50,2,53,11,6,67,Moderate,Sad,2,92,7
1100,22,Male,Instagram,59,3,116,23,6,38,Low,Happy,3,88,4
2055,20,Female,Reddit,37,2,57,5,6,51,Moderate,Relaxed,1,68,1
2780,19,Male,TikTok,66,3,37,4,6,40,Moderate,Neutral,1,87,2
2238,20,Male,Instagram,239,1,18,0,6,51,Moderate,Neutral,2,63,5
1530,18,Female,TikTok,84,3,81,11,6,86,High,Neutral,4,76,9
2934,23,Male,Instagram,36,0,0,0,6,68,Moderate,Neutral,5,94,4
2613,29,Female,Facebook,116,2,84,22,6,37,Moderate,Motivated,2,100,3
2209,15,Male,Instagram,126,2,98,13,6,65,Moderate,Neutral,5,86,1
1637,28,Female,TikTok,97,0,0,0,6,54,Moderate,Anxious,2,97,4
3197,26,Male,Twitter,149,1,33,1,6,41,Moderate,Happy,1,89,5
1186,28,Female,TikTok,155,2,73,7,6,72,Moderate,Neutral,4,71,5
2997,23,Female,Twitter,147,2,65,10,6,85,High,Anxious,4,67,5
1945,35,Male,TikTok,339,1,58,8,6,93,High,Stressed,6,61,6
2805,13,Male,TikTok,221,0,0,1,6,46,Moderate,Bored,4,77,6
2657,25,Male,TikTok,69,0,0,9,6,63,Moderate,Neutral,4,79,6
2779,21,Female,Twitter,156,5,130,19,6,100,High,Anxious,6,72,7
1512,23,Female,Instagram,217,2,56,4,6,35,Moderate,Motivated,4,69,3
1801,29,Female,Twitter,203,0,0,0,6,65,Moderate,Anxious,3,67,6
2135,22,Female,Instagram,103,1,29,3,6,49,Moderate,Happy,4,94,3
2395,21,Female,Twitter,83,2,66,22,6,80,Moderate,Anxious,3,82,8
3406,32,Male,Instagram,255,0,0,0,6,47,Moderate,Bored,3,69,4
1608,16,Female,Twitter,62,2,32,2,6,83,Moderate,Sad,4,72,6
2208,20,Male,Reddit,303,0,0,2,6,53,Moderate,Anxious,5,77,6
1152,26,Male,Twitter,87,2,79,6,6,52,Moderate,Bored,3,80,5
2558,19,Female,TikTok,217,2,59,2,6,64,Moderate,Bored,4,66,4
1857,19,Female,Instagram,239,1,14,7,6,67,High,Anxious,5,55,5
2136,29,Male,YouTube,272,1,58,7,6,14,Low,Happy,1,83,6
1875,23,Male,Twitter,50,2,14,6,6,89,High,Neutral,5,69,4
3276,17,Female,Instagram,320,2,60,9,6,52,Moderate,Bored,5,82,7
1024,15,Male,TikTok,78,1,17,11,6,95,High,Sad,4,85,4
1159,16,Male,Snapchat,74,2,46,2,6,19,Low,Motivated,1,85,2
1332,18,Female,TikTok,181,0,53,15,6,109,High,Anxious,5,54,6
2111,22,Female,LinkedIn,44,0,26,0,6,28,Low,Happy,3,75,1
3388,18,Female,Instagram,138,1,28,10,6,71,Moderate,Anxious,5,92,7
2718,25,Female,Instagram,250,1,51,8,6,70,High,Neutral,4,68,6
3366,33,Male,Facebook,407,1,44,11,6,55,High,Anxious,4,80,6
3450,19,Female,Reddit,47,4,129,17,6,45,Moderate,Happy,4,78,4
1643,22,Female,Twitter,26,2,81,6,6,49,Moderate,Neutral,3,69,3
2438,33,Female,Snapchat,65,2,88,8,6,23,Low,Motivated,2,79,3
1312,30,Female,YouTube,299,1,21,0,6,74,High,Bored,5,87,5
1352,32,Female,Instagram,286,2,87,10,6,51,Moderate,Bored,4,66,4
1549,26,Female,Instagram,141,1,72,13,6,33,Moderate,Relaxed,2,92,4
2745,18,Male,TikTok,163,2,74,10,6,57,Moderate,Neutral,4,93,6
2126,17,Male,TikTok,182,2,53,2,6,66,Moderate,Bored,3,60,8
1307,31,Male,Instagram,85,1,52,10,6,94,High,Bored,5,65,5
1288,27,Male,Snapchat,68,1,0,0,6,5,Low,Happy,1,100,3
1695,27,Female,Reddit,67,3,58,5,6,51,Moderate,Neutral,2,89,2
1963,25,Female,YouTube,118,2,41,3,6,18,Low,Happy,2,93,2
1631,13,Female,Twitter,235,4,96,13,6,61,Moderate,Bored,4,85,6
2813,33,Non-binary,Instagram,234,1,41,1,6,122,Severe,Angry,4,69,7
1950,25,Male,Facebook,76,1,91,17,6,57,Moderate,Bored,3,89,2
2390,19,Female,TikTok,390,2,52,11,6,109,Severe,Anxious,5,76,8
1987,33,Male,Snapchat,16,3,84,15,6,15,Low,Relaxed,2,79,6
1991,25,Female,Instagram,163,0,22,0,6,70,Moderate,Bored,3,83,6
2591,17,Male,TikTok,76,2,77,4,6,103,High,Sad,6,75,6
1782,15,Female,TikTok,228,2,23,5,6,65,Moderate,Anxious,4,87,3
2377,19,Female,TikTok,194,2,53,2,6,58,Moderate,Neutral,3,93,4
1837,33,Male,Twitter,50,2,53,6,6,55,Moderate,Bored,4,82,6
2436,25,Female,Instagram,51,1,24,0,6,44,Moderate,Relaxed,3,79,4
3418,26,Female,Snapchat,116,0,32,1,6,25,Low,Motivated,2,100,3
1014,13,Male,Instagram,184,1,18,1,6,50,Moderate,Neutral,2,93,4
2221,16,Female,TikTok,43,0,7,6,6,90,High,Bored,3,52,5
2408,33,Non-binary,Instagram,228,1,17,3,6,102,High,Anxious,7,78,5
1515,20,Male,YouTube,95,2,92,12,6,60,Moderate,Bored,3,100,3
1410,27,Male,Instagram,232,1,78,14,6,71,High,Bored,4,100,5
1862,14,Male,Twitter,92,3,83,5,6,55,Moderate,Anxious,3,84,6
1314,28,Male,Twitter,134,2,38,8,6,60,Moderate,Bored,1,92,6
2871,17,Female,YouTube,117,5,73,9,6,48,Moderate,Neutral,3,78,2
2303,22,Female,Instagram,74,3,87,16,6,57,Moderate,Bored,3,100,5
2280,22,Female,Facebook,242,3,76,17,6,26,Moderate,Happy,3,90,3
3500,26,Female,Facebook,149,3,79,9,6,31,Moderate,Neutral,2,85,4
3359,13,Female,TikTok,108,1,64,10,6,74,Moderate,Neutral,2,92,6
1383,13,Female,TikTok,195,0,19,0,6,108,High,Anxious,7,86,10
2200,32,Male,Instagram,76,1,48,3,6,61,Moderate,Bored,5,78,4
2624,19,Female,TikTok,48,1,54,4,6,77,Moderate,Neutral,2,76,4
2878,22,Male,TikTok,357,1,67,10,6,78,High,Bored,4,52,6
2510,32,Female,TikTok,317,2,55,3,6,95,High,Anxious,5,47,4
2002,29,Female,Twitter,74,0,15,0,6,76,Moderate,Anxious,4,85,3
3241,24,Male,Instagram,189,1,51,7,6,66,Moderate,Anxious,4,84,4
1264,17,Male,Instagram,369,1,48,7,6,85,High,Angry,5,64,7
2291,26,Male,Facebook,416,0,48,6,6,32,Moderate,Bored,3,80,3
3160,27,Male,Facebook,139,2,38,0,6,72,Moderate,Bored,3,75,5
2784,28,Female,TikTok,258,3,86,10,6,102,High,Anxious,4,77,5
1416,19,Male,Twitter,129,0,24,1,6,47,Moderate,Neutral,2,61,4
2114,26,Female,TikTok,230,2,56,0,6,97,High,Anxious,5,61,3
1359,25,Female,Facebook,101,4,95,15,6,65,Moderate,Sad,4,61,3
2174,23,Male,Reddit,69,1,54,2,6,35,Low,Happy,2,92,4
1009,21,Female,Twitter,217,1,40,0,6,56,Moderate,Bored,5,78,3
3021,24,Female,TikTok,166,0,67,8,6,43,Moderate,Bored,3,94,2
1317,28,Male,Instagram,119,4,84,5,6,49,Moderate,Neutral,4,65,4
1305,23,Female,Reddit,78,1,13,11,6,28,Low,Neutral,4,96,1
1428,28,Female,Instagram,88,1,11,0,6,88,High,Bored,2,80,4
1106,26,Male,Instagram,124,1,69,7,6,39,Moderate,Happy,3,76,3
3045,19,Female,Instagram,49,0,47,2,6,66,Moderate,Neutral,3,80,8
1122,18,Male,Instagram,72,1,43,0,6,37,Low,Happy,2,100,4
1822,32,Female,YouTube,83,1,26,3,6,70,Moderate,Bored,3,62,3
2553,18,Female,Instagram,87,2,54,9,6,60,Moderate,Bored,3,86,5
3291,34,Male,TikTok,218,1,57,11,6,60,Moderate,Neutral,4,81,2
2399,31,Female,Twitter,376,4,98,19,6,56,High,Bored,5,75,6
2776,16,Male,Twitter,93,3,52,11,6,100,High,Neutral,6,62,5
3300,14,Male,YouTube,50,0,0,9,6,17,Low,Happy,2,87,3
1116,25,Male,Snapchat,29,1,52,0,6,18,Low,Relaxed,1,89,4
2514,13,Female,TikTok,355,2,89,11,6,85,High,Anxious,5,54,5
1745,27,Male,Instagram,203,1,58,9,6,94,High,Bored,6,64,6
2559,32,Male,Twitter,82,0,46,3,6,56,Moderate,Neutral,2,77,3
3334,21,Male,TikTok,129,2,49,1,6,67,Moderate,Anxious,4,85,5
1912,25,Female,YouTube,48,0,34,11,6,50,Moderate,Happy,2,84,1
2489,14,Female,LinkedIn,73,1,36,0,6,5,Low,Motivated,1,100,3
1673,21,Female,Instagram,71,3,55,6,6,81,Moderate,Sad,5,70,4
3307,27,Male,TikTok,406,0,22,3,6,107,Severe,Angry,6,70,7
3052,18,Male,Twitter,63,2,57,14,6,71,Moderate,Neutral,5,86,4
2641,24,Male,TikTok,281,2,60,16,6,55,Moderate,Bored,3,80,3
1310,22,Female,Reddit,168,2,38,7,6,62,Moderate,Neutral,4,64,3
1592,21,Female,Twitter,242,0,0,1,6,50,Moderate,Bored,4,83,5
1463,19,Female,TikTok,86,2,49,3,6,90,High,Bored,3,73,4
2988,27,Non-binary,TikTok,144,0,0,3,6,84,High,Neutral,5,49,6
1942,29,Male,Facebook,141,1,11,0,6,25,Low,Neutral,2,69,3
2648,29,Female,Instagram,331,2,70,9,6,88,High,Stressed,6,74,5
3367,20,Male,TikTok,244,1,44,8,6,43,Moderate,Neutral,2,66,4
1553,31,Female,Twitter,74,3,119,22,6,63,Moderate,Bored,2,80,6
1088,25,Female,Facebook,64,1,12,0,6,51,Moderate,Motivated,3,72,4
1691,21,Male,Twitter,189,2,43,7,6,88,High,Bored,7,66,4
2692,21,Male,Snapchat,82,1,3,0,6,25,Low,Relaxed,3,83,1
3413,17,Female,LinkedIn,10,0,0,9,6,25,Low,Happy,1,81,8
2616,43,Female,TikTok,160,2,33,8,6,65,Moderate,Bored,5,78,6
2162,37,Female,Reddit,135,0,62,1,6,19,Low,Happy,1,100,5
3421,30,Male,TikTok,75,1,6,0,6,58,Moderate,Bored,2,95,5
2414,36,Female,Reddit,27,1,0,3,6,28,Low,Motivated,2,100,5
3220,22,Female,TikTok,87,0,10,0,6,77,Moderate,Sad,3,68,4
1544,32,Male,Facebook,260,0,50,9,6,53,Moderate,Bored,5,58,3
2761,33,Male,TikTok,109,1,53,12,6,39,Moderate,Happy,4,78,5
3217,21,Male,TikTok,145,1,18,18,6,76,High,Bored,4,68,6
1495,33,Male,Instagram,109,2,6,8,6,77,Moderate,Anxious,5,89,6
1366,21,Female,Instagram,122,2,102,15,6,5,Low,Happy,1,87,3
3259,13,Female,Twitter,128,3,78,14,6,89,High,Neutral,3,59,5
2551,23,Male,Reddit,164,2,27,6,6,61,Moderate,Neutral,3,77,5
1274,24,Male,Instagram,380,1,28,12,6,91,High,Anxious,6,45,6
1789,23,Female,Twitter,156,1,37,1,6,88,High,Neutral,2,85,5
1072,33,Male,Facebook,301,5,127,13,6,49,Moderate,Bored,4,81,3
2243,20,Female,Reddit,42,1,52,7,6,34,Low,Motivated,4,77,3
2812,24,Male,YouTube,90,4,106,15,6,29,Low,Happy,3,76,3
1064,16,Female,Twitter,156,3,46,0,6,48,Moderate,Bored,5,95,5
1395,31,Male,Instagram,307,0,0,0,6,83,High,Bored,5,60,4
2205,24,Male,TikTok,164,0,0,0,6,65,Moderate,Bored,2,82,4
1344,20,Female,LinkedIn,10,1,10,8,6,7,Low,Happy,1,100,3
2375,32,Female,Reddit,35,0,0,0,6,66,Moderate,Neutral,4,100,5
2381,28,Male,Snapchat,22,2,100,20,6,20,Low,Neutral,2,84,4
1501,29,Male,Instagram,35,3,134,23,6,59,Moderate,Bored,3,68,5
2673,21,Non-binary,TikTok,152,0,0,0,6,36,Moderate,Neutral,3,91,6
1678,34,Female,Reddit,199,0,1,0,6,46,Moderate,Anxious,3,72,7
2028,24,Female,YouTube,137,1,74,4,6,65,Moderate,Bored,2,90,4
2887,19,Male,Twitter,208,0,0,0,6,84,High,Anxious,6,70,4
3466,29,Female,TikTok,326,1,83,21,6,61,High,Neutral,5,66,5
1273,30,Female,Instagram,154,3,15,2,6,68,Moderate,Neutral,3,72,5
3474,15,Male,YouTube,70,2,81,8,6,51,Moderate,Neutral,4,84,4
1206,18,Female,Pinterest,51,2,69,7,6,16,Low,Relaxed,2,100,2
1734,13,Female,TikTok,201,1,50,3,6,55,Moderate,Anxious,4,96,3
1153,19,Male,Pinterest,90,2,93,14,6,21,Low,Neutral,1,100,3
3371,23,Female,LinkedIn,55,1,85,15,6,5,Low,Neutral,2,100,3
1558,21,Female,YouTube,177,3,97,23,6,41,Moderate,Neutral,2,79,7
1378,25,Male,TikTok,66,1,43,13,6,77,Moderate,Anxious,4,81,3
1536,24,Male,TikTok,93,0,0,4,6,74,Moderate,Bored,4,62,3
1974,20,Female,LinkedIn,16,0,17,3,6,10,Low,Neutral,2,100,5
2001,32,Female,Twitter,153,1,24,0,6,60,Moderate,Neutral,3,81,1
2873,22,Female,Reddit,275,2,48,2,6,34,Moderate,Sad,4,91,4
1199,24,Male,LinkedIn,73,2,93,26,6,27,Low,Relaxed,3,92,4
1562,36,Male,Snapchat,39,2,43,3,6,12,Low,Motivated,1,85,3
1686,28,Female,TikTok,149,1,84,19,6,84,High,Anxious,3,88,4
2214,29,Male,Snapchat,105,2,0,0,6,35,Moderate,Relaxed,3,83,4
1591,24,Female,TikTok,189,0,0,0,6,106,High,Angry,4,75,7
1520,28,Male,YouTube,236,3,36,5,6,56,Moderate,Bored,5,79,4
1309,27,Female,Twitter,230,1,34,4,6,67,High,Bored,5,72,5
1605,26,Female,YouTube,77,2,69,8,6,56,Moderate,Neutral,3,90,5
3155,16,Female,Instagram,92,2,67,13,6,129,Severe,Stressed,4,58,7
3260,25,Male,Twitter,374,3,105,23,6,47,Moderate,Anxious,6,86,4
1060,29,Male,TikTok,486,1,20,7,6,69,High,Neutral,6,72,2
1584,37,Male,LinkedIn,15,1,48,8,6,18,Low,Relaxed,2,73,3
1860,27,Male,Snapchat,25,2,77,10,6,32,Low,Happy,3,73,2
1208,27,Male,TikTok,193,3,80,10,6,68,Moderate,Bored,3,64,5
3018,13,Male,Facebook,150,0,6,3,6,48,Moderate,Bored,5,85,5
1870,36,Male,Twitter,495,0,3,2,6,72,High,Angry,5,69,7
1786,30,Male,TikTok,180,0,23,10,6,25,Low,Motivated,2,85,2
1907,15,Female,Facebook,142,3,75,18,6,23,Low,Motivated,2,100,1
3428,23,Male,Twitter,97,0,59,6,6,80,High,Sad,4,75,3
1793,25,Non-binary,Facebook,294,5,115,28,6,49,Moderate,Anxious,5,90,4
1832,18,Female,Facebook,185,2,29,0,6,21,Low,Motivated,2,82,4
1163,30,Male,TikTok,81,1,67,13,6,52,Moderate,Sad,3,80,7
2308,23,Male,TikTok,315,0,8,0,6,89,High,Anxious,5,63,10
1527,14,Male,Instagram,95,4,131,13,6,84,High,Sad,4,84,3
2577,14,Male,TikTok,224,1,14,6,6,57,Moderate,Anxious,4,57,4
1257,31,Male,TikTok,306,0,9,2,6,50,Moderate,Neutral,4,94,5
1507,20,Male,Instagram,195,1,49,9,6,81,High,Bored,4,73,5
2957,13,Non-binary,Facebook,109,2,28,3,6,32,Low,Happy,1,84,4
3121,38,Female,Instagram,238,0,17,0,6,72,High,Sad,4,61,3
3229,13,Non-binary,Instagram,83,1,57,4,6,34,Low,Happy,3,100,2
3165,33,Female,Instagram,22,1,22,1,6,78,Moderate,Bored,3,61,5
1863,33,Male,Instagram,34,0,17,1,6,35,Low,Motivated,3,100,4
2676,22,Female,Twitter,84,0,29,0,6,83,High,Neutral,3,86,7
1021,32,Female,Discord,103,2,47,6,6,17,Low,Happy,2,86,1
2405,29,Male,TikTok,65,3,47,6,6,50,Moderate,Motivated,2,93,3
1440,23,Male,Discord,14,2,44,6,6,25,Low,Motivated,3,89,2
2088,25,Female,Snapchat,100,1,56,10,6,19,Low,Happy,2,97,5
1382,20,Female,YouTube,321,1,13,0,6,40,Moderate,Bored,3,86,5
3109,22,Non-binary,TikTok,121,1,10,0,6,59,Moderate,Neutral,4,89,3
2262,24,Female,TikTok,211,1,38,12,6,50,Moderate,Neutral,1,84,6
1539,30,Female,Instagram,266,3,105,9,6,55,Moderate,Bored,2,74,4
1882,20,Other,Reddit,104,2,56,4,6,51,Moderate,Anxious,1,91,4
1903,24,Male,Snapchat,58,0,56,12,6,22,Low,Relaxed,1,95,4
1084,20,Male,Reddit,176,3,59,6,6,16,Low,Motivated,2,96,3
3104,30,Male,Instagram,233,2,77,8,6,74,High,Anxious,5,78,7
2201,24,Female,YouTube,180,0,0,0,6,40,Moderate,Happy,3,89,4
2310,26,Female,TikTok,446,3,86,10,6,48,High,Bored,5,92,5
2227,24,Non-binary,TikTok,110,1,53,2,6,106,High,Bored,4,86,6
3131,26,Male,TikTok,95,1,20,6,6,83,High,Neutral,6,73,5
2750,30,Female,TikTok,225,4,108,10,6,69,High,Bored,4,74,6
1271,32,Male,Facebook,211,1,58,6,6,5,Low,Relaxed,1,100,3
2272,27,Male,Instagram,128,2,40,8,6,65,Moderate,Bored,3,82,5
2260,23,Male,YouTube,98,0,41,3,6,42,Moderate,Motivated,2,88,4
3061,29,Female,Facebook,84,2,64,4,6,67,Moderate,Bored,4,71,2
3264,17,Female,Twitter,231,3,98,16,6,118,Severe,Depressed,3,55,6
2600,19,Female,Instagram,95,1,49,7,6,60,Moderate,Sad,5,72,5
2961,23,Male,Instagram,72,0,17,0,6,118,High,Anxious,6,76,6
2030,17,Male,Twitter,358,5,96,14,6,44,Moderate,Anxious,3,86,5
1430,13,Female,Instagram,265,0,19,0,6,58,Moderate,Bored,5,65,3
3005,13,Female,Twitter,305,1,66,16,6,47,Moderate,Bored,4,62,5
3194,15,Female,Instagram,172,2,49,7,6,22,Low,Motivated,2,93,4
3205,18,Female,Twitter,502,2,88,11,6,88,Severe,Anxious,6,49,6
1459,20,Male,TikTok,298,0,0,0,6,99,High,Depressed,5,73,8
1079,24,Male,Twitter,49,1,4,2,6,55,Moderate,Bored,3,77,5
3430,21,Male,TikTok,66,0,24,0,6,81,Moderate,Neutral,3,85,3
3133,28,Female,Instagram,160,0,65,3,6,58,Moderate,Anxious,3,68,4
1033,23,Female,Instagram,101,2,70,17,6,86,High,Neutral,5,78,6
3125,24,Male,Discord,26,1,42,8,6,10,Low,Motivated,2,99,1
2350,22,Male,Discord,178,2,105,11,6,11,Low,Neutral,4,76,3
3244,14,Female,Facebook,27,3,121,22,6,50,Moderate,Neutral,4,94,7
1381,18,Female,YouTube,178,2,84,8,6,60,Moderate,Neutral,4,75,4
1227,24,Male,Instagram,353,3,81,11,6,76,High,Neutral,5,90,3
2995,26,Female,Snapchat,96,4,110,21,6,19,Low,Happy,1,91,2
2193,20,Female,Twitter,72,1,42,4,6,59,Moderate,Bored,2,95,3
1716,30,Female,Facebook,166,1,55,8,6,30,Moderate,Motivated,5,100,4
2763,24,Female,Twitter,137,0,20,6,6,72,Moderate,Bored,4,90,6
1687,22,Female,TikTok,457,1,10,8,6,35,Moderate,Sad,1,83,5
3132,24,Male,Instagram,177,1,69,8,6,26,Low,Neutral,3,85,4
3485,20,Male,TikTok,184,2,33,7,6,95,High,Neutral,4,73,3
1306,24,Male,Instagram,463,0,15,10,6,75,High,Stressed,3,67,4
1210,47,Male,Snapchat,20,2,6,11,6,13,Low,Happy,3,95,2
3154,25,Female,TikTok,260,1,51,9,6,45,Moderate,Bored,2,96,3
2671,22,Male,Facebook,211,1,60,8,6,38,Moderate,Motivated,2,93,2
3478,32,Female,Instagram,140,2,70,14,6,74,Moderate,Neutral,2,82,5
2072,26,Non-binary,TikTok,242,2,37,9,6,97,High,Anxious,4,87,5
2935,39,Male,Snapchat,125,2,54,9,6,23,Low,Neutral,2,86,4
2138,16,Female,Instagram,278,1,60,5,6,69,High,Neutral,5,75,6
3008,19,Male,YouTube,178,1,42,6,6,17,Low,Motivated,5,85,4
1938,28,Female,Facebook,237,1,64,7,6,35,Moderate,Motivated,3,76,4
1192,29,Male,Twitter,102,3,53,16,6,78,Moderate,Bored,4,88,4
2212,19,Female,Twitter,293,1,48,0,6,97,High,Stressed,4,57,3
2076,21,Male,Instagram,242,5,136,23,6,61,Moderate,Bored,2,89,4
3457,20,Female,Facebook,65,0,29,8,6,59,Moderate,Bored,3,77,2
1484,25,Male,TikTok,350,2,24,8,6,67,High,Bored,4,72,4
3384,23,Other,TikTok,73,0,22,0,6,88,High,Neutral,4,84,8
2605,21,Male,Instagram,169,2,35,2,6,77,High,Bored,4,68,3
1278,20,Female,Twitter,80,2,69,11,6,51,Moderate,Neutral,4,88,2
2509,24,Female,Twitter,109,0,0,0,6,69,Moderate,Neutral,4,100,5
1222,13,Male,Twitter,84,0,14,0,6,67,Moderate,Anxious,4,74,6
2230,37,Female,YouTube,363,2,78,13,6,24,Moderate,Bored,3,87,4
1572,34,Male,Instagram,184,3,79,23,6,47,Moderate,Neutral,2,68,6
1412,17,Female,Instagram,89,1,13,0,6,52,Moderate,Anxious,3,89,5
2314,27,Male,Instagram,231,4,85,12,6,92,High,Anxious,4,87,10
2678,33,Female,YouTube,146,0,6,1,6,32,Moderate,Happy,2,69,3
3179,36,Female,TikTok,123,0,35,3,6,68,Moderate,Bored,2,78,5
1586,25,Female,Discord,64,2,36,11,6,18,Low,Motivated,2,86,3
2731,22,Male,Instagram,74,2,84,12,6,36,Low,Motivated,2,83,3
3020,16,Female,Facebook,109,0,0,3,6,49,Moderate,Anxious,3,85,6
3494,32,Female,YouTube,212,1,49,10,6,62,Moderate,Anxious,4,85,6
2564,29,Female,Snapchat,64,2,50,14,6,19,Low,Happy,1,99,3
1675,15,Male,Instagram,203,1,33,7,6,74,High,Bored,5,72,4
2178,23,Male,TikTok,69,1,40,11,6,66,Moderate,Neutral,2,63,2
1856,20,Other,Instagram,455,2,30,3,6,76,High,Depressed,6,84,7
1448,18,Female,YouTube,108,0,18,4,6,34,Moderate,Happy,2,89,1
2906,26,Female,Instagram,72,2,77,16,6,84,High,Bored,5,69,4
2531,24,Male,TikTok,152,0,17,0,6,38,Moderate,Relaxed,3,87,4
1223,28,Female,Twitter,94,0,41,3,6,94,High,Anxious,4,69,5
2725,18,Female,Twitter,165,0,6,3,6,82,High,Bored,3,70,10
3226,31,Female,YouTube,28,1,16,8,6,52,Moderate,Happy,3,89,3
2629,24,Female,YouTube,224,3,52,6,6,5,Low,Motivated,3,94,4
2557,29,Female,TikTok,176,0,8,13,6,69,Moderate,Neutral,4,89,4
1970,15,Female,Snapchat,50,1,25,0,6,13,Low,Motivated,3,100,1
1046,19,Female,Instagram,118,0,15,8,6,42,Moderate,Neutral,5,87,4
3190,27,Female,TikTok,129,3,51,17,6,29,Low,Motivated,2,88,2
3365,20,Male,Instagram,331,4,81,10,6,82,High,Neutral,5,69,7
1295,26,Male,YouTube,327,3,76,3,6,39,Moderate,Anxious,3,77,4
2160,22,Male,Twitter,71,5,131,16,6,93,High,Bored,6,75,6
1589,28,Male,Discord,92,3,47,10,6,10,Low,Motivated,2,100,2
3054,22,Female,Instagram,319,1,36,9,6,55,Moderate,Anxious,4,81,7
1258,19,Female,Facebook,61,3,107,5,6,33,Low,Neutral,2,94,4
3064,23,Female,Instagram,277,2,11,3,6,38,Moderate,Anxious,3,71,2
3467,19,Male,Reddit,196,3,94,18,6,16,Low,Happy,1,94,5
1927,20,Female,Twitter,362,0,43,11,6,78,High,Neutral,6,70,8
3119,13,Female,Reddit,131,1,32,0,6,60,Moderate,Bored,2,66,1
3298,32,Female,Instagram,87,1,26,5,6,62,Moderate,Anxious,4,68,5
1437,33,Female,TikTok,219,0,13,1,6,101,High,Anxious,5,62,4
1977,21,Female,Instagram,190,0,47,5,6,53,Moderate,Sad,3,77,6
3037,26,Female,Instagram,465,1,58,5,6,36,Moderate,Anxious,3,78,5
1394,34,Male,TikTok,107,3,59,9,6,80,High,Anxious,2,71,4
1426,32,Female,Snapchat,39,2,81,17,6,18,Low,Happy,1,98,3
1535,20,Male,TikTok,152,4,113,12,6,107,High,Stressed,5,48,7
1031,20,Female,Facebook,156,1,21,0,6,46,Moderate,Neutral,3,97,4
2643,23,Female,Instagram,110,1,21,3,6,77,Moderate,Bored,4,68,6
3082,27,Male,Instagram,194,1,56,13,6,109,High,Anxious,5,68,6
2147,17,Male,Instagram,58,0,71,13,6,79,Moderate,Bored,3,86,6
1747,25,Other,TikTok,25,0,0,2,6,78,Moderate,Sad,3,92,4
2751,13,Male,Facebook,89,2,57,11,6,45,Moderate,Relaxed,5,91,4
2985,29,Female,YouTube,157,5,93,2,6,20,Low,Neutral,1,82,4
2269,19,Female,Instagram,211,2,61,5,6,41,Moderate,Bored,4,76,6
3343,26,Male,TikTok,206,2,84,16,6,69,High,Bored,3,76,6
2719,28,Female,Instagram,152,0,68,10,6,59,Moderate,Bored,2,86,5
3213,29,Female,Instagram,302,3,67,3,6,97,High,Anxious,5,51,10
2413,26,Male,Instagram,61,1,25,0,6,82,Moderate,Sad,4,73,4
2712,23,Male,TikTok,252,0,0,4,6,70,High,Bored,4,61,2
3013,19,Female,Instagram,200,1,74,7,6,67,Moderate,Anxious,4,80,6
1345,21,Female,LinkedIn,51,2,36,7,6,15,Low,Motivated,1,87,3
1557,21,Female,TikTok,199,2,76,1,6,89,High,Bored,5,69,4
2424,18,Male,Instagram,255,2,36,6,6,32,Moderate,Happy,3,78,4
2038,15,Male,TikTok,332,0,0,0,6,52,Moderate,Neutral,4,70,3
1681,28,Female,Reddit,140,2,63,18,6,38,Moderate,Relaxed,2,82,3
3230,30,Female,YouTube,77,1,54,0,6,65,Moderate,Bored,4,90,2
2107,27,Male,Facebook,34,2,36,0,6,58,Moderate,Neutral,2,77,3
1571,24,Female,Facebook,76,5,141,17,6,18,Low,Happy,1,81,5
1353,29,Female,Twitter,106,1,77,18,6,43,Moderate,Neutral,4,96,8
1092,29,Male,Snapchat,44,2,85,17,6,8,Low,Motivated,1,100,4
2211,16,Female,Instagram,120,2,54,10,6,64,Moderate,Sad,3,72,4
3107,18,Female,Reddit,59,1,3,0,6,22,Low,Relaxed,2,92,3
2271,30,Female,Snapchat,13,1,10,0,6,19,Low,Motivated,2,99,2
3277,28,Male,Snapchat,24,0,0,0,6,39,Low,Happy,2,97,4
1262,23,Male,TikTok,464,3,68,10,6,61,High,Bored,5,58,9
2463,22,Male,Reddit,234,2,35,7,6,29,Moderate,Happy,3,100,2
1749,20,Male,Reddit,89,4,95,19,6,48,Moderate,Neutral,4,73,5
2412,27,Male,Instagram,203,0,0,0,6,80,High,Bored,5,73,5
2766,18,Female,Twitter,165,2,29,0,6,83,High,Neutral,6,64,4
3438,28,Male,TikTok,180,0,17,0,6,32,Moderate,Motivated,4,92,5
2384,20,Female,Twitter,33,0,18,9,6,46,Moderate,Happy,2,91,5
2005,28,Male,LinkedIn,77,2,63,15,6,12,Low,Motivated,1,77,3
1568,17,Female,Twitter,94,1,36,10,6,87,High,Bored,4,83,2
1323,19,Female,Twitter,96,0,0,0,6,83,High,Neutral,3,81,4
2894,23,Male,Twitter,170,2,23,0,6,47,Moderate,Sad,3,84,4
3084,13,Male,Instagram,260,1,53,7,6,99,High,Stressed,4,61,8
1349,19,Non-binary,LinkedIn,86,0,28,3,6,15,Low,Relaxed,3,93,1
2090,22,Female,Instagram,110,0,17,6,6,68,Moderate,Neutral,5,80,5
2851,20,Male,Twitter,266,2,60,5,6,53,Moderate,Bored,4,75,5
1301,19,Male,Twitter,103,1,55,5,6,59,Moderate,Bored,2,80,4
2659,17,Female,Instagram,127,3,126,12,6,73,Moderate,Neutral,4,69,4
2317,17,Male,Reddit,131,2,30,15,6,43,Moderate,Neutral,1,71,4
3015,28,Male,TikTok,178,2,60,15,6,41,Moderate,Neutral,3,73,4
2011,31,Male,Twitter,88,2,40,1,6,70,Moderate,Anxious,3,76,4
1965,23,Female,TikTok,232,0,1,0,6,94,High,Bored,5,57,7
3370,31,Female,Instagram,167,0,7,0,6,71,Moderate,Sad,4,67,4
3356,25,Male,Instagram,413,0,0,5,6,68,High,Neutral,4,60,4
2129,23,Female,Facebook,121,1,91,9,6,49,Moderate,Bored,3,58,5
1316,24,Male,TikTok,122,3,72,10,6,57,Moderate,Bored,4,72,7
3070,29,Male,Facebook,76,3,54,6,6,47,Moderate,Motivated,2,68,4
1454,27,Female,YouTube,246,5,129,15,6,24,Moderate,Happy,1,63,3
1914,33,Female,TikTok,85,1,38,12,6,92,High,Neutral,4,62,4
1602,18,Male,Instagram,592,0,36,9,6,61,High,Stressed,6,65,3
1176,28,Male,LinkedIn,81,1,84,22,6,36,Low,Motivated,5,89,7
1901,26,Male,TikTok,149,1,78,9,6,69,Moderate,Bored,5,70,4
3273,19,Female,Reddit,193,0,11,0,6,39,Moderate,Motivated,4,84,3
2299,25,Female,Facebook,125,2,113,16,6,56,Moderate,Neutral,4,82,4
1038,13,Female,TikTok,74,1,9,7,6,69,Moderate,Sad,4,77,3
1975,21,Male,TikTok,158,1,45,4,6,77,High,Bored,5,66,5
1124,15,Other,Instagram,339,2,25,0,6,93,High,Stressed,6,70,8
2742,22,Female,Facebook,122,3,45,16,6,34,Moderate,Happy,3,83,4
3419,26,Female,Instagram,142,2,35,5,6,54,Moderate,Neutral,4,100,5
1040,25,Female,TikTok,146,2,47,0,6,72,Moderate,Neutral,4,85,6
3417,27,Female,Twitter,161,2,99,12,6,90,High,Bored,3,91,3
3010,29,Female,TikTok,165,2,56,2,6,45,Moderate,Neutral,3,93,4
2772,34,Male,Instagram,95,2,79,4,6,126,Severe,Depressed,6,54,5
2966,24,Male,TikTok,63,2,42,1,6,97,High,Bored,5,58,6
2499,30,Female,Pinterest,34,1,74,14,6,5,Low,Happy,2,100,4
1635,17,Female,Facebook,64,2,90,13,6,37,Low,Happy,3,82,4
2967,22,Female,Instagram,150,5,108,11,6,86,High,Bored,6,100,6
1580,30,Female,Facebook,20,1,54,3,6,45,Moderate,Neutral,3,90,2
2536,14,Male,Twitter,136,1,40,2,6,53,Moderate,Anxious,1,86,4
1893,30,Female,Twitter,134,5,73,18,6,76,Moderate,Neutral,4,69,7
1781,25,Female,Instagram,153,1,6,0,6,93,High,Bored,6,66,7
1160,27,Male,TikTok,54,1,0,12,6,75,Moderate,Bored,4,73,4
2653,25,Male,Instagram,124,4,105,13,6,96,High,Bored,4,59,6
2152,13,Male,TikTok,132,3,97,16,6,99,High,Bored,5,75,6
1062,22,Male,TikTok,521,1,0,9,6,71,High,Stressed,4,55,6
1850,20,Female,YouTube,67,1,8,10,6,20,Low,Relaxed,2,84,1
2545,20,Female,Instagram,91,2,73,11,6,76,Moderate,Neutral,4,77,5
3411,28,Male,Instagram,304,0,0,2,6,67,High,Bored,5,73,5
2044,23,Male,Instagram,171,0,0,0,6,60,Moderate,Sad,3,79,2
3204,16,Male,TikTok,154,1,37,10,6,68,Moderate,Neutral,5,66,5
3167,19,Non-binary,YouTube,125,1,51,13,6,18,Low,Motivated,3,90,5
1054,27,Male,TikTok,328,0,34,12,6,78,High,Bored,5,84,7
2547,18,Female,Snapchat,70,1,54,6,6,19,Low,Neutral,1,85,1
1506,21,Female,Discord,116,2,81,18,6,26,Low,Happy,3,73,2
1753,18,Male,Facebook,101,0,28,2,6,37,Moderate,Motivated,3,80,1
2380,34,Male,Instagram,171,0,0,0,6,47,Moderate,Bored,2,88,4
2422,30,Female,Snapchat,47,0,26,3,6,19,Low,Happy,2,85,4
2392,19,Male,Instagram,649,1,24,0,6,79,Severe,Anxious,5,54,6
3375,30,Male,Reddit,188,2,67,10,6,37,Moderate,Neutral,3,76,4
3284,18,Female,TikTok,90,2,31,0,6,92,High,Bored,7,69,4
1772,20,Female,Twitter,41,4,120,18,6,127,High,Angry,6,78,4
3339,24,Male,TikTok,85,2,61,12,6,69,Moderate,Bored,2,84,7
3235,16,Male,Twitter,176,1,40,4,6,40,Moderate,Happy,2,68,3
2194,25,Female,Instagram,66,1,79,5,6,61,Moderate,Anxious,4,89,6
2190,18,Female,Instagram,92,4,92,10,6,73,Moderate,Neutral,4,83,5
2899,27,Male,Twitter,243,1,20,2,6,58,Moderate,Bored,4,70,5
2819,22,Female,Instagram,97,0,0,0,6,57,Moderate,Sad,3,91,3
2866,14,Male,Discord,114,3,44,10,6,37,Moderate,Happy,1,90,6
2191,24,Female,Twitter,74,2,41,5,6,90,High,Neutral,3,85,7
1964,28,Female,YouTube,53,2,51,10,6,49,Moderate,Happy,4,90,5
2667,18,Female,Twitter,334,5,145,22,6,69,High,Bored,5,67,6
1399,23,Female,TikTok,90,0,22,7,6,82,High,Neutral,4,87,4
1585,25,Male,Instagram,84,4,116,18,6,49,Moderate,Happy,3,78,6
1949,23,Male,YouTube,161,1,15,0,6,22,Low,Motivated,2,89,5
1705,14,Male,Instagram,209,3,106,15,6,47,Moderate,Neutral,3,89,5
1432,13,Non-binary,Reddit,70,2,26,4,6,50,Moderate,Neutral,5,90,7
1293,20,Female,YouTube,102,1,35,4,6,51,Moderate,Bored,3,85,5
2852,34,Female,TikTok,398,5,135,22,6,43,Moderate,Bored,6,79,5
2445,26,Female,Twitter,142,3,104,17,6,60,Moderate,Neutral,4,84,5
2602,32,Female,Twitter,325,2,13,0,6,84,High,Bored,5,70,6
1003,27,Female,Instagram,134,2,76,13,6,89,High,Neutral,5,52,6
1577,25,Female,TikTok,110,1,25,3,6,78,Moderate,Neutral,5,84,4
2791,13,Male,Twitter,316,0,9,3,6,68,High,Bored,4,71,7
1340,20,Female,Twitter,86,0,0,2,6,52,Moderate,Neutral,3,83,4
2106,17,Female,TikTok,223,0,11,4,6,42,Moderate,Bored,3,77,2
1926,14,Female,YouTube,143,3,43,12,6,28,Low,Happy,2,99,1
1266,16,Other,LinkedIn,92,0,0,0,6,12,Low,Happy,2,100,4
1377,29,Female,YouTube,31,1,47,12,6,9,Low,Happy,1,89,2
1272,15,Female,YouTube,45,1,56,13,6,39,Low,Neutral,1,77,6
1697,25,Female,Instagram,157,0,0,0,6,80,High,Bored,5,65,8
2619,21,Female,Instagram,129,3,122,22,6,46,Moderate,Happy,4,100,5
1245,16,Male,Instagram,113,0,0,6,6,97,High,Bored,4,72,7
2652,25,Male,Twitter,295,0,0,7,6,73,High,Neutral,4,70,6
1477,27,Female,Instagram,269,3,64,6,6,89,High,Bored,5,51,4
2179,18,Female,Twitter,317,3,88,16,6,86,High,Bored,3,69,8
2196,26,Female,TikTok,237,2,51,8,6,81,High,Sad,4,90,4
2286,16,Female,Twitter,212,1,60,3,6,59,Moderate,Bored,4,52,6
2166,38,Male,Instagram,132,2,76,3,6,64,Moderate,Sad,2,100,4
3253,15,Male,YouTube,181,2,47,0,6,52,Moderate,Bored,1,75,3
1251,16,Male,Twitter,303,2,103,19,6,54,Moderate,Neutral,4,78,5
1414,31,Female,YouTube,169,1,33,4,6,25,Low,Relaxed,3,89,4
3412,33,Male,Snapchat,23,0,63,7,6,20,Low,Neutral,4,83,1
3081,24,Female,Snapchat,62,3,67,2,6,18,Low,Neutral,2,79,2
1311,22,Female,Facebook,35,0,20,1,6,32,Low,Happy,1,97,3
1894,31,Male,Instagram,63,0,52,9,6,51,Moderate,Motivated,2,98,5
3423,22,Female,YouTube,121,5,92,5,6,39,Moderate,Neutral,2,75,1
1016,20,Female,Twitter,90,2,40,9,6,73,Moderate,Bored,4,61,8
1722,13,Male,LinkedIn,101,0,36,9,6,29,Low,Motivated,2,81,4
3191,14,Male,TikTok,58,3,53,13,6,59,Moderate,Bored,1,69,5
1982,26,Male,TikTok,355,0,57,16,6,58,High,Anxious,4,83,6
3105,16,Female,LinkedIn,62,3,86,14,6,13,Low,Motivated,1,84,3
2974,25,Female,Instagram,90,2,40,6,6,80,Moderate,Anxious,4,80,7
1364,26,Male,Instagram,162,1,26,5,6,24,Low,Relaxed,4,100,4
2620,30,Male,TikTok,106,2,90,8,6,96,High,Bored,6,70,8
1183,17,Male,TikTok,172,1,21,3,6,58,Moderate,Neutral,2,97,6
1986,17,Female,Facebook,232,1,41,6,6,24,Moderate,Happy,3,88,1
2388,33,Male,Twitter,120,3,121,20,6,81,High,Neutral,4,99,5
3120,22,Male,Instagram,239,3,108,12,6,69,High,Neutral,4,81,6
3076,22,Female,TikTok,169,4,91,17,6,62,Moderate,Neutral,2,84,4
1188,23,Male,TikTok,162,2,77,9,6,55,Moderate,Bored,4,80,4
1620,25,Female,Instagram,184,3,87,21,6,43,Moderate,Neutral,4,82,5
2122,31,Male,Twitter,57,0,40,8,6,28,Low,Motivated,3,95,4
1615,38,Male,Reddit,105,2,48,10,6,34,Low,Neutral,3,83,6
3196,20,Male,Snapchat,141,2,62,9,6,16,Low,Motivated,1,99,4
1995,17,Female,Instagram,122,1,42,0,6,72,Moderate,Anxious,3,88,4
3034,27,Female,TikTok,268,1,21,5,6,52,Moderate,Neutral,4,75,1
1372,26,Male,Reddit,98,1,0,0,6,19,Low,Happy,2,85,4
2339,21,Male,Instagram,163,0,0,0,6,87,High,Bored,4,83,6
1594,26,Male,Reddit,75,2,35,4,6,17,Low,Motivated,1,100,3
1727,24,Male,Instagram,280,1,33,16,6,61,High,Bored,2,59,5
2843,20,Male,TikTok,218,2,34,3,6,57,Moderate,Bored,3,47,5
1688,21,Female,Twitter,470,1,47,5,6,43,High,Neutral,4,64,7
2661,31,Female,Facebook,77,0,38,0,6,24,Low,Motivated,1,93,4
1137,19,Female,Instagram,413,3,87,13,6,77,High,Depressed,5,64,8
1629,24,Female,TikTok,143,2,26,1,6,96,High,Bored,5,68,4
1335,29,Non-binary,Discord,67,3,62,8,6,18,Low,Motivated,2,97,5
2481,28,Female,TikTok,294,3,42,8,6,73,High,Anxious,3,62,5
3237,24,Female,Instagram,144,1,34,8,6,97,High,Bored,5,63,7
2110,35,Male,YouTube,86,2,12,0,6,29,Low,Motivated,1,88,4
2361,23,Female,Twitter,216,4,54,9,6,91,High,Neutral,5,90,5
2787,22,Male,TikTok,229,0,73,6,6,97,High,Angry,6,41,6
1711,25,Male,TikTok,130,3,84,11,6,69,Moderate,Bored,4,86,6
2040,30,Male,TikTok,123,4,95,13,6,59,Moderate,Neutral,4,80,4
2309,30,Female,TikTok,103,0,20,3,6,65,Moderate,Neutral,5,71,6
2775,19,Female,TikTok,225,1,2,0,6,95,High,Bored,4,69,5
3299,27,Female,Reddit,65,0,49,11,6,56,Moderate,Bored,5,96,4
2113,29,Male,YouTube,34,4,89,6,6,41,Low,Neutral,3,98,5
1466,22,Female,LinkedIn,234,0,0,2,6,30,Moderate,Happy,3,95,3
2360,25,Male,TikTok,229,3,117,16,6,71,High,Anxious,4,77,4
3472,38,Male,TikTok,197,3,81,9,6,74,High,Neutral,2,68,5
3146,32,Other,Facebook,73,0,38,13,6,29,Low,Happy,1,81,2
2105,30,Female,Twitter,69,2,55,4,6,78,Moderate,Neutral,4,77,6
2387,31,Female,Instagram,153,3,109,28,6,68,Moderate,Anxious,4,67,7
3000,19,Female,Reddit,183,2,31,4,6,26,Moderate,Happy,3,84,2
2452,34,Male,Reddit,155,0,16,1,6,32,Moderate,Happy,3,75,4
3092,25,Female,Facebook,117,1,15,11,6,5,Low,Happy,3,100,1
2860,25,Non-binary,TikTok,173,3,79,11,6,48,Moderate,Bored,3,80,4
2171,28,Male,Twitter,175,2,62,4,6,47,Moderate,Bored,4,98,5
3099,14,Female,TikTok,67,1,4,0,6,87,High,Bored,5,85,4
1817,25,Male,Reddit,217,1,26,0,6,37,Moderate,Relaxed,2,81,2
2068,30,Male,Pinterest,61,2,56,12,6,30,Low,Happy,2,99,5
1275,18,Male,YouTube,127,3,47,1,6,50,Moderate,Bored,2,95,6
2702,26,Male,Instagram,94,1,0,0,6,48,Moderate,Relaxed,3,92,6
1866,21,Male,TikTok,231,2,26,8,6,74,High,Sad,6,70,5
1102,21,Male,Instagram,118,1,2,0,6,73,Moderate,Bored,3,77,4
2614,23,Male,Instagram,480,1,35,4,6,66,High,Bored,6,50,6
1108,25,Female,Snapchat,72,2,62,5,6,19,Low,Happy,3,94,3
3489,24,Male,Instagram,289,4,73,11,6,104,High,Depressed,3,45,8
2484,21,Male,TikTok,126,1,78,5,6,32,Moderate,Neutral,2,74,3
2362,27,Female,Facebook,105,2,63,10,6,41,Moderate,Motivated,3,97,6
2223,27,Female,Instagram,237,1,70,6,6,80,High,Bored,3,56,7
2369,21,Female,Facebook,98,2,93,12,6,27,Low,Happy,2,89,1
3173,22,Male,TikTok,192,2,24,7,6,102,High,Depressed,6,50,5
3373,24,Female,Instagram,207,3,70,18,6,94,High,Anxious,6,58,6
2500,27,Non-binary,YouTube,99,1,23,0,6,55,Moderate,Neutral,3,73,5
1713,20,Male,Instagram,204,2,48,12,6,50,Moderate,Neutral,2,69,8
1073,23,Male,Instagram,410,0,34,0,6,75,High,Neutral,4,73,6
2801,35,Female,LinkedIn,113,1,10,0,6,12,Low,Happy,3,100,1
3404,22,Female,Instagram,53,1,21,0,6,70,Moderate,Bored,6,88,5
1482,18,Male,YouTube,83,1,74,29,6,14,Low,Motivated,1,88,3
2666,23,Female,TikTok,70,1,44,17,6,107,High,Neutral,4,65,3
2420,27,Female,Instagram,35,0,46,9,6,72,Moderate,Neutral,3,63,5
2172,25,Male,Instagram,193,0,64,14,6,85,High,Bored,5,95,6
3023,32,Female,Pinterest,97,1,45,3,6,32,Low,Happy,3,100,6
2442,31,Male,Twitter,214,0,21,0,6,55,Moderate,Bored,4,71,6
1406,27,Male,TikTok,130,1,37,9,6,50,Moderate,Neutral,3,94,2
1758,25,Male,Twitter,300,3,91,8,6,64,High,Neutral,5,82,5
2363,24,Female,YouTube,316,1,42,11,6,37,Moderate,Anxious,3,87,4
2621,24,Female,TikTok,65,0,29,0,6,95,High,Neutral,3,80,3
2612,14,Female,YouTube,184,4,94,12,6,37,Moderate,Motivated,3,81,3
3221,21,Female,TikTok,126,1,34,0,6,88,High,Bored,6,74,3
1744,24,Female,TikTok,402,1,32,9,6,79,High,Anxious,3,55,4
1807,25,Male,Instagram,150,1,51,0,6,64,Moderate,Bored,2,73,4
3309,27,Female,YouTube,203,2,50,9,6,66,Moderate,Neutral,4,73,5
2318,22,Male,Twitter,20,2,26,2,6,69,Moderate,Bored,2,82,6
2897,22,Non-binary,Instagram,238,1,17,11,6,24,Moderate,Happy,1,100,4
2507,28,Male,Instagram,36,4,130,16,6,66,Moderate,Sad,4,74,2
1149,27,Male,Twitter,155,0,56,7,6,59,Moderate,Neutral,3,78,6
3112,23,Male,Twitter,122,0,41,1,6,64,Moderate,Neutral,3,79,7
2437,22,Female,Twitter,280,3,95,24,6,39,Moderate,Sad,3,95,3
1693,17,Female,Facebook,181,0,0,2,6,26,Low,Relaxed,3,72,3
1819,24,Female,TikTok,68,0,25,0,6,74,Moderate,Bored,3,89,3
2757,23,Male,Instagram,109,2,85,18,6,52,Moderate,Bored,3,85,3
2654,21,Male,LinkedIn,21,2,80,6,6,31,Low,Motivated,4,94,4
2715,20,Male,YouTube,136,2,94,15,6,45,Moderate,Motivated,3,90,3
1702,30,Female,Snapchat,86,1,26,6,6,8,Low,Happy,2,100,2
3212,27,Male,TikTok,71,1,1,9,6,92,High,Neutral,3,73,5
1922,17,Female,Twitter,220,0,0,0,6,29,Moderate,Neutral,2,78,3
1906,24,Male,Instagram,133,1,53,0,6,68,Moderate,Anxious,4,86,1
1455,20,Female,Twitter,168,2,0,0,6,86,High,Sad,3,84,6
3394,20,Female,TikTok,163,3,97,16,6,70,Moderate,Bored,4,75,6
2794,28,Male,Instagram,73,2,26,8,6,72,Moderate,Anxious,3,80,5
2229,29,Male,Instagram,22,2,4,0,6,57,Moderate,Happy,3,78,6
1168,35,Male,Instagram,564,0,55,16,6,61,High,Bored,6,86,7
1731,25,Male,Twitter,231,3,41,6,6,103,High,Stressed,5,65,6
2579,19,Female,Instagram,140,1,35,6,6,86,High,Neutral,4,74,8
1027,17,Male,Snapchat,37,2,11,0,6,19,Low,Neutral,2,93,3
2345,29,Male,Reddit,135,1,36,8,6,39,Moderate,Neutral,4,83,3
2524,18,Female,Instagram,117,1,53,12,6,73,Moderate,Anxious,4,67,5
1998,27,Other,LinkedIn,95,3,74,13,6,5,Low,Happy,1,89,1
2177,13,Male,Instagram,155,4,117,17,6,67,Moderate,Bored,4,87,5
2041,34,Male,Instagram,278,1,87,11,6,104,High,Anxious,5,45,6
2622,15,Male,Twitter,130,2,58,13,6,78,High,Bored,5,74,6
2256,16,Male,Instagram,225,0,44,9,6,86,High,Bored,5,61,5
2888,26,Female,Snapchat,114,2,113,10,6,21,Low,Neutral,1,92,4
1042,25,Male,Instagram,311,1,38,11,6,79,High,Neutral,5,77,7
2245,20,Male,Instagram,345,3,111,7,6,73,High,Bored,4,67,4
2627,21,Male,Instagram,78,1,43,0,6,80,Moderate,Neutral,4,81,4
3195,25,Female,Reddit,89,4,128,21,6,53,Moderate,Anxious,3,88,3
2376,22,Male,TikTok,93,1,48,9,6,40,Moderate,Motivated,2,80,5
2923,17,Female,Facebook,118,1,17,0,6,30,Low,Motivated,5,88,4
1610,32,Female,TikTok,123,2,30,10,6,63,Moderate,Neutral,3,77,3
2133,33,Female,YouTube,28,1,20,2,6,42,Low,Neutral,3,91,1
3003,19,Female,Reddit,208,0,25,7,6,52,Moderate,Neutral,3,88,4
1442,23,Female,Facebook,220,2,44,3,6,60,Moderate,Neutral,2,73,6
2353,27,Female,Facebook,126,1,23,0,6,20,Low,Happy,2,82,4
2943,25,Female,LinkedIn,28,3,48,14,6,6,Low,Neutral,3,93,1
1494,18,Female,Twitter,392,1,51,2,6,80,High,Depressed,5,67,4
2976,21,Male,YouTube,174,3,63,9,6,28,Moderate,Happy,2,100,2
1237,13,Male,Twitter,32,2,86,16,6,96,High,Anxious,5,72,7
1552,23,Male,TikTok,168,2,74,16,6,108,High,Angry,7,68,4
1521,13,Male,Instagram,275,0,0,0,6,70,High,Neutral,4,75,8
3297,26,Female,Twitter,72,2,58,12,6,67,Moderate,Neutral,4,91,4
2233,23,Female,TikTok,201,1,36,5,6,49,Moderate,Bored,2,77,5
2139,27,Male,Instagram,139,2,63,15,6,69,Moderate,Neutral,3,78,7
1721,25,Male,TikTok,160,0,15,0,6,81,High,Bored,3,64,4
2908,17,Male,Facebook,49,1,40,3,6,44,Moderate,Happy,3,89,2
3209,22,Female,Instagram,56,1,10,0,6,113,High,Neutral,6,59,8
1059,25,Female,Twitter,237,1,55,9,6,45,Moderate,Anxious,3,84,4
1632,33,Female,YouTube,47,0,0,8,6,57,Moderate,Anxious,3,73,5
2182,32,Female,Twitter,140,0,0,0,6,83,High,Anxious,4,82,4
2645,17,Female,TikTok,195,0,6,0,6,59,Moderate,Sad,2,81,6
1593,26,Male,TikTok,48,4,81,20,6,76,Moderate,Neutral,4,79,6
3177,14,Male,TikTok,176,0,17,0,6,102,High,Stressed,5,64,6
1940,20,Female,TikTok,92,0,38,13,6,88,High,Bored,5,66,8
3326,28,Male,Reddit,80,1,57,8,6,48,Moderate,Motivated,3,91,4
2250,14,Female,Twitter,92,0,9,4,6,90,High,Bored,3,76,4
1905,25,Male,Facebook,232,3,84,12,6,39,Moderate,Neutral,3,79,4
2947,26,Male,Twitter,167,3,109,14,6,87,High,Neutral,6,52,7
3399,25,Male,Twitter,309,0,11,2,6,93,High,Anxious,8,63,5
3014,18,Male,Snapchat,13,2,51,2,6,7,Low,Happy,1,100,1
2423,21,Female,Instagram,176,1,21,2,6,89,High,Bored,4,70,5
2996,30,Female,Twitter,112,1,75,10,6,87,High,Bored,3,52,5
2912,37,Female,Instagram,23,0,13,7,6,58,Moderate,Bored,2,93,5
1707,16,Male,TikTok,68,1,40,10,6,58,Moderate,Bored,2,76,6
2023,23,Male,Twitter,303,0,33,11,6,58,Moderate,Sad,3,78,3
1746,19,Female,TikTok,96,2,79,16,6,63,Moderate,Anxious,4,86,3
2830,24,Male,TikTok,101,2,67,12,6,48,Moderate,Neutral,2,83,4
2713,13,Female,Twitter,209,3,86,18,6,88,High,Bored,4,62,6
1514,18,Male,Twitter,61,2,41,7,6,81,Moderate,Bored,4,67,6
1082,26,Male,TikTok,103,5,127,22,6,72,Moderate,Bored,4,94,4
3216,25,Male,TikTok,98,1,28,12,6,84,High,Anxious,4,74,5
1915,23,Female,TikTok,48,4,79,10,6,99,High,Bored,5,70,3
3302,18,Female,Facebook,208,0,24,9,6,70,High,Bored,4,87,3
2818,19,Male,Instagram,83,3,62,7,6,72,Moderate,Anxious,3,68,6
1151,25,Female,TikTok,366,0,0,2,6,43,Moderate,Neutral,3,100,3
1775,27,Non-binary,TikTok,249,0,22,5,6,46,Moderate,Bored,3,89,9
1330,27,Female,Instagram,258,0,0,1,6,63,Moderate,Bored,4,86,6
1007,33,Male,Instagram,68,0,34,0,6,86,High,Bored,4,72,6
1944,23,Male,TikTok,207,1,42,10,6,64,Moderate,Neutral,4,82,7
2595,13,Female,Twitter,298,1,0,0,6,46,Moderate,Anxious,4,79,4
1735,30,Female,LinkedIn,53,0,0,0,6,31,Low,Happy,1,82,2
1910,36,Male,Instagram,126,0,0,0,6,80,High,Neutral,4,65,4
1469,20,Male,Twitter,141,2,72,12,6,43,Moderate,Happy,3,66,4
1182,18,Male,Twitter,183,1,16,3,6,74,High,Bored,5,72,8
1165,29,Male,Instagram,148,2,82,9,6,56,Moderate,Sad,4,71,4
1452,29,Male,TikTok,226,1,0,1,6,82,High,Bored,4,85,4
1491,23,Female,Instagram,259,1,38,8,6,86,High,Bored,6,57,5
2917,19,Female,Instagram,219,2,53,7,6,33,Moderate,Relaxed,3,79,6
2144,24,Male,Twitter,207,2,58,3,6,85,High,Bored,5,66,4
2698,19,Male,Instagram,352,0,14,5,6,63,High,Bored,5,66,1
2112,25,Male,Twitter,360,3,94,15,6,109,Severe,Anxious,5,78,7
3381,18,Female,TikTok,27,1,61,17,6,88,High,Anxious,5,86,6
2476,27,Male,Snapchat,53,2,62,0,6,27,Low,Happy,1,87,5
2488,13,Male,Instagram,296,1,125,17,6,73,High,Neutral,6,87,3
2714,29,Female,Instagram,45,3,82,14,6,84,Moderate,Sad,4,87,4
2821,23,Male,Instagram,243,1,13,0,6,89,High,Bored,6,49,7
3080,21,Male,Snapchat,86,5,128,20,6,27,Low,Neutral,4,97,5
2850,26,Female,Twitter,45,4,97,10,6,92,High,Bored,6,89,4
2733,23,Male,TikTok,64,1,65,12,6,41,Moderate,Happy,2,72,4
2793,23,Female,YouTube,143,0,21,3,6,47,Moderate,Anxious,4,89,5
1328,28,Male,Reddit,223,4,114,8,6,42,Moderate,Neutral,4,92,3
1443,13,Male,Instagram,126,2,43,6,6,73,Moderate,Neutral,2,82,6
2593,26,Female,TikTok,176,1,2,0,6,58,Moderate,Bored,3,69,5
2382,21,Other,Snapchat,45,1,90,8,6,14,Low,Happy,1,88,3
1833,17,Female,Instagram,272,0,11,0,6,48,Moderate,Bored,4,78,4
3468,24,Female,Instagram,280,1,65,6,6,58,Moderate,Bored,5,96,5
2892,24,Female,Instagram,161,2,53,18,6,91,High,Anxious,6,56,6
2311,23,Male,Instagram,57,2,60,5,6,74,Moderate,Sad,3,72,5
1087,29,Male,LinkedIn,58,1,67,4,6,5,Low,Happy,1,100,4
3441,34,Male,Instagram,242,1,11,3,6,75,High,Neutral,3,74,5
1778,22,Male,Instagram,275,4,76,10,6,74,High,Anxious,4,72,6
3427,27,Female,YouTube,278,3,109,15,6,32,Moderate,Bored,4,85,5
1055,30,Female,Facebook,32,1,7,6,6,20,Low,Happy,3,100,4
2876,32,Female,TikTok,183,0,0,0,6,88,High,Bored,4,56,7
2288,27,Female,Instagram,454,0,0,0,6,65,High,Neutral,6,50,5
2732,21,Male,Twitter,137,1,38,8,6,67,Moderate,Sad,3,70,5
2802,23,Female,TikTok,293,1,31,7,6,61,High,Bored,4,100,5
2246,16,Male,Twitter,380,1,27,0,6,90,High,Angry,5,72,5
1114,38,Male,Facebook,283,3,59,18,6,44,Moderate,Bored,4,92,7
3342,26,Male,Snapchat,87,3,137,20,6,15,Low,Motivated,3,98,3
1988,29,Female,YouTube,140,1,0,0,6,41,Moderate,Motivated,3,76,2
3262,26,Male,TikTok,115,0,16,4,6,99,High,Bored,5,73,4
3074,25,Non-binary,Facebook,106,3,57,18,6,25,Low,Motivated,4,92,4
2010,20,Male,TikTok,162,2,74,12,6,73,Moderate,Sad,3,57,4
2199,25,Female,Instagram,185,1,72,11,6,80,High,Neutral,4,65,8
1590,18,Female,Instagram,188,1,52,12,6,66,Moderate,Bored,3,69,3
1769,20,Male,Reddit,150,0,0,6,6,30,Moderate,Happy,3,87,4
1018,25,Male,TikTok,210,4,67,6,6,54,Moderate,Sad,4,78,5
2043,30,Female,YouTube,150,1,22,1,6,44,Moderate,Neutral,3,83,3
3041,19,Female,TikTok,338,5,132,22,6,92,High,Anxious,6,76,5
1286,13,Male,YouTube,181,0,16,2,6,42,Moderate,Neutral,2,74,5
1429,30,Male,TikTok,246,2,76,3,6,89,High,Anxious,4,60,7
2922,28,Female,TikTok,215,1,60,8,6,89,High,Bored,4,82,6
2357,20,Male,TikTok,312,2,64,7,6,36,Moderate,Neutral,3,67,4
1670,30,Male,Discord,96,2,90,4,6,6,Low,Happy,1,100,3
1032,35,Male,Snapchat,41,1,53,10,6,20,Low,Neutral,1,99,5
1723,15,Female,Facebook,53,0,9,6,6,59,Moderate,Bored,1,90,4
1952,26,Female,Facebook,179,4,96,12,6,36,Moderate,Relaxed,3,99,5
2765,22,Male,Instagram,118,1,21,0,6,98,High,Neutral,4,76,6
1215,22,Male,TikTok,220,0,25,5,6,70,High,Neutral,4,60,4
2790,32,Male,Facebook,14,0,7,0,6,50,Moderate,Relaxed,3,86,4
2165,30,Male,Instagram,136,3,73,15,6,72,Moderate,Bored,2,64,2
1327,30,Male,Instagram,124,1,54,11,6,31,Low,Happy,2,78,4
1561,25,Male,LinkedIn,29,2,73,14,6,20,Low,Neutral,1,100,4
2087,30,Male,YouTube,195,2,18,3,6,28,Moderate,Relaxed,1,87,5
2831,28,Female,Twitter,231,1,31,7,6,52,Moderate,Bored,4,82,3
1342,25,Female,Instagram,283,4,108,10,6,52,Moderate,Bored,3,80,3
1148,16,Male,TikTok,186,0,27,1,6,30,Moderate,Motivated,4,71,4
2841,23,Male,YouTube,114,1,6,0,6,31,Low,Relaxed,2,93,2
2108,17,Male,LinkedIn,108,2,33,13,6,16,Low,Motivated,1,92,2
1849,20,Female,Instagram,168,1,36,9,6,81,High,Neutral,5,75,5
1967,19,Male,TikTok,112,2,55,0,6,88,High,Neutral,6,91,5
2073,24,Female,TikTok,164,0,64,8,6,73,High,Neutral,5,80,8
1156,19,Female,TikTok,150,0,39,6,6,46,Moderate,Anxious,3,92,5
3142,24,Male,Twitter,135,2,79,0,6,69,Moderate,Sad,5,87,5
3111,20,Female,Instagram,51,0,41,1,6,113,High,Bored,5,62,5
2003,24,Female,Facebook,71,2,5,0,6,33,Low,Relaxed,2,93,6
2845,24,Male,Twitter,197,3,99,19,6,36,Moderate,Neutral,3,74,4
3093,27,Female,Twitter,260,2,58,4,6,53,Moderate,Bored,4,77,4
2849,29,Female,Twitter,392,1,17,1,6,81,High,Anxious,7,64,4
3210,23,Non-binary,TikTok,175,0,0,0,6,66,Moderate,Neutral,4,81,5
3353,28,Male,TikTok,178,2,44,0,6,82,High,Bored,5,74,3
2204,27,Female,Instagram,205,2,78,15,6,89,High,Sad,6,70,7
2633,20,Female,Reddit,293,4,87,14,6,50,Moderate,Anxious,5,80,5
3346,30,Female,TikTok,621,1,30,6,6,79,Severe,Anxious,7,54,5
2394,24,Male,TikTok,140,3,42,0,6,74,Moderate,Anxious,4,86,3
3352,27,Female,YouTube,97,4,62,9,6,39,Moderate,Motivated,2,85,6
3289,20,Male,TikTok,96,2,27,4,6,51,Moderate,Bored,4,100,5
2981,18,Female,TikTok,386,2,71,12,6,84,High,Anxious,6,59,8
3243,35,Female,Twitter,50,1,47,4,6,47,Moderate,Happy,3,84,5
1939,25,Male,Instagram,159,3,92,17,6,66,Moderate,Anxious,5,66,6
3245,33,Non-binary,Instagram,70,2,45,0,6,33,Low,Neutral,3,67,4
1347,15,Female,Instagram,101,1,0,0,6,105,High,Bored,5,79,2
3085,20,Male,TikTok,101,2,39,2,6,62,Moderate,Neutral,3,85,4
3475,25,Female,Instagram,122,3,78,7,6,53,Moderate,Anxious,3,85,3
2419,33,Male,YouTube,176,1,62,10,6,41,Moderate,Relaxed,4,90,6
1386,24,Female,Twitter,146,0,0,0,6,59,Moderate,Bored,5,82,4
2581,25,Female,Facebook,61,3,104,17,6,45,Moderate,Neutral,1,90,3
3098,17,Female,Instagram,248,2,76,6,6,65,High,Neutral,5,83,6
1244,29,Male,Reddit,63,1,24,13,6,29,Low,Happy,1,90,1
2623,29,Female,Instagram,52,3,110,11,6,56,Moderate,Bored,5,85,5
1937,17,Male,Instagram,52,1,45,7,6,59,Moderate,Bored,4,71,2
3222,20,Male,Snapchat,29,0,14,3,6,20,Low,Happy,1,93,3
1313,28,Female,Instagram,184,2,36,11,6,76,High,Neutral,5,72,6
3440,14,Female,Instagram,176,0,52,4,6,44,Moderate,Bored,4,83,5
2525,21,Male,Twitter,180,2,61,10,6,58,Moderate,Neutral,3,68,3
2333,22,Female,TikTok,61,8,165,24,6,82,Moderate,Sad,6,67,7
1969,23,Female,Snapchat,34,2,70,2,6,5,Low,Happy,1,95,3
1661,20,Male,TikTok,209,1,18,2,6,73,High,Neutral,3,72,3
1936,20,Female,Instagram,147,4,75,13,6,72,Moderate,Neutral,4,91,4
1371,24,Female,YouTube,125,0,19,0,6,33,Moderate,Motivated,2,97,4
1567,13,Female,YouTube,140,6,126,15,6,30,Low,Neutral,3,95,4
2958,42,Female,Instagram,238,0,43,6,6,95,High,Bored,6,66,5
1825,21,Male,TikTok,317,2,70,5,6,93,High,Stressed,5,69,6
1983,18,Male,Twitter,199,0,64,12,6,51,Moderate,Bored,5,71,4
2980,26,Male,Facebook,64,0,0,0,6,39,Moderate,Happy,2,78,1
2478,26,Female,YouTube,27,0,22,12,6,76,Moderate,Anxious,4,88,4
3149,23,Female,Reddit,174,5,100,15,6,23,Low,Happy,3,88,2
1814,25,Female,TikTok,378,0,30,4,6,73,High,Neutral,4,65,3
1779,23,Male,Twitter,81,1,21,1,6,56,Moderate,Neutral,3,80,6
2321,24,Female,TikTok,36,0,28,5,6,50,Moderate,Motivated,3,75,7
2522,27,Non-binary,Reddit,75,2,63,9,6,9,Low,Happy,1,87,3
2053,26,Male,TikTok,230,4,98,14,6,62,Moderate,Neutral,2,92,3
2814,29,Male,TikTok,209,2,53,11,6,109,High,Stressed,4,59,7
2014,19,Male,Instagram,129,2,66,7,6,77,High,Anxious,4,72,5
2402,27,Male,Facebook,205,2,46,11,6,54,Moderate,Bored,3,81,9
2710,18,Male,Discord,61,2,46,5,6,19,Low,Happy,1,89,3
3072,31,Female,Facebook,69,2,0,0,6,18,Low,Happy,1,99,2
2754,13,Female,TikTok,364,1,14,0,6,68,High,Bored,3,70,6
1127,18,Female,TikTok,42,2,40,9,6,51,Moderate,Motivated,2,78,5
1888,21,Female,TikTok,170,1,66,4,6,79,High,Bored,4,75,7
3030,21,Female,YouTube,63,3,40,9,6,35,Low,Motivated,4,86,3
2348,29,Female,TikTok,77,4,67,0,6,32,Low,Motivated,3,87,2
2008,27,Male,Instagram,261,3,56,15,6,68,High,Anxious,3,84,4
1356,17,Female,Instagram,195,0,6,1,6,64,Moderate,Neutral,5,71,8
2004,20,Male,Instagram,123,0,0,0,6,124,Severe,Stressed,5,65,9
1683,20,Male,Instagram,268,0,11,0,6,73,High,Bored,5,56,4
1828,20,Female,YouTube,103,3,98,13,6,17,Low,Relaxed,3,84,1
2492,39,Male,Instagram,98,1,59,9,6,70,Moderate,Neutral,4,76,6
1985,23,Male,TikTok,63,1,56,5,6,99,High,Neutral,6,73,4
2234,39,Female,Discord,29,2,93,7,6,10,Low,Happy,1,86,1
3122,28,Female,TikTok,120,1,24,13,6,67,Moderate,Anxious,3,78,2
1141,25,Male,Reddit,182,3,48,7,6,76,High,Anxious,4,76,7
1218,22,Other,Instagram,193,2,21,5,6,14,Low,Relaxed,3,97,4
3049,22,Male,Instagram,226,1,11,6,6,67,High,Neutral,4,85,4
2655,26,Male,Reddit,39,1,43,15,6,54,Moderate,Happy,3,82,4
3219,36,Female,Facebook,10,5,88,17,6,38,Low,Happy,3,77,4
2701,26,Female,Twitter,93,0,21,0,6,60,Moderate,Bored,3,97,4
2454,39,Female,TikTok,97,3,42,12,6,87,High,Neutral,4,79,4
1023,24,Male,TikTok,67,1,0,0,6,98,High,Bored,6,60,6
1712,23,Female,Twitter,299,2,51,8,6,111,Severe,Depressed,7,65,8
2158,37,Female,Instagram,70,1,21,0,6,81,Moderate,Bored,5,79,3
2685,16,Female,Twitter,131,0,0,3,6,82,High,Neutral,4,79,4
1872,19,Female,TikTok,196,1,17,0,6,54,Moderate,Anxious,2,88,4
2462,16,Male,Instagram,132,2,7,2,6,45,Moderate,Happy,3,80,3
1011,21,Male,Instagram,39,1,34,0,6,82,Moderate,Neutral,5,83,4
2741,23,Male,Instagram,200,2,61,6,6,81,High,Neutral,4,72,3
3357,21,Female,YouTube,70,4,83,8,6,47,Moderate,Happy,3,91,1
3324,34,Female,Facebook,152,2,44,12,6,36,Moderate,Happy,3,70,2
2316,16,Male,Instagram,349,1,35,0,6,107,Severe,Stressed,4,71,6
1755,18,Male,Snapchat,36,0,60,5,6,12,Low,Motivated,2,85,4
1627,18,Female,TikTok,206,4,124,23,6,88,High,Neutral,3,42,7
2729,26,Non-binary,Facebook,38,2,94,15,6,58,Moderate,Bored,2,79,2
2469,16,Male,YouTube,60,2,67,3,6,43,Moderate,Happy,5,74,4
1130,20,Female,Discord,10,1,8,7,6,15,Low,Happy,1,98,2
1844,26,Female,Instagram,39,4,32,2,6,97,High,Sad,4,85,5
1324,36,Male,Instagram,225,1,26,0,6,88,High,Bored,4,74,5
3157,21,Non-binary,Instagram,161,0,0,0,6,85,High,Neutral,6,93,6
2449,31,Female,Instagram,202,4,91,21,6,62,Moderate,Neutral,3,81,5
2285,19,Other,Reddit,15,0,9,1,6,29,Low,Relaxed,2,97,2
3422,31,Male,Twitter,143,2,100,8,6,79,High,Anxious,4,83,3
1015,13,Male,Facebook,92,2,72,4,6,18,Low,Happy,2,83,5
3047,24,Female,Snapchat,57,2,17,0,6,22,Low,Happy,1,92,4
1216,28,Female,Instagram,151,2,40,8,6,92,High,Anxious,6,71,6
2625,35,Male,TikTok,78,2,0,9,6,58,Moderate,Neutral,4,67,5
2938,26,Male,TikTok,181,0,53,0,6,33,Moderate,Happy,5,70,1
2183,29,Female,Instagram,115,2,49,13,6,67,Moderate,Neutral,4,72,4
2651,27,Female,Instagram,34,2,27,5,6,49,Moderate,Motivated,2,79,8
2562,19,Male,TikTok,44,4,85,16,6,68,Moderate,Bored,2,81,3
1865,20,Female,Reddit,89,1,53,8,6,23,Low,Neutral,5,75,3
1517,27,Female,Facebook,259,1,86,7,6,35,Moderate,Sad,4,99,6
1598,18,Male,Facebook,22,1,18,11,6,24,Low,Happy,1,82,5
1196,26,Male,YouTube,87,0,14,0,6,35,Low,Happy,3,100,2
2278,26,Female,TikTok,336,1,67,12,6,81,High,Bored,3,62,5
1289,25,Female,Snapchat,57,3,63,5,6,11,Low,Motivated,2,92,2
1951,22,Female,Twitter,79,2,49,6,6,60,Moderate,Sad,3,90,3
3351,30,Female,Twitter,65,1,49,10,6,107,High,Bored,4,66,9
2855,30,Male,Instagram,166,2,51,10,6,59,Moderate,Sad,3,72,5
3382,18,Male,Twitter,143,2,35,9,6,86,High,Bored,5,90,5
2121,30,Female,Instagram,191,1,0,0,6,68,Moderate,Neutral,3,76,4
2573,25,Female,LinkedIn,51,0,15,0,6,26,Low,Motivated,2,84,1
1550,20,Female,Discord,21,0,2,0,6,32,Low,Motivated,2,90,2
1157,35,Male,YouTube,109,2,47,9,6,21,Low,Motivated,3,99,3
1420,24,Male,LinkedIn,16,2,113,8,6,5,Low,Motivated,2,89,2
1923,24,Male,Twitter,65,0,7,5,6,45,Moderate,Happy,4,90,2
2642,32,Female,Reddit,197,2,35,14,6,50,Moderate,Bored,3,64,3
1478,25,Female,Instagram,303,6,132,22,6,49,Moderate,Anxious,3,90,6
2606,18,Female,Twitter,185,1,15,0,6,78,High,Anxious,3,76,4
3270,23,Male,Facebook,116,2,48,6,6,48,Moderate,Bored,2,99,2
2472,20,Female,Twitter,114,0,0,0,6,55,Moderate,Neutral,3,78,5
1554,25,Non-binary,Snapchat,173,2,43,18,6,34,Moderate,Motivated,3,94,2
2203,24,Female,YouTube,316,3,97,13,6,19,Moderate,Happy,3,100,2
1391,18,Male,Instagram,105,4,103,19,6,99,High,Anxious,3,59,4
1579,15,Female,Twitter,109,3,17,0,6,60,Moderate,Neutral,3,95,5
3314,26,Male,Instagram,158,0,0,0,6,48,Moderate,Anxious,2,88,3
3368,13,Female,Instagram,160,1,58,7,6,87,High,Bored,6,73,3
3267,13,Female,TikTok,91,2,38,1,6,48,Moderate,Neutral,4,83,5
1821,20,Male,Instagram,236,0,48,1,6,55,Moderate,Neutral,5,75,2
3486,29,Male,TikTok,126,1,59,0,6,81,High,Neutral,3,59,6
2007,29,Female,Facebook,321,3,83,6,6,31,Moderate,Neutral,2,88,1
2249,25,Female,TikTok,108,2,25,0,6,72,Moderate,Bored,6,85,7
3059,25,Male,Snapchat,109,1,66,6,6,36,Moderate,Relaxed,1,87,2
1665,19,Female,Facebook,128,1,29,9,6,10,Low,Happy,2,70,4
3463,26,Male,Instagram,115,0,8,0,6,85,High,Bored,5,61,9
1143,14,Male,YouTube,409,4,84,15,6,23,Moderate,Bored,3,70,5
3175,18,Female,YouTube,242,2,53,1,6,19,Low,Happy,1,87,5
2826,26,Female,Instagram,241,0,0,0,6,69,High,Neutral,3,65,5
1422,34,Male,LinkedIn,55,0,18,7,6,26,Low,Happy,1,85,4
1800,24,Male,Instagram,171,2,41,8,6,28,Moderate,Neutral,3,80,5
1616,24,Male,TikTok,120,5,175,34,6,60,Moderate,Anxious,3,69,2
2319,20,Male,Facebook,109,3,9,3,6,29,Low,Motivated,1,97,7
1296,19,Male,LinkedIn,105,2,45,0,6,30,Low,Motivated,2,84,2
1402,20,Male,TikTok,75,3,106,16,6,62,Moderate,Bored,4,83,3
1089,20,Female,TikTok,178,1,0,0,6,80,High,Sad,4,69,5
3036,40,Male,TikTok,135,4,126,18,6,79,High,Bored,6,54,6
3460,26,Male,Reddit,54,0,0,1,6,66,Moderate,Bored,2,81,4
1132,24,Female,TikTok,54,3,76,15,6,129,High,Depressed,6,61,8
2574,15,Female,Snapchat,36,0,9,4,6,20,Low,Neutral,1,99,4
2563,13,Male,YouTube,102,3,66,10,6,38,Moderate,Relaxed,3,89,2
2829,23,Male,TikTok,258,1,31,0,6,27,Moderate,Neutral,2,100,5
2403,31,Male,TikTok,81,1,33,2,6,60,Moderate,Bored,4,90,2
3053,20,Male,Twitter,140,1,28,0,6,89,High,Bored,4,82,6
3168,16,Male,Twitter,158,5,119,17,6,80,High,Bored,5,69,5
3002,23,Male,Instagram,279,1,0,6,6,72,High,Neutral,6,87,6
1725,25,Male,Instagram,116,1,9,0,6,49,Moderate,Neutral,4,77,4
2315,24,Male,Instagram,91,3,60,2,6,64,Moderate,Neutral,2,56,1
2768,22,Male,Facebook,44,1,29,14,6,41,Moderate,Motivated,4,100,2
1270,24,Male,Instagram,41,1,42,12,6,48,Moderate,Neutral,2,85,6
2781,15,Female,Instagram,326,1,34,3,6,11,Low,Relaxed,2,100,8
3068,23,Male,Twitter,136,0,23,10,6,102,High,Anxious,7,79,6
2373,15,Male,LinkedIn,60,1,46,21,6,7,Low,Happy,2,100,3
1918,25,Female,TikTok,240,1,0,0,6,69,High,Bored,4,70,6
2611,22,Male,Reddit,83,1,22,0,6,39,Moderate,Motivated,4,100,6
2320,22,Female,Snapchat,37,0,58,4,6,5,Low,Motivated,3,95,3
3139,16,Female,TikTok,138,6,64,11,6,73,Moderate,Sad,6,84,5
3022,25,Female,TikTok,211,2,84,13,6,89,High,Sad,5,88,7
2594,29,Female,Reddit,80,1,16,6,6,13,Low,Motivated,2,100,4
3491,23,Female,TikTok,261,3,59,11,6,49,Moderate,Bored,3,58,6
1376,19,Male,TikTok,142,2,17,0,6,81,High,Bored,5,84,7
1334,19,Female,YouTube,153,3,78,11,6,61,Moderate,Bored,4,83,5
2792,24,Female,TikTok,77,1,15,0,6,83,High,Neutral,4,82,6
3349,28,Male,YouTube,177,1,72,13,6,43,Moderate,Anxious,2,93,2
2119,25,Female,Reddit,36,2,84,18,6,27,Low,Motivated,1,97,5
2443,25,Male,Snapchat,10,0,0,6,6,14,Low,Happy,1,99,1
1911,22,Male,Instagram,54,0,22,0,6,93,High,Bored,5,81,5
1777,19,Female,Snapchat,203,2,61,14,6,6,Low,Relaxed,1,91,3
2744,30,Male,Facebook,276,1,0,10,6,35,Moderate,Bored,2,88,2
1329,27,Non-binary,Twitter,222,3,75,11,6,77,High,Neutral,3,79,5
2343,26,Male,Twitter,96,0,27,7,6,81,High,Neutral,6,85,9
1321,24,Female,TikTok,191,4,70,9,6,65,Moderate,Neutral,4,83,3
3011,14,Male,TikTok,31,0,13,8,6,59,Moderate,Neutral,1,89,2
1013,25,Female,Instagram,237,3,58,15,6,29,Moderate,Happy,3,100,4
1898,24,Male,Facebook,186,3,55,9,6,59,Moderate,Bored,4,77,7
1172,19,Female,Twitter,76,2,65,2,6,67,Moderate,Bored,3,59,3
1261,18,Male,Instagram,133,2,47,10,6,29,Low,Happy,2,87,3
3403,20,Female,TikTok,225,6,118,16,6,48,Moderate,Anxious,5,67,4
1690,26,Male,Instagram,105,1,62,3,6,57,Moderate,Bored,3,86,1
1902,21,Female,Twitter,201,2,38,4,6,32,Moderate,Relaxed,2,61,3
1259,26,Female,Facebook,171,1,30,0,6,26,Low,Happy,2,97,4
1845,24,Male,YouTube,88,1,20,9,6,44,Moderate,Motivated,3,87,4
3303,21,Male,Instagram,82,2,70,8,6,72,Moderate,Neutral,3,85,3
1139,28,Male,Instagram,251,4,119,19,6,57,Moderate,Bored,4,82,4
1320,23,Male,YouTube,253,0,43,3,6,20,Moderate,Happy,4,92,4
1654,17,Male,Facebook,175,2,52,6,6,48,Moderate,Anxious,3,73,4
3203,28,Female,Instagram,55,1,58,8,6,110,High,Bored,7,71,7
2815,22,Female,TikTok,128,0,0,0,6,88,High,Anxious,4,65,5
1559,26,Male,Twitter,49,0,74,13,6,48,Moderate,Happy,1,92,5
1140,16,Female,Twitter,110,1,29,3,6,45,Moderate,Happy,3,58,4
1113,24,Female,TikTok,158,0,12,0,6,75,High,Anxious,4,79,7
1532,14,Non-binary,Instagram,318,4,86,15,6,49,Moderate,Neutral,5,74,3
1225,21,Other,Instagram,95,1,51,13,6,86,High,Bored,4,82,4
1724,28,Female,Snapchat,101,0,35,0,6,14,Low,Relaxed,3,90,2
3320,17,Male,TikTok,112,0,0,0,6,60,Moderate,Sad,2,73,6
3137,24,Male,Instagram,89,1,5,1,6,55,Moderate,Anxious,3,70,4
2434,20,Female,Snapchat,77,2,57,7,6,16,Low,Neutral,2,93,3
1326,16,Female,Twitter,221,4,113,16,6,45,Moderate,Neutral,4,76,2
2324,26,Male,Instagram,315,2,0,2,6,44,Moderate,Bored,3,80,5
2940,24,Male,Facebook,59,1,73,4,6,67,Moderate,Anxious,4,80,5
2459,31,Female,LinkedIn,65,3,120,15,6,17,Low,Happy,1,95,4
2928,22,Female,Facebook,52,2,72,11,6,26,Low,Happy,2,100,4
3249,22,Non-binary,LinkedIn,42,2,36,0,6,22,Low,Motivated,3,85,2
1715,23,Male,YouTube,100,1,0,0,6,31,Low,Happy,3,72,4
1847,25,Male,Instagram,294,2,66,15,6,34,Moderate,Sad,3,80,4
1194,16,Male,Instagram,154,3,68,14,6,92,High,Bored,5,71,5
2926,18,Female,Snapchat,108,0,65,17,6,18,Low,Happy,4,94,2
1574,22,Male,Instagram,114,2,18,7,6,83,High,Neutral,2,71,5
1947,14,Male,YouTube,39,1,59,0,6,25,Low,Neutral,2,91,2
1504,27,Female,Instagram,80,2,25,4,6,59,Moderate,Bored,4,91,6
2808,27,Female,Facebook,24,1,0,0,6,36,Low,Happy,5,99,6
3408,28,Female,Facebook,35,3,73,7,6,25,Low,Motivated,3,100,3
1646,22,Female,TikTok,489,0,6,4,6,103,Severe,Anxious,5,51,6
1004,33,Female,TikTok,114,0,10,0,6,45,Moderate,Relaxed,3,67,5
2778,23,Male,Pinterest,38,0,27,6,6,24,Low,Motivated,2,95,4
1468,28,Female,Instagram,94,2,7,5,6,73,Moderate,Bored,5,78,5
2346,15,Male,YouTube,153,0,18,3,6,69,Moderate,Bored,5,81,4
1006,22,Female,Instagram,233,2,44,10,6,67,High,Anxious,5,71,5
3032,18,Female,YouTube,72,3,122,24,6,41,Moderate,Neutral,4,95,4
1920,25,Female,TikTok,104,0,0,0,6,71,Moderate,Neutral,4,91,4
1548,22,Male,Twitter,276,1,26,2,6,85,High,Bored,5,61,4
1229,19,Male,TikTok,74,3,42,4,6,72,Moderate,Bored,3,80,5
2064,13,Female,Instagram,369,0,2,2,6,70,High,Sad,5,74,3
1543,27,Female,YouTube,36,3,36,1,6,41,Low,Happy,3,90,4
1243,27,Male,Instagram,152,0,0,0,6,66,Moderate,Anxious,3,77,3
1899,31,Female,Reddit,117,2,37,6,6,44,Moderate,Happy,1,100,4
2755,27,Non-binary,Instagram,59,2,70,8,6,81,Moderate,Bored,5,74,5
2161,13,Female,Instagram,56,0,14,6,6,48,Moderate,Motivated,3,77,5
2833,29,Female,YouTube,148,3,66,15,6,38,Moderate,Neutral,4,79,3
2689,25,Female,TikTok,189,1,62,3,6,86,High,Neutral,3,76,8
2810,29,Male,Reddit,134,2,68,2,6,11,Low,Motivated,2,100,6
1843,17,Female,Instagram,113,3,68,10,6,37,Moderate,Happy,2,96,3
2374,14,Female,Twitter,227,6,120,15,6,48,Moderate,Anxious,2,85,7
3108,27,Male,TikTok,58,3,45,6,6,66,Moderate,Anxious,3,100,2
3113,24,Female,Twitter,360,5,73,13,6,85,High,Anxious,4,78,8
2527,35,Female,Reddit,254,0,0,8,6,30,Moderate,Happy,2,71,2
1277,25,Male,Instagram,136,1,24,0,6,75,Moderate,Neutral,3,71,5
1662,20,Male,TikTok,240,1,70,8,6,60,Moderate,Anxious,4,96,3
2827,17,Male,Twitter,126,1,10,4,6,74,Moderate,Anxious,4,97,1
3117,22,Male,Facebook,91,1,49,11,6,37,Moderate,Happy,1,95,5
3358,24,Female,Instagram,317,2,91,6,6,92,High,Depressed,6,68,6
2859,25,Male,YouTube,152,1,27,8,6,21,Low,Motivated,2,100,1
1315,31,Male,TikTok,161,2,67,10,6,94,High,Bored,7,79,5
2467,34,Male,Reddit,77,1,22,2,6,39,Moderate,Relaxed,1,77,3
2344,31,Male,YouTube,200,2,36,0,6,46,Moderate,Anxious,3,85,7
2846,17,Male,Facebook,267,4,124,20,6,53,Moderate,Neutral,5,71,8
1692,30,Female,YouTube,93,0,22,14,6,12,Low,Motivated,2,100,3
2542,34,Male,Snapchat,42,4,58,4,6,12,Low,Neutral,2,100,1
1613,25,Female,Instagram,166,3,44,4,6,114,High,Angry,5,65,8
1425,27,Female,TikTok,102,1,15,0,6,76,Moderate,Bored,4,93,6
2578,30,Male,Twitter,250,0,38,10,6,99,High,Depressed,4,46,10
1595,30,Female,Instagram,291,2,80,14,6,69,High,Anxious,4,77,5
3476,28,Female,Reddit,174,0,0,0,6,45,Moderate,Bored,3,83,4
2951,13,Female,Snapchat,69,1,47,2,6,8,Low,Neutral,2,100,4
1623,35,Female,YouTube,190,1,30,5,6,33,Moderate,Neutral,3,77,5
2806,14,Male,TikTok,162,1,3,4,6,64,Moderate,Anxious,5,80,6
2494,25,Male,Snapchat,12,4,84,14,6,16,Low,Happy,1,80,3
3239,21,Female,Facebook,49,1,25,10,6,31,Low,Happy,3,66,3
1228,17,Male,Twitter,315,2,78,13,6,58,High,Neutral,3,73,6
3323,26,Male,Facebook,111,1,27,2,6,55,Moderate,Neutral,2,72,4
2170,29,Male,TikTok,176,2,80,9,6,72,High,Bored,4,81,6
3038,20,Male,Reddit,64,2,40,7,6,52,Moderate,Happy,3,84,2
2703,27,Female,TikTok,182,3,82,15,6,70,Moderate,Neutral,3,71,2
1067,23,Male,Instagram,72,3,107,18,6,62,Moderate,Bored,2,67,4
2418,25,Male,Twitter,200,1,54,14,6,92,High,Bored,4,77,7
3255,16,Male,Twitter,79,0,0,0,6,73,Moderate,Bored,4,78,3
1025,20,Female,Twitter,174,1,30,0,6,55,Moderate,Bored,2,92,5
2236,33,Male,Instagram,153,2,54,3,6,104,High,Sad,5,64,6
3464,16,Male,Facebook,104,1,24,7,6,50,Moderate,Anxious,4,100,4
1145,25,Male,Facebook,110,4,85,7,6,42,Moderate,Motivated,2,83,4
1537,18,Other,YouTube,134,1,19,1,6,48,Moderate,Neutral,5,78,7
1812,21,Male,Facebook,228,4,107,15,6,60,Moderate,Neutral,3,82,4
2736,14,Female,YouTube,88,1,27,9,6,44,Moderate,Happy,3,78,5
2498,31,Male,TikTok,131,1,42,3,6,62,Moderate,Bored,3,65,1
1086,20,Female,Instagram,187,1,49,2,6,44,Moderate,Bored,3,80,4
2255,31,Female,TikTok,364,0,0,0,6,82,High,Bored,6,71,3
3208,26,Male,YouTube,79,2,85,8,6,42,Moderate,Motivated,3,80,4
3362,15,Female,Discord,46,2,117,17,6,5,Low,Neutral,1,88,2
3067,13,Male,TikTok,88,0,0,0,6,72,Moderate,Anxious,2,83,4
2670,27,Female,TikTok,213,1,22,1,6,79,High,Bored,3,64,5
1485,19,Female,Instagram,104,2,51,5,6,63,Moderate,Bored,5,77,5
3227,32,Female,Instagram,25,3,34,3,6,102,High,Bored,5,78,7
3387,22,Male,Reddit,229,3,74,14,6,36,Moderate,Neutral,4,93,6
1739,33,Male,TikTok,150,1,34,8,6,93,High,Anxious,3,60,7
2771,24,Male,Facebook,58,2,60,13,6,42,Moderate,Happy,4,92,3
3189,21,Male,Instagram,127,1,26,0,6,70,Moderate,Neutral,3,83,7
3462,28,Female,TikTok,168,0,0,0,6,70,Moderate,Anxious,4,80,5
2743,24,Male,Instagram,131,0,0,1,6,100,High,Anxious,5,72,6
1363,23,Female,Twitter,129,1,23,8,6,57,Moderate,Bored,5,48,1
1750,15,Male,YouTube,53,1,2,2,6,41,Moderate,Motivated,3,70,5
3106,33,Male,Instagram,376,2,50,1,6,46,Moderate,Anxious,4,74,6
2647,22,Male,Instagram,143,2,53,4,6,43,Moderate,Happy,2,93,5
2027,24,Female,TikTok,158,1,32,9,6,55,Moderate,Neutral,5,71,3
2031,22,Female,Facebook,144,3,53,2,6,49,Moderate,Bored,2,67,5
2869,17,Male,YouTube,101,2,98,12,6,37,Moderate,Neutral,2,71,5
2336,21,Male,Instagram,86,1,8,0,6,70,Moderate,Anxious,4,100,3
3060,25,Male,Instagram,207,5,127,18,6,87,High,Anxious,5,50,6
2895,23,Male,Instagram,268,3,82,14,6,71,High,Bored,5,79,5
1666,24,Female,YouTube,134,3,96,10,6,41,Moderate,Motivated,2,73,4
1365,28,Female,TikTok,77,3,60,4,6,59,Moderate,Bored,2,88,6
3293,24,Male,Discord,10,4,114,21,6,32,Low,Happy,3,100,6
2240,33,Female,Snapchat,106,3,70,8,6,27,Low,Motivated,3,82,3
1078,22,Female,TikTok,105,1,28,11,6,61,Moderate,Bored,2,72,2
1028,26,Male,TikTok,264,2,47,10,6,35,Moderate,Neutral,2,84,3
1474,32,Female,Twitter,35,1,35,3,6,84,Moderate,Neutral,4,71,7
1526,13,Male,Facebook,261,2,0,0,6,51,Moderate,Bored,3,66,3
1726,22,Female,LinkedIn,113,0,10,2,6,12,Low,Neutral,3,100,5
1056,29,Female,Twitter,165,2,47,9,6,61,Moderate,Anxious,3,96,2
1639,16,Female,Facebook,157,1,13,0,6,32,Moderate,Motivated,1,86,5
1303,28,Female,Twitter,282,1,24,2,6,98,High,Stressed,5,67,6
1719,21,Female,TikTok,59,0,4,9,6,63,Moderate,Bored,2,73,3
2872,22,Male,Facebook,146,0,36,4,6,38,Moderate,Relaxed,3,58,2
1625,33,Male,TikTok,87,2,40,0,6,29,Low,Happy,3,74,4
1008,28,Male,YouTube,97,1,32,5,6,34,Low,Neutral,2,100,1
2281,24,Female,Facebook,79,2,12,8,6,22,Low,Happy,2,95,1
1804,21,Male,TikTok,76,1,53,5,6,39,Moderate,Happy,2,88,4
2050,32,Male,Instagram,150,0,23,8,6,56,Moderate,Neutral,4,76,7
1337,19,Male,TikTok,137,5,97,19,6,32,Moderate,Neutral,3,94,6
2597,27,Female,TikTok,357,1,35,3,6,60,High,Sad,4,60,5
1048,30,Male,Twitter,40,0,10,7,6,77,Moderate,Bored,4,67,2
3153,24,Female,Instagram,343,4,63,13,6,75,High,Bored,5,71,6
1107,35,Female,Instagram,93,1,17,0,6,50,Moderate,Relaxed,4,100,5
1350,22,Male,Instagram,202,1,59,4,6,78,High,Sad,5,92,6
2080,29,Female,Twitter,307,3,121,17,6,87,High,Neutral,7,88,6
1239,20,Female,Discord,115,1,6,0,6,11,Low,Neutral,2,92,2
1214,27,Male,Twitter,122,1,4,0,6,37,Moderate,Motivated,3,86,3
2145,22,Male,Discord,132,2,35,1,6,6,Low,Motivated,2,92,3
3380,25,Male,Instagram,190,1,76,11,6,85,High,Bored,5,83,4
2762,28,Male,Instagram,461,0,1,2,6,78,High,Depressed,5,66,6
1794,16,Male,YouTube,55,3,98,20,6,61,Moderate,Bored,4,80,6
2097,24,Male,TikTok,100,0,0,0,6,79,Moderate,Sad,3,64,5
3207,32,Male,Instagram,191,2,74,13,6,69,Moderate,Bored,5,83,2
2740,34,Female,Instagram,119,1,73,5,6,80,High,Neutral,3,54,8
3223,28,Female,Twitter,82,2,57,0,6,89,High,Bored,5,92,5
1346,25,Female,Instagram,190,1,42,9,6,73,High,Bored,3,67,5
1524,27,Male,TikTok,165,1,41,12,6,76,High,Anxious,5,77,4
1233,24,Female,TikTok,602,0,23,3,6,52,High,Bored,5,77,7
1645,22,Male,Twitter,228,2,47,5,6,68,High,Bored,3,88,6
2918,20,Female,Pinterest,48,0,1,5,6,15,Low,Happy,2,91,3
3171,29,Female,Instagram,219,0,68,1,6,62,Moderate,Bored,5,98,6
2429,22,Male,Instagram,121,3,87,26,6,86,High,Bored,4,51,1
1534,16,Male,Instagram,114,1,6,0,6,55,Moderate,Anxious,4,91,6
3172,23,Male,Instagram,204,1,0,0,6,63,Moderate,Anxious,3,81,2
1604,32,Female,Twitter,93,1,0,8,6,65,Moderate,Sad,4,90,3
2490,31,Male,TikTok,230,6,170,21,6,58,Moderate,Sad,5,81,5
2858,22,Female,Facebook,100,1,63,11,6,43,Moderate,Motivated,3,90,5
2427,36,Male,TikTok,110,0,0,0,6,51,Moderate,Neutral,4,72,4
2075,29,Female,TikTok,334,2,13,0,6,67,High,Bored,3,66,6
3006,25,Male,TikTok,195,0,44,8,6,73,High,Neutral,6,61,5
1061,21,Male,Instagram,226,1,8,0,6,91,High,Sad,7,79,8
2941,25,Male,Discord,60,2,40,6,6,5,Low,Happy,1,100,2
1093,19,Female,Twitter,136,0,0,0,6,61,Moderate,Sad,4,82,4
1667,22,Female,TikTok,169,2,64,3,6,81,High,Sad,6,58,7
2721,27,Female,Facebook,116,5,95,13,6,33,Moderate,Motivated,4,80,2
3247,18,Female,Reddit,279,2,67,8,6,32,Moderate,Bored,5,84,3
1281,24,Male,YouTube,19,2,30,0,6,17,Low,Motivated,3,100,2
2720,21,Female,Snapchat,56,3,92,14,6,34,Low,Happy,1,96,5
2726,30,Female,TikTok,137,1,18,3,6,53,Moderate,Neutral,4,81,5
1360,19,Female,LinkedIn,51,3,82,17,6,28,Low,Happy,3,100,5
2749,25,Female,Instagram,71,1,22,0,6,62,Moderate,Sad,2,90,5
2544,21,Female,Instagram,237,2,77,8,6,51,Moderate,Sad,4,73,4
2398,18,Female,Instagram,146,0,37,0,6,88,High,Neutral,4,63,4
2804,14,Female,Instagram,97,3,91,19,6,61,Moderate,Neutral,3,74,4
1848,38,Male,Pinterest,39,0,0,2,6,19,Low,Relaxed,2,100,5
2207,19,Male,Reddit,98,2,40,14,6,34,Low,Happy,4,88,3
3263,31,Female,TikTok,153,1,25,0,6,45,Moderate,Bored,2,89,3
1761,20,Female,Instagram,238,0,13,1,6,101,High,Stressed,4,54,7
1111,13,Male,Pinterest,46,0,43,7,6,40,Low,Relaxed,3,96,2
1043,23,Male,Instagram,141,4,112,18,6,99,High,Neutral,3,70,7
1126,37,Female,YouTube,54,1,58,5,6,8,Low,Neutral,2,100,1
1205,15,Female,TikTok,316,1,41,5,6,58,High,Bored,3,69,5
2474,24,Male,Instagram,137,0,3,0,6,54,Moderate,Sad,2,79,1
1053,19,Male,YouTube,40,2,32,4,6,12,Low,Neutral,2,88,2
1546,19,Female,TikTok,154,3,58,8,6,41,Moderate,Motivated,2,88,3
1069,26,Male,Facebook,85,1,0,0,6,34,Low,Neutral,2,90,2
3224,22,Non-binary,Instagram,83,1,14,5,6,72,Moderate,Anxious,3,66,5
2952,31,Male,YouTube,52,4,67,6,6,38,Low,Neutral,3,95,4
3198,24,Male,Twitter,214,1,34,0,6,73,High,Anxious,7,68,6
2909,16,Male,TikTok,129,0,16,0,6,71,Moderate,Bored,3,88,5
2425,17,Male,Reddit,80,2,69,8,6,42,Moderate,Motivated,2,82,1
1184,26,Female,Twitter,152,2,108,13,6,60,Moderate,Neutral,3,89,6
1138,22,Male,Instagram,70,3,58,12,6,35,Low,Neutral,3,83,3
1900,19,Female,TikTok,102,2,49,10,6,42,Moderate,Happy,1,100,6
1797,23,Female,Facebook,163,2,43,11,6,42,Moderate,Happy,3,75,5
1133,17,Male,Instagram,149,2,54,6,6,52,Moderate,Sad,4,87,5
1081,22,Female,TikTok,150,1,18,3,6,74,Moderate,Anxious,5,58,7
2587,25,Male,YouTube,278,0,20,0,6,51,Moderate,Sad,5,76,3
3158,22,Male,TikTok,149,1,0,0,6,93,High,Neutral,4,85,4
1759,18,Female,Twitter,182,2,48,4,6,66,Moderate,Bored,3,87,6
1542,17,Female,Instagram,115,2,46,0,6,102,High,Bored,6,54,4
2020,26,Female,TikTok,174,1,0,1,6,92,High,Neutral,6,71,5
2767,37,Male,TikTok,64,0,0,3,6,45,Moderate,Motivated,3,83,2
1984,23,Female,TikTok,235,3,91,17,6,16,Low,Motivated,3,94,3
3232,28,Male,TikTok,401,3,54,14,6,85,High,Stressed,4,72,6
1166,26,Female,Instagram,303,2,42,1,6,61,High,Bored,4,85,6
1249,34,Male,YouTube,167,1,3,7,6,51,Moderate,Sad,3,76,4
2332,31,Male,Instagram,122,0,42,0,6,40,Moderate,Happy,2,82,3
1447,26,Female,YouTube,119,1,62,16,6,33,Moderate,Motivated,2,90,5
2777,20,Female,LinkedIn,111,3,83,18,6,30,Low,Happy,3,95,5
1859,20,Non-binary,Facebook,56,1,21,0,6,33,Low,Happy,1,79,3
2359,15,Female,TikTok,284,1,44,2,6,64,High,Bored,5,94,2
2862,28,Male,TikTok,227,3,47,18,6,59,Moderate,Neutral,5,64,6
1098,25,Male,TikTok,152,0,23,7,6,90,High,Anxious,4,68,5
3308,22,Non-binary,YouTube,68,3,109,13,6,18,Low,Happy,1,100,4
1806,22,Female,Instagram,42,3,63,5,6,112,High,Anxious,6,65,10
1738,29,Female,TikTok,191,2,27,11,6,85,High,Bored,4,76,5
3101,26,Male,Snapchat,41,1,11,9,6,17,Low,Happy,3,91,2
2886,25,Female,Facebook,168,2,93,11,6,17,Low,Neutral,2,100,3
3001,19,Male,Instagram,71,0,38,3,6,47,Moderate,Neutral,3,77,5
1103,21,Female,Facebook,160,0,0,0,6,47,Moderate,Bored,3,83,2
1435,33,Female,Reddit,187,1,24,4,6,30,Moderate,Motivated,2,98,3
1075,13,Male,Instagram,101,1,84,13,6,44,Moderate,Motivated,1,95,6
1578,28,Female,Twitter,176,1,87,11,6,69,Moderate,Neutral,2,87,5
2847,31,Male,TikTok,257,0,7,0,6,92,High,Neutral,4,60,6
3313,25,Female,Facebook,161,2,55,20,6,26,Low,Motivated,1,92,5
2231,20,Female,LinkedIn,22,1,20,3,6,10,Low,Motivated,1,93,1
1919,21,Female,Instagram,336,3,91,7,6,61,High,Anxious,5,87,7
2327,18,Male,TikTok,87,3,98,16,6,47,Moderate,Happy,5,91,5
3316,26,Female,TikTok,204,0,8,0,6,96,High,Bored,5,77,6
3287,28,Female,Twitter,170,3,70,11,6,80,High,Bored,3,87,5
3246,24,Female,Instagram,98,3,16,7,6,57,Moderate,Neutral,3,72,3
1763,39,Male,TikTok,282,2,51,9,6,74,High,Neutral,6,76,4
3116,20,Female,Facebook,52,4,31,7,6,24,Low,Happy,1,100,1
1990,24,Female,Facebook,168,6,112,15,6,60,Moderate,Sad,3,95,4
1389,29,Male,TikTok,127,1,40,5,6,45,Moderate,Neutral,4,99,4
1236,27,Female,TikTok,145,3,95,13,6,91,High,Bored,7,95,6
3495,16,Male,TikTok,264,3,87,12,6,112,Severe,Stressed,6,66,8
1268,15,Male,TikTok,59,1,0,1,6,104,High,Bored,3,58,6
2330,27,Female,Instagram,104,2,87,10,6,36,Moderate,Happy,3,81,3
3304,25,Female,Instagram,288,1,26,8,6,73,High,Sad,4,66,5
1118,16,Female,YouTube,180,0,42,6,6,36,Moderate,Neutral,4,86,3
1438,15,Female,Facebook,104,3,105,7,6,26,Low,Relaxed,2,96,3
1674,21,Female,Twitter,200,2,17,3,6,58,Moderate,Anxious,5,79,3
1250,26,Male,Facebook,69,0,6,0,6,23,Low,Happy,1,93,2
3129,28,Female,Facebook,148,1,37,9,6,71,Moderate,Bored,5,79,5
2575,26,Male,TikTok,288,1,25,7,6,47,Moderate,Bored,5,66,2
3497,22,Male,Twitter,163,1,36,4,6,59,Moderate,Bored,4,67,6
1095,21,Male,TikTok,289,0,21,3,6,98,High,Anxious,6,69,8
2898,33,Male,Instagram,139,1,29,11,6,73,Moderate,Neutral,4,73,6
1034,17,Male,Reddit,73,1,65,12,6,32,Low,Happy,3,92,4
3135,21,Male,Instagram,239,2,21,0,6,76,High,Anxious,3,73,6
3285,21,Female,Instagram,132,3,74,11,6,92,High,Sad,5,74,6
1449,20,Female,Twitter,161,3,85,12,6,124,Severe,Stressed,6,77,7
2470,26,Female,Instagram,161,2,86,9,6,74,High,Bored,5,85,6
2796,19,Male,Twitter,156,2,60,3,6,20,Low,Neutral,2,94,4
1717,24,Male,Pinterest,10,0,21,9,6,30,Low,Happy,2,95,5
2942,21,Female,TikTok,142,1,31,7,6,62,Moderate,Anxious,4,75,5
3176,36,Male,TikTok,182,1,59,9,6,46,Moderate,Anxious,5,73,7
1001,26,Male,Facebook,61,1,88,10,6,33,Low,Happy,3,84,1
1457,23,Female,Instagram,379,1,39,13,6,41,Moderate,Bored,4,87,5
2102,13,Female,Instagram,245,2,50,4,6,66,High,Anxious,3,69,6
2109,20,Male,Reddit,409,2,77,17,6,48,High,Bored,4,75,6
2883,16,Male,Facebook,365,1,24,0,6,56,High,Bored,3,81,4
1083,32,Female,YouTube,102,1,23,6,6,54,Moderate,Bored,4,84,5
2482,21,Male,Twitter,200,0,0,7,6,34,Moderate,Happy,3,89,6
2977,30,Male,YouTube,168,0,3,0,6,52,Moderate,Bored,3,82,4
1677,17,Male,Reddit,179,0,14,1,6,43,Moderate,Bored,3,81,2
3043,20,Female,Twitter,264,3,79,12,6,57,Moderate,Neutral,3,74,6
3127,16,Female,Instagram,52,0,11,11,6,81,Moderate,Neutral,4,70,4
2047,27,Male,Twitter,120,0,19,6,6,64,Moderate,Anxious,4,72,4
2461,23,Male,Facebook,145,0,32,0,6,60,Moderate,Neutral,4,75,7
1771,28,Female,Instagram,300,6,95,20,6,73,High,Bored,5,85,7
2669,29,Male,TikTok,278,2,4,9,6,68,High,Sad,4,76,6
3025,13,Male,Twitter,61,1,12,7,6,94,High,Neutral,2,78,5
2964,27,Female,TikTok,48,5,127,25,6,95,High,Neutral,5,91,5
1518,18,Female,Instagram,73,1,0,0,6,52,Moderate,Happy,3,74,3
1823,37,Male,Instagram,166,1,42,4,6,64,Moderate,Neutral,4,99,3
1405,21,Female,TikTok,184,0,12,0,6,5,Low,Neutral,3,100,3
1385,19,Female,TikTok,326,1,47,6,6,69,High,Bored,3,75,6
2992,28,Male,TikTok,275,4,129,30,6,78,High,Sad,4,82,4
3425,14,Female,TikTok,149,4,76,9,6,50,Moderate,Neutral,1,81,3
1105,23,Male,Twitter,78,2,70,8,6,35,Low,Happy,1,80,4
2634,30,Male,Twitter,37,2,75,14,6,57,Moderate,Sad,4,97,3
3385,24,Female,Reddit,130,2,74,9,6,32,Moderate,Motivated,4,88,4
1689,28,Female,TikTok,109,3,58,4,6,75,Moderate,Bored,4,77,6
3211,16,Male,TikTok,42,1,47,6,6,62,Moderate,Anxious,2,90,4
1827,33,Female,Instagram,202,1,80,16,6,29,Moderate,Motivated,2,94,6
2241,21,Female,Twitter,79,1,9,4,6,34,Low,Relaxed,4,74,4
1063,17,Female,Snapchat,10,0,47,1,6,23,Low,Relaxed,2,91,1
2306,18,Male,YouTube,152,2,98,25,6,5,Low,Neutral,2,100,5
1853,20,Male,Twitter,235,2,101,17,6,68,High,Bored,2,82,5
3321,26,Male,Snapchat,62,0,27,1,6,26,Low,Motivated,2,100,2
1177,24,Female,TikTok,39,0,81,14,6,87,High,Neutral,3,68,6
2263,27,Male,YouTube,117,1,21,6,6,36,Moderate,Relaxed,4,74,3
1224,14,Female,Twitter,84,2,28,3,6,93,High,Neutral,5,86,6
1146,28,Male,Facebook,88,4,88,18,6,54,Moderate,Sad,1,88,5
2089,22,Male,Discord,49,1,47,0,6,27,Low,Happy,2,89,1
1374,29,Female,Reddit,159,2,46,5,6,42,Moderate,Happy,2,88,6
2825,25,Male,Instagram,293,0,31,3,6,80,High,Neutral,5,71,5
3110,27,Female,Reddit,107,2,49,9,6,24,Low,Motivated,2,100,2
2143,23,Male,TikTok,280,0,18,5,6,65,High,Bored,4,82,5
3393,15,Non-binary,TikTok,189,1,13,0,6,66,Moderate,Sad,5,80,3
3164,30,Male,TikTok,145,1,74,17,6,39,Moderate,Happy,3,86,5
2275,31,Male,TikTok,277,0,0,0,6,79,High,Bored,5,63,7
2266,15,Female,Instagram,187,5,128,26,6,94,High,Neutral,3,76,6
3234,29,Female,TikTok,313,1,50,10,6,80,High,Neutral,4,76,5
2949,30,Male,Snapchat,32,1,69,9,6,5,Low,Happy,3,100,2
1010,27,Female,Snapchat,10,3,79,19,6,29,Low,Motivated,1,91,2
1450,17,Male,TikTok,216,1,0,0,6,48,Moderate,Bored,5,88,5
2839,23,Female,TikTok,74,2,70,9,6,93,High,Neutral,3,60,6
1709,13,Male,Twitter,211,3,48,7,6,58,Moderate,Bored,3,96,3
1256,21,Female,Discord,111,3,61,4,6,5,Low,Happy,1,100,3
1883,21,Female,Instagram,105,0,11,6,6,68,Moderate,Bored,4,90,6
2618,19,Female,Discord,28,1,43,0,6,23,Low,Relaxed,2,100,3
1390,20,Male,TikTok,165,3,76,18,6,99,High,Neutral,5,78,4
3016,22,Male,Twitter,86,3,77,9,6,85,High,Neutral,4,71,2
3396,15,Male,Facebook,32,1,67,5,6,40,Low,Happy,5,70,3
2582,30,Non-binary,TikTok,173,1,71,13,6,111,High,Depressed,6,55,7
1909,27,Female,TikTok,42,2,69,15,6,56,Moderate,Neutral,2,90,2
1925,31,Male,TikTok,243,1,45,11,6,97,High,Depressed,5,63,4
1752,15,Female,Twitter,195,1,91,14,6,120,Severe,Anxious,6,61,9
2890,23,Female,Instagram,159,3,78,6,6,55,Moderate,Anxious,4,84,3
1461,35,Female,Twitter,181,2,57,1,6,87,High,Neutral,4,79,6
2748,27,Female,TikTok,124,3,87,12,6,75,Moderate,Bored,4,80,4
2948,23,Male,Facebook,111,0,0,3,6,29,Low,Neutral,3,98,2
2225,22,Female,Instagram,165,0,0,0,6,72,Moderate,Neutral,5,76,6
2169,27,Male,TikTok,96,0,0,0,6,77,Moderate,Anxious,5,98,5
1959,27,Male,Snapchat,34,2,56,8,6,36,Low,Neutral,3,98,1
1502,35,Female,TikTok,142,1,62,14,6,73,Moderate,Neutral,5,75,5
2728,28,Female,Instagram,328,1,27,8,6,52,Moderate,Anxious,3,86,5
1740,30,Female,Snapchat,27,1,27,4,6,16,Low,Motivated,3,95,3
1041,28,Male,Instagram,149,2,46,4,6,92,High,Neutral,6,83,4
1869,27,Female,Twitter,251,1,60,13,6,50,Moderate,Bored,3,73,6
1732,18,Female,Reddit,52,3,78,13,6,49,Moderate,Neutral,3,96,4
1540,20,Female,TikTok,488,1,74,19,6,87,Severe,Anxious,7,60,8
2202,21,Male,TikTok,67,2,84,12,6,46,Moderate,Happy,4,92,5
2340,25,Male,Instagram,135,1,52,8,6,52,Moderate,Bored,4,85,4
1698,16,Female,Instagram,72,2,21,1,6,60,Moderate,Neutral,4,66,4
3345,13,Male,YouTube,159,2,34,10,6,37,Moderate,Neutral,4,92,2
3088,23,Male,Twitter,101,2,84,3,6,95,High,Bored,4,80,5
3077,27,Male,Instagram,363,1,50,4,6,89,High,Anxious,8,77,5
2372,34,Male,TikTok,84,2,75,10,6,72,Moderate,Bored,5,96,6
2146,24,Male,Reddit,46,2,44,1,6,34,Low,Motivated,2,90,2
2032,13,Female,Snapchat,33,2,17,0,6,16,Low,Happy,2,96,2
1373,32,Male,Twitter,21,1,28,4,6,83,Moderate,Neutral,4,74,4
1668,33,Male,Instagram,321,2,60,13,6,82,High,Sad,5,66,5
2432,28,Female,TikTok,350,1,53,14,6,23,Moderate,Happy,3,86,6
3184,32,Female,Instagram,186,3,53,11,6,93,High,Bored,6,75,6
1358,22,Female,Instagram,322,0,21,9,6,47,Moderate,Bored,4,80,4
1968,34,Male,TikTok,52,2,32,7,6,58,Moderate,Neutral,3,89,3
1784,27,Female,Facebook,128,0,14,0,6,24,Low,Motivated,3,82,5
1736,26,Non-binary,TikTok,130,1,77,6,6,52,Moderate,Bored,4,79,5
2354,28,Female,TikTok,250,1,57,17,6,70,High,Neutral,3,87,4
2036,33,Female,YouTube,302,0,0,0,6,34,Moderate,Sad,5,78,3
1971,24,Male,Facebook,104,2,33,11,6,57,Moderate,Neutral,2,62,4
1471,22,Male,Twitter,91,1,3,9,6,53,Moderate,Sad,3,97,5
1656,24,Female,Twitter,116,3,56,2,6,98,High,Sad,5,60,6
3354,15,Female,Twitter,129,1,44,8,6,81,High,Anxious,4,87,3
2910,24,Female,Facebook,70,0,11,2,6,40,Moderate,Neutral,3,87,3
3331,22,Female,Facebook,116,1,58,11,6,18,Low,Happy,1,100,2
2397,15,Male,Twitter,122,1,31,15,6,90,High,Anxious,3,82,5
2537,27,Male,Instagram,241,0,9,4,6,59,Moderate,Bored,4,76,8
2984,29,Female,Twitter,127,2,25,3,6,92,High,Anxious,5,61,6
3182,21,Male,Instagram,111,5,104,22,6,54,Moderate,Anxious,5,91,4
2550,31,Male,Instagram,225,1,13,0,6,81,High,Neutral,5,64,3
2329,16,Male,Twitter,302,2,58,7,6,66,High,Neutral,4,67,5
2257,34,Female,Reddit,127,2,27,0,6,36,Moderate,Motivated,3,75,2
3162,25,Female,LinkedIn,68,3,43,11,6,19,Low,Happy,3,86,3
2426,13,Female,Twitter,79,3,31,11,6,45,Moderate,Neutral,2,83,5
2465,20,Male,YouTube,85,3,95,14,6,17,Low,Motivated,1,91,4
2556,26,Male,Twitter,232,3,118,17,6,86,High,Bored,4,73,5
3156,20,Female,LinkedIn,77,0,32,3,6,23,Low,Neutral,2,94,2
2251,25,Female,Facebook,57,3,66,6,6,52,Moderate,Happy,2,77,5
2700,25,Male,TikTok,139,2,102,28,6,88,High,Bored,7,60,7
2253,13,Male,TikTok,254,3,19,0,6,70,High,Bored,4,95,5
3426,27,Male,Instagram,210,0,17,1,6,59,Moderate,Neutral,4,77,3
3319,20,Male,Instagram,264,1,74,12,6,50,Moderate,Bored,4,63,5
2237,34,Female,TikTok,166,1,74,14,6,55,Moderate,Bored,3,67,6
1886,35,Female,Twitter,120,1,45,0,6,47,Moderate,Neutral,3,82,4
1080,13,Female,TikTok,85,3,114,12,6,72,Moderate,Bored,3,81,4
2173,24,Male,Instagram,91,0,74,13,6,38,Moderate,Happy,1,90,4
1815,30,Male,TikTok,94,4,56,8,6,83,High,Anxious,4,69,3
2853,16,Female,Instagram,128,2,74,15,6,98,High,Neutral,4,65,6
2971,27,Male,TikTok,144,0,0,5,6,74,Moderate,Neutral,3,78,5
1672,13,Female,Facebook,128,2,28,0,6,48,Moderate,Anxious,4,84,2
3187,15,Male,TikTok,19,1,32,9,6,67,Moderate,Neutral,3,78,3
3442,32,Female,Twitter,99,1,76,21,6,78,Moderate,Neutral,2,64,2
1058,22,Female,Facebook,122,1,26,0,6,53,Moderate,Sad,4,86,4
1134,26,Male,Discord,74,4,82,13,6,19,Low,Motivated,2,92,2
2141,22,Female,LinkedIn,98,1,37,4,6,17,Low,Motivated,2,100,2
1934,13,Male,YouTube,181,2,63,16,6,48,Moderate,Anxious,3,70,4
1929,33,Non-binary,Instagram,288,3,72,0,6,63,High,Bored,2,81,1
1824,21,Male,Instagram,307,5,126,18,6,63,High,Bored,4,66,5
2433,29,Female,Facebook,113,0,32,9,6,5,Low,Motivated,2,92,3
2393,36,Male,TikTok,259,2,84,19,6,70,High,Bored,5,57,6
2532,13,Male,YouTube,138,3,81,11,6,34,Moderate,Motivated,3,81,5
2215,22,Male,Reddit,206,3,58,11,6,61,Moderate,Neutral,4,87,3
1505,20,Male,Instagram,295,0,82,19,6,68,High,Anxious,5,93,6
3470,22,Male,Reddit,123,2,59,7,6,28,Low,Motivated,4,91,4
1348,15,Female,TikTok,488,2,58,6,6,96,Severe,Depressed,5,63,6
1387,26,Female,Instagram,275,1,37,6,6,87,High,Neutral,5,72,4
2025,34,Female,TikTok,41,0,0,0,6,62,Moderate,Bored,3,90,4
2959,30,Male,TikTok,108,2,97,13,6,80,High,Neutral,3,75,5
2385,28,Male,Facebook,170,0,6,0,6,27,Low,Neutral,2,77,2
1895,32,Male,Instagram,136,3,67,10,6,35,Moderate,Relaxed,3,92,2
1829,21,Female,YouTube,148,0,38,3,6,51,Moderate,Anxious,4,76,4
3435,25,Male,Discord,45,0,19,0,6,33,Low,Neutral,4,100,6
1476,22,Female,Instagram,87,0,5,0,6,89,High,Bored,5,72,3
2684,25,Male,TikTok,218,2,45,10,6,85,High,Bored,4,64,5
3141,24,Female,Snapchat,73,0,50,6,6,26,Low,Happy,2,92,1
3328,21,Female,TikTok,175,2,52,7,6,99,High,Bored,5,69,5
3126,27,Male,TikTok,121,2,72,4,6,69,Moderate,Neutral,4,74,6
3090,32,Female,TikTok,157,5,165,19,6,56,Moderate,Neutral,2,81,3
1653,22,Female,Instagram,155,1,38,12,6,87,High,Bored,5,59,8
1173,23,Female,Instagram,262,0,19,1,6,79,High,Bored,5,58,5
2475,19,Female,Reddit,165,0,0,0,6,22,Low,Neutral,3,70,4
2150,18,Non-binary,Instagram,184,2,0,1,6,79,High,Bored,4,98,7
1039,16,Female,Instagram,134,2,36,7,6,41,Moderate,Happy,1,90,5
2555,22,Male,Instagram,256,0,0,2,6,96,High,Stressed,4,64,8
3386,19,Female,Instagram,169,1,7,3,6,50,Moderate,Anxious,4,84,4
1714,26,Male,TikTok,95,0,0,0,6,94,High,Anxious,5,78,9
1091,24,Male,TikTok,303,3,33,2,6,93,High,Anxious,5,70,8
1167,28,Female,LinkedIn,88,2,22,0,6,9,Low,Happy,1,85,2
2206,24,Male,TikTok,114,3,58,2,6,59,Moderate,Neutral,3,88,7
1876,34,Male,Instagram,132,1,52,5,6,64,Moderate,Bored,3,92,4
1445,16,Female,Instagram,327,1,32,16,6,77,High,Neutral,5,70,6
3152,33,Male,Instagram,652,2,47,16,6,45,High,Bored,4,60,6
3292,29,Female,Snapchat,69,3,69,16,6,12,Low,Happy,1,100,1
3484,19,Female,Instagram,115,1,23,0,6,47,Moderate,Motivated,5,72,6
2094,24,Male,LinkedIn,41,1,31,2,6,42,Moderate,Happy,3,95,5
2828,32,Female,Reddit,198,3,76,11,6,51,Moderate,Sad,4,82,4
2156,30,Male,Snapchat,33,0,10,0,6,25,Low,Neutral,2,98,2
2325,24,Female,YouTube,66,0,0,0,6,41,Moderate,Motivated,1,81,5
1217,19,Male,TikTok,59,0,66,12,6,91,High,Bored,4,69,7
2351,16,Male,TikTok,429,1,24,9,6,50,High,Bored,4,77,5
1511,25,Female,Instagram,65,0,18,2,6,95,High,Bored,4,71,4
2681,26,Male,Instagram,323,0,51,2,6,68,High,Bored,4,73,3
1500,15,Female,Instagram,36,2,57,12,6,82,Moderate,Neutral,4,92,5
3458,25,Female,Instagram,153,3,59,16,6,75,High,Bored,4,78,3
2857,32,Female,YouTube,49,2,44,0,6,28,Low,Motivated,2,100,1
2389,24,Female,Instagram,122,0,0,0,6,90,High,Bored,4,72,7
2520,35,Male,YouTube,78,0,10,2,6,37,Moderate,Happy,1,90,1
2672,21,Female,Reddit,88,3,35,10,6,54,Moderate,Neutral,4,87,5
1339,26,Female,Instagram,44,2,88,12,6,85,Moderate,Neutral,6,85,7
3332,23,Female,Instagram,50,0,0,4,6,73,Moderate,Sad,2,51,7
2189,27,Female,TikTok,112,1,14,0,6,49,Moderate,Sad,4,81,5
1029,20,Male,Snapchat,37,4,112,22,6,19,Low,Relaxed,2,88,3
2541,23,Female,Reddit,136,1,11,0,6,34,Moderate,Happy,3,94,4
2218,25,Male,Snapchat,83,3,67,18,6,28,Low,Happy,2,100,1
3031,28,Male,Twitter,401,1,5,1,6,66,High,Neutral,5,85,7
1795,17,Female,Twitter,149,1,26,7,6,60,Moderate,Bored,4,96,8
1946,17,Male,Twitter,132,2,124,17,6,109,High,Angry,4,58,7
2417,24,Female,TikTok,54,3,96,14,6,71,Moderate,Anxious,2,80,5
1170,19,Female,Facebook,63,3,80,11,6,24,Low,Happy,2,87,5
3095,30,Female,Instagram,184,1,85,18,6,82,High,Neutral,4,74,4
2677,31,Male,Instagram,150,0,0,0,6,73,Moderate,Bored,4,86,5
2198,27,Male,TikTok,125,1,32,14,6,101,High,Neutral,3,55,5
2543,33,Female,Reddit,129,0,31,0,6,27,Low,Neutral,1,81,4
2254,26,Male,Instagram,217,0,0,0,6,51,Moderate,Bored,4,61,7
2277,37,Male,YouTube,136,2,54,0,6,24,Low,Happy,3,89,4
1913,25,Male,TikTok,87,2,47,8,6,81,High,Bored,5,67,4
1492,32,Female,Instagram,211,2,16,3,6,41,Moderate,Bored,4,95,5
1954,32,Female,Instagram,176,2,94,9,6,47,Moderate,Anxious,3,85,6
2098,13,Male,TikTok,170,0,74,11,6,67,Moderate,Bored,4,65,6
2033,26,Female,Instagram,140,1,11,0,6,84,High,Neutral,4,77,6
1588,18,Female,Twitter,140,2,50,10,6,73,Moderate,Bored,2,93,6
1751,18,Male,TikTok,100,2,77,15,6,65,Moderate,Sad,4,79,4
1658,23,Female,Facebook,282,4,106,13,6,33,Moderate,Sad,3,96,5
2867,30,Male,Instagram,169,2,56,0,6,71,Moderate,Neutral,2,81,4
1235,36,Female,Facebook,186,2,40,13,6,10,Low,Happy,1,86,2
1733,26,Female,Instagram,101,3,79,9,6,69,Moderate,Sad,4,82,3
3493,21,Male,YouTube,107,1,32,3,6,30,Low,Neutral,1,95,6
2187,18,Female,Twitter,266,3,93,24,6,66,High,Bored,3,68,7
2157,19,Female,Snapchat,18,1,53,0,6,11,Low,Motivated,1,92,1
3454,19,Male,Twitter,77,1,8,0,6,86,High,Anxious,3,59,4
2247,24,Female,Twitter,33,3,50,2,6,55,Moderate,Happy,3,86,3
3449,19,Female,Instagram,148,1,28,4,6,29,Low,Relaxed,2,100,4
1935,26,Female,Instagram,311,1,46,1,6,110,Severe,Anxious,6,45,7
2210,34,Female,TikTok,229,0,14,2,6,67,High,Neutral,4,60,3
2066,17,Female,LinkedIn,140,1,37,1,6,5,Low,Happy,1,100,1
2717,25,Female,TikTok,183,0,0,0,6,55,Moderate,Neutral,1,53,3
1109,25,Female,TikTok,143,1,45,7,6,64,Moderate,Anxious,4,59,2
2063,30,Male,Instagram,204,0,37,6,6,78,High,Bored,5,74,4
1569,13,Male,Instagram,123,2,45,8,6,77,Moderate,Neutral,4,62,7
2168,27,Female,Instagram,189,1,42,2,6,83,High,Anxious,5,76,4
2175,19,Female,Snapchat,65,3,76,7,6,21,Low,Neutral,1,95,1
2589,19,Male,Instagram,316,2,47,5,6,61,High,Anxious,4,75,7
2508,29,Female,Reddit,49,0,0,0,6,73,Moderate,Bored,2,67,3
2493,20,Female,TikTok,304,2,99,7,6,112,Severe,Angry,5,43,8
1891,28,Male,TikTok,306,1,49,6,6,66,High,Bored,4,89,6
1948,19,Male,Instagram,167,2,25,0,6,98,High,Bored,5,65,6
2049,32,Female,TikTok,200,0,6,0,6,86,High,Anxious,2,96,7
3058,29,Female,Twitter,102,1,0,4,6,92,High,Neutral,4,46,7
1885,28,Male,Instagram,142,2,97,17,6,100,High,Sad,3,92,5
1144,25,Female,TikTok,96,0,40,0,6,103,High,Neutral,6,64,7
3453,23,Male,YouTube,73,4,76,4,6,25,Low,Happy,3,84,2
1851,20,Male,TikTok,58,0,14,5,6,104,High,Neutral,6,64,6
1718,24,Male,TikTok,101,5,137,15,6,118,High,Anxious,5,58,5
3372,20,Female,Instagram,179,0,20,2,6,65,Moderate,Anxious,4,100,2
1265,22,Female,Instagram,253,1,18,7,6,53,Moderate,Anxious,5,84,5
1076,28,Female,YouTube,265,2,57,18,6,43,Moderate,Neutral,3,64,7
1396,21,Non-binary,TikTok,55,0,29,6,6,69,Moderate,Neutral,4,91,5
3118,18,Female,Instagram,121,0,8,5,6,33,Moderate,Happy,3,82,5
3336,27,Male,Instagram,156,1,33,2,6,88,High,Anxious,3,67,8
1397,13,Male,TikTok,78,2,59,0,6,86,High,Anxious,3,75,6
2366,23,Female,Instagram,83,2,17,3,6,57,Moderate,Neutral,3,76,5
3078,31,Male,Facebook,70,4,31,8,6,54,Moderate,Anxious,2,100,3
2904,26,Female,TikTok,153,3,83,17,6,70,Moderate,Bored,6,82,2
1596,20,Male,Twitter,91,1,38,9,6,73,Moderate,Bored,4,69,4
2297,29,Male,Twitter,281,4,64,10,6,44,Moderate,Anxious,5,77,4
2822,24,Male,Facebook,122,1,40,9,6,50,Moderate,Bored,4,73,3
1873,15,Male,TikTok,215,2,25,11,6,51,Moderate,Neutral,4,86,6
2549,28,Male,LinkedIn,49,0,34,2,6,12,Low,Motivated,2,100,2
1037,25,Female,Facebook,139,0,16,3,6,48,Moderate,Bored,2,78,7
3274,24,Female,Instagram,326,3,66,5,6,89,High,Anxious,5,49,8
3124,22,Female,Instagram,64,2,81,14,6,65,Moderate,Bored,4,82,3
1978,13,Female,TikTok,387,2,62,1,6,55,High,Anxious,4,86,7
2572,16,Male,YouTube,309,2,63,0,6,43,Moderate,Sad,3,86,7
2123,27,Female,Instagram,142,2,75,5,6,35,Moderate,Happy,3,80,2
2893,21,Male,TikTok,150,1,25,2,6,107,High,Anxious,6,56,7
1676,19,Male,Twitter,118,1,50,9,6,48,Moderate,Anxious,3,85,2
1729,20,Male,TikTok,211,2,60,7,6,97,High,Neutral,3,67,6
1413,14,Male,TikTok,289,0,11,0,6,52,Moderate,Bored,4,92,2
2517,33,Female,YouTube,78,2,82,7,6,28,Low,Happy,1,78,3
2650,39,Female,Facebook,190,0,0,0,6,17,Low,Happy,1,91,6
1826,32,Female,Instagram,270,4,73,15,6,60,Moderate,Neutral,4,80,4
1617,24,Female,LinkedIn,27,2,32,1,6,9,Low,Happy,1,81,2
1115,22,Female,Reddit,14,1,33,5,6,64,Moderate,Neutral,2,74,3
1418,24,Male,Facebook,125,3,63,11,6,59,Moderate,Sad,3,88,3
2626,30,Female,Snapchat,19,1,8,0,6,35,Low,Happy,3,96,6
3451,18,Male,LinkedIn,57,3,17,0,6,10,Low,Happy,2,89,3
1090,27,Male,Instagram,75,2,75,5,6,47,Moderate,Motivated,3,96,3
3083,15,Female,Twitter,177,1,0,0,6,33,Moderate,Happy,1,98,2
1754,30,Female,Reddit,231,5,142,18,6,16,Low,Motivated,1,89,6
2631,26,Female,YouTube,69,4,88,7,6,20,Low,Happy,2,98,4
1012,21,Male,Twitter,227,2,128,16,6,77,High,Neutral,5,76,4
1285,36,Male,TikTok,443,2,16,7,6,70,High,Anxious,5,62,6
2067,16,Female,TikTok,186,0,0,0,6,41,Moderate,Bored,2,76,4
2192,15,Female,Reddit,219,0,37,1,6,58,Moderate,Bored,4,79,4
2441,27,Female,Facebook,233,3,70,9,6,49,Moderate,Bored,3,86,7
3338,24,Male,YouTube,64,3,48,8,6,33,Low,Happy,1,97,3
3410,17,Female,Facebook,131,2,27,5,6,41,Moderate,Motivated,4,80,5
3258,21,Male,Instagram,123,2,17,4,6,90,High,Neutral,5,89,6
2569,14,Female,Facebook,230,1,0,3,6,40,Moderate,Neutral,3,93,6
3144,25,Female,TikTok,124,3,64,15,6,67,Moderate,Anxious,5,77,4
2688,25,Male,TikTok,346,3,74,9,6,68,High,Anxious,6,74,8
1852,20,Female,YouTube,143,1,108,13,6,35,Moderate,Happy,1,92,3
1896,27,Male,Snapchat,26,2,28,11,6,33,Low,Motivated,2,93,3
1497,17,Male,Twitter,321,2,10,0,6,68,High,Neutral,5,82,8
2783,14,Male,TikTok,190,2,65,6,6,77,High,Anxious,6,60,6
1336,23,Male,Twitter,142,1,69,1,6,89,High,Anxious,6,88,4
1516,28,Female,Reddit,167,4,91,4,6,5,Low,Neutral,2,83,1
2349,15,Male,Instagram,170,2,37,7,6,64,Moderate,Bored,3,68,5
2016,25,Male,YouTube,147,1,44,8,6,44,Moderate,Relaxed,2,80,2
3432,17,Female,YouTube,12,2,30,0,6,45,Moderate,Motivated,2,100,5
2782,23,Male,TikTok,264,1,9,0,6,44,Moderate,Sad,3,83,6
2786,15,Male,TikTok,215,1,59,6,6,113,Severe,Depressed,4,76,6
3071,29,Female,TikTok,98,1,26,0,6,85,High,Bored,3,60,5
1357,23,Female,Twitter,272,1,33,1,6,63,High,Bored,5,79,6
3379,21,Female,TikTok,200,1,44,10,6,100,High,Angry,6,72,7
2313,32,Female,Reddit,38,0,22,10,6,23,Low,Motivated,3,82,4
2636,21,Male,TikTok,274,1,25,5,6,81,High,Neutral,4,73,5
1551,24,Female,YouTube,10,1,84,1,6,15,Low,Neutral,3,89,3
2228,23,Male,Instagram,44,3,72,4,6,78,Moderate,Anxious,4,87,4
3231,19,Female,TikTok,177,2,48,13,6,84,High,Anxious,5,73,4
1958,26,Female,TikTok,349,0,22,6,6,39,Moderate,Neutral,6,99,5
2774,25,Female,TikTok,265,4,66,14,6,54,Moderate,Anxious,4,67,5
2009,30,Female,TikTok,110,2,18,0,6,70,Moderate,Anxious,3,68,4
2093,28,Male,Instagram,75,1,35,3,6,81,Moderate,Neutral,3,87,6
3225,20,Male,TikTok,387,0,0,0,6,63,High,Anxious,5,76,4
1997,34,Male,Instagram,283,4,136,17,6,89,High,Bored,5,52,7
2680,21,Male,Reddit,78,1,5,11,6,62,Moderate,Anxious,3,73,3
1154,25,Male,TikTok,155,1,73,12,6,103,High,Anxious,4,69,7
1581,26,Female,YouTube,104,2,72,14,6,39,Moderate,Motivated,1,78,1
2471,31,Male,TikTok,127,1,23,8,6,39,Moderate,Neutral,4,96,2
1704,15,Male,Twitter,47,0,13,0,6,43,Moderate,Relaxed,3,98,1
2213,19,Female,TikTok,73,2,69,11,6,69,Moderate,Neutral,2,81,5
1897,22,Male,Instagram,104,1,24,4,6,49,Moderate,Neutral,3,56,4
1488,17,Female,TikTok,168,0,18,8,6,34,Moderate,Motivated,1,84,2
1560,21,Male,Facebook,42,3,87,8,6,49,Moderate,Relaxed,2,99,5
2142,32,Male,Facebook,59,2,66,14,6,13,Low,Happy,2,100,1
2120,30,Female,TikTok,454,1,67,2,6,56,High,Neutral,3,66,5
1513,22,Male,Facebook,133,2,32,0,6,17,Low,Happy,3,92,2
1634,21,Female,Twitter,183,1,56,4,6,78,High,Anxious,3,81,6
3151,22,Female,Twitter,196,3,69,15,6,62,Moderate,Neutral,4,92,3
2665,31,Female,Facebook,19,4,82,8,6,66,Moderate,Bored,2,92,5
2013,36,Male,YouTube,196,3,84,5,6,49,Moderate,Anxious,2,81,4
2932,26,Non-binary,Instagram,54,1,57,11,6,82,Moderate,Anxious,4,72,7
2151,18,Female,Facebook,40,1,36,17,6,28,Low,Motivated,3,94,3
3341,28,Female,TikTok,286,0,0,6,6,60,Moderate,Neutral,3,96,4
1117,23,Non-binary,Twitter,69,2,13,0,6,48,Moderate,Happy,2,99,3
1741,13,Male,YouTube,191,1,104,12,6,43,Moderate,Sad,4,82,4
3305,35,Female,Facebook,138,1,2,0,6,47,Moderate,Neutral,3,97,4
2975,23,Male,Instagram,196,2,43,3,6,63,Moderate,Bored,5,89,4
2082,21,Female,TikTok,481,3,88,3,6,58,High,Anxious,4,72,7
2811,21,Male,Twitter,112,2,63,15,6,48,Moderate,Happy,2,88,4
1831,15,Male,LinkedIn,63,3,88,11,6,20,Low,Motivated,1,91,1
1120,28,Female,Discord,50,2,47,5,6,5,Low,Happy,1,100,1
1657,24,Female,Instagram,37,1,1,0,6,71,Moderate,Bored,4,96,4
3378,16,Male,TikTok,174,1,28,10,6,40,Moderate,Neutral,4,78,5
3240,28,Female,Instagram,117,0,0,2,6,83,High,Sad,5,79,5
3445,20,Male,Instagram,52,4,94,14,6,39,Low,Happy,1,91,4
1636,14,Male,TikTok,151,1,44,15,6,44,Moderate,Happy,3,77,4
1370,19,Male,Twitter,176,4,114,22,6,45,Moderate,Neutral,4,86,8
1269,21,Male,TikTok,161,3,35,0,6,81,High,Neutral,5,67,4
1047,21,Female,Instagram,182,1,58,17,6,75,High,Bored,6,79,4
1992,13,Female,Instagram,264,3,73,14,6,73,High,Bored,5,61,6
1877,20,Male,YouTube,87,1,44,6,6,50,Moderate,Motivated,5,83,5
1774,29,Male,Pinterest,34,1,21,9,6,7,Low,Motivated,1,82,2
2220,36,Female,Instagram,154,2,3,0,6,70,Moderate,Bored,5,80,4
2127,25,Male,TikTok,139,1,63,8,6,92,High,Anxious,5,58,5
1005,22,Female,Snapchat,16,0,20,4,6,29,Low,Neutral,2,86,3
2596,17,Male,Instagram,206,4,82,11,6,61,Moderate,Bored,4,82,5
2078,21,Male,TikTok,136,2,47,19,6,61,Moderate,Bored,2,80,5
1838,18,Female,Instagram,241,3,105,13,6,49,Moderate,Bored,2,78,8
1682,17,Male,Facebook,179,2,83,15,6,52,Moderate,Bored,4,67,3
2716,23,Female,Twitter,63,1,33,8,6,98,High,Anxious,3,82,6
2149,33,Female,Instagram,200,1,0,1,6,63,Moderate,Bored,4,96,2
1575,28,Female,TikTok,145,0,25,2,6,70,Moderate,Anxious,4,83,3
1051,25,Female,Instagram,364,3,70,7,6,52,Moderate,Neutral,3,100,5
1854,31,Female,Snapchat,40,1,36,8,6,10,Low,Motivated,1,100,1
2983,20,Male,Instagram,93,2,103,11,6,101,High,Bored,6,67,7
2824,20,Female,YouTube,106,0,25,2,6,38,Moderate,Motivated,5,79,3
1834,19,Female,YouTube,134,3,33,9,6,25,Low,Happy,4,79,4
2116,26,Male,TikTok,70,3,57,7,6,62,Moderate,Sad,4,79,2
2167,32,Male,Snapchat,78,2,46,8,6,5,Low,Neutral,1,100,4
2907,14,Female,Twitter,141,1,41,9,6,63,Moderate,Bored,5,65,5
1972,19,Male,LinkedIn,14,1,26,9,6,34,Low,Happy,1,89,3
1400,31,Male,Twitter,143,2,56,10,6,56,Moderate,Bored,2,77,5
1020,15,Male,TikTok,74,3,87,10,6,83,High,Neutral,4,81,5
1685,16,Female,Instagram,184,2,43,6,6,93,High,Anxious,5,74,5
1036,16,Male,Reddit,29,1,0,0,6,63,Moderate,Anxious,2,75,2
3363,14,Female,Discord,23,3,74,5,6,12,Low,Neutral,1,100,3
1525,19,Female,Reddit,105,2,38,6,6,72,Moderate,Bored,3,56,3
1921,30,Female,Reddit,168,5,98,17,6,34,Moderate,Happy,3,100,3
2842,13,Male,Instagram,402,2,29,2,6,56,High,Neutral,4,77,6
2891,27,Male,YouTube,58,1,0,0,6,18,Low,Happy,2,100,5
1538,21,Female,YouTube,106,1,51,10,6,59,Moderate,Neutral,6,94,4
2706,22,Female,Twitter,86,1,53,15,6,63,Moderate,Bored,4,84,5
3444,28,Male,Twitter,82,3,113,18,6,120,High,Stressed,6,77,10
1246,21,Female,Twitter,46,3,26,4,6,65,Moderate,Bored,2,94,1
1785,27,Female,Reddit,185,3,79,13,6,44,Moderate,Bored,1,90,4
2410,22,Female,Twitter,367,0,35,0,6,84,High,Depressed,5,67,4
1155,25,Female,YouTube,266,1,59,10,6,30,Moderate,Happy,3,93,4
2687,21,Female,TikTok,111,2,68,10,6,58,Moderate,Neutral,2,74,6
1626,20,Non-binary,YouTube,71,4,81,8,6,48,Moderate,Happy,2,87,2
3397,18,Male,YouTube,47,4,119,13,6,33,Low,Happy,1,82,3
2347,13,Male,Twitter,109,2,32,0,6,54,Moderate,Anxious,5,87,9
1570,21,Female,YouTube,239,0,5,0,6,54,Moderate,Anxious,3,72,7
2759,33,Male,Instagram,430,4,111,12,6,86,High,Stressed,6,81,7
2817,13,Female,LinkedIn,43,3,113,21,6,10,Low,Neutral,1,100,4
3066,20,Male,TikTok,88,1,42,6,6,103,High,Bored,4,47,9
1128,20,Female,Instagram,238,1,22,11,6,41,Moderate,Anxious,2,79,2
3480,28,Male,TikTok,332,0,0,0,6,75,High,Neutral,6,65,4
3007,24,Male,Instagram,103,2,69,2,6,73,Moderate,Neutral,4,55,6
1981,28,Male,Instagram,297,1,9,0,6,31,Moderate,Anxious,2,87,5
1191,21,Female,YouTube,57,1,42,1,6,35,Low,Motivated,3,77,3
2140,28,Female,Reddit,131,0,4,0,6,39,Moderate,Happy,3,90,6
1993,22,Female,TikTok,82,2,103,9,6,109,High,Neutral,6,80,6
1700,22,Male,YouTube,338,0,0,3,6,47,Moderate,Sad,2,67,5
1607,19,Male,Instagram,190,3,68,6,6,71,High,Neutral,3,82,3
1181,27,Male,Instagram,169,1,15,0,6,92,High,Bored,5,86,9
1302,20,Female,Twitter,147,2,60,5,6,48,Moderate,Neutral,4,98,1
2061,28,Male,Instagram,198,1,32,0,6,98,High,Neutral,6,66,8
3355,31,Male,Instagram,232,0,32,5,6,35,Moderate,Relaxed,2,93,3
3398,17,Female,Instagram,167,1,69,1,6,113,High,Stressed,5,73,5
2070,26,Female,Instagram,187,4,99,12,6,60,Moderate,Bored,4,75,5
3206,26,Female,Snapchat,14,1,75,8,6,5,Low,Neutral,1,100,1
2244,17,Male,Instagram,40,2,88,22,6,62,Moderate,Neutral,2,83,4
1017,17,Female,YouTube,195,0,7,4,6,49,Moderate,Neutral,3,91,2
3483,35,Female,Reddit,63,1,3,2,6,46,Moderate,Happy,4,81,5
1547,27,Female,Instagram,120,0,38,7,6,112,High,Depressed,6,43,5
1659,25,Male,Instagram,252,2,46,4,6,66,High,Anxious,5,71,3
3252,33,Male,Instagram,225,0,0,7,6,28,Moderate,Motivated,4,80,4
3282,19,Male,Instagram,285,0,34,15,6,39,Moderate,Bored,5,84,5
2505,22,Male,YouTube,58,3,60,3,6,34,Low,Motivated,1,100,2
1960,26,Female,Twitter,117,0,35,13,6,64,Moderate,Bored,2,88,4
1798,28,Male,Reddit,195,0,76,6,6,52,Moderate,Neutral,4,70,5
1226,30,Female,TikTok,458,1,35,4,6,51,High,Bored,5,65,5
3075,20,Male,Instagram,268,1,48,15,6,81,High,Anxious,5,81,5
2800,24,Female,Instagram,180,4,102,13,6,64,Moderate,Anxious,4,70,4
3469,28,Female,TikTok,122,2,24,7,6,76,Moderate,Anxious,3,77,6
3086,16,Female,Facebook,19,0,0,0,6,16,Low,Happy,2,97,3
2694,15,Female,Twitter,103,0,0,0,6,74,Moderate,Neutral,5,59,8
2046,29,Male,TikTok,452,2,18,3,6,64,High,Neutral,6,67,5
1470,20,Female,TikTok,130,2,103,16,6,59,Moderate,Sad,5,99,4
1955,23,Male,Facebook,101,1,47,14,6,64,Moderate,Sad,3,100,6
3479,15,Male,Facebook,141,0,76,20,6,50,Moderate,Neutral,1,83,6
1640,16,Male,Twitter,124,1,15,2,6,72,Moderate,Anxious,3,87,3
3317,29,Female,Instagram,174,0,29,4,6,71,Moderate,Anxious,6,88,6
2219,18,Female,YouTube,48,2,55,14,6,43,Moderate,Relaxed,4,87,2
2159,29,Male,TikTok,111,1,27,5,6,67,Moderate,Bored,4,65,5
2416,29,Female,Instagram,89,3,89,11,6,95,High,Neutral,4,84,4
3261,26,Female,TikTok,104,3,40,0,6,67,Moderate,Anxious,3,80,5
2528,33,Female,Instagram,215,2,50,0,6,50,Moderate,Neutral,4,71,1
3461,24,Female,Twitter,411,2,108,14,6,47,Moderate,Anxious,4,85,5
2301,19,Male,YouTube,110,2,61,9,6,27,Low,Relaxed,3,92,2
3391,13,Male,TikTok,212,2,87,7,6,63,Moderate,Bored,3,59,6
2604,19,Female,Instagram,268,5,102,19,6,41,Moderate,Bored,4,72,4
1161,18,Male,Twitter,455,1,68,8,6,78,High,Anxious,5,79,7
2705,26,Male,Discord,41,2,60,13,6,8,Low,Neutral,3,94,3
1957,26,Male,Twitter,228,4,70,18,6,76,High,Neutral,5,70,9
3431,27,Female,Facebook,83,0,17,10,6,34,Low,Motivated,2,73,4
1878,25,Female,Facebook,29,1,49,8,6,42,Moderate,Happy,1,92,1
2920,21,Female,Instagram,396,1,29,2,6,36,Moderate,Bored,3,59,2
2885,23,Male,Instagram,104,3,46,8,6,82,High,Anxious,4,61,5
3201,34,Male,Twitter,237,4,90,8,6,89,High,Neutral,3,63,4
1099,24,Male,Twitter,225,1,0,2,6,76,High,Neutral,3,93,8
3361,17,Male,TikTok,121,3,19,3,6,118,High,Anxious,5,78,6
1254,30,Other,TikTok,157,1,11,0,6,54,Moderate,Bored,3,75,1
1104,19,Female,TikTok,190,1,59,10,6,84,High,Anxious,6,68,5
2446,20,Male,LinkedIn,57,0,59,6,6,7,Low,Happy,2,100,4
2444,16,Male,Instagram,210,1,0,4,6,46,Moderate,Bored,4,89,6
2649,31,Male,Instagram,294,3,26,6,6,44,Moderate,Bored,4,83,5
1587,21,Male,YouTube,85,2,62,3,6,53,Moderate,Anxious,2,71,5
1628,23,Non-binary,TikTok,81,3,67,8,6,64,Moderate,Anxious,4,88,5
2697,17,Female,Instagram,113,1,21,0,6,42,Moderate,Happy,3,100,4
3102,18,Female,Twitter,271,3,32,0,6,112,Severe,Depressed,4,55,9
3200,26,Female,TikTok,157,1,13,0,6,80,High,Anxious,4,58,6
1404,24,Male,Reddit,105,2,34,0,6,34,Low,Happy,2,86,4
2155,33,Female,Twitter,459,0,16,1,6,78,High,Depressed,5,50,5
3256,26,Female,TikTok,161,1,36,1,6,81,High,Anxious,5,78,6
2683,18,Male,Facebook,227,2,76,12,6,36,Moderate,Happy,4,95,3
3057,21,Male,Instagram,206,2,24,0,6,53,Moderate,Neutral,3,83,3
3374,27,Female,Instagram,442,1,11,2,6,64,High,Neutral,5,79,6
1453,18,Male,TikTok,424,3,62,0,6,84,High,Anxious,4,72,4
2328,23,Female,TikTok,195,0,31,2,6,64,Moderate,Neutral,4,89,3
3050,24,Male,TikTok,227,3,89,12,6,50,Moderate,Bored,3,96,3
1881,39,Male,YouTube,66,0,16,2,6,44,Moderate,Relaxed,1,100,3
3433,23,Female,TikTok,148,3,135,18,6,74,Moderate,Anxious,5,59,4
1624,32,Male,TikTok,483,1,27,0,6,42,High,Neutral,3,85,4
3312,34,Male,YouTube,79,1,82,14,6,70,Moderate,Neutral,4,72,5
2788,19,Female,TikTok,250,0,35,9,6,63,Moderate,Neutral,3,72,2
1263,13,Female,TikTok,208,2,64,11,6,67,Moderate,Bored,5,77,7
2635,21,Female,TikTok,112,1,28,3,6,52,Moderate,Anxious,3,80,4
2439,26,Male,YouTube,79,2,46,5,6,49,Moderate,Happy,4,90,3
3199,20,Male,Facebook,35,2,29,5,6,36,Low,Neutral,3,95,3
2970,30,Male,Instagram,75,0,25,1,6,94,High,Neutral,5,91,6
2803,19,Non-binary,TikTok,220,2,99,13,6,91,High,Bored,5,76,6
1641,21,Male,Twitter,65,0,18,6,6,52,Moderate,Motivated,3,92,5
3459,26,Male,TikTok,577,2,88,12,6,84,Severe,Anxious,5,66,7
2960,25,Female,Twitter,337,3,69,12,6,93,High,Anxious,6,74,5
1489,34,Male,TikTok,457,1,17,0,6,72,High,Neutral,7,61,10
2844,24,Female,Twitter,67,1,24,0,6,96,High,Bored,4,66,7
2735,28,Male,TikTok,113,1,37,6,6,82,High,Neutral,4,69,3
1147,16,Male,Instagram,66,2,90,13,6,108,High,Sad,4,65,6
2535,21,Female,TikTok,56,2,80,6,6,58,Moderate,Bored,3,82,3
2987,28,Female,TikTok,331,2,65,0,6,57,High,Neutral,5,70,6
2370,18,Male,Instagram,31,4,89,3,6,75,Moderate,Bored,3,82,5
3448,22,Male,Instagram,278,2,41,7,6,89,High,Bored,4,84,5
1660,23,Female,Instagram,137,2,69,14,6,85,High,Bored,4,66,6
2795,25,Male,LinkedIn,56,3,27,1,6,8,Low,Neutral,1,100,2
1187,26,Male,Facebook,64,1,10,0,6,60,Moderate,Neutral,4,89,3
2148,15,Male,YouTube,103,1,65,6,6,20,Low,Happy,2,88,2
1609,13,Male,LinkedIn,79,3,92,8,6,26,Low,Neutral,4,89,2
3192,26,Female,Instagram,64,0,31,15,6,49,Moderate,Motivated,4,100,3
2931,16,Male,TikTok,450,0,1,0,6,70,High,Bored,3,71,4
1198,24,Male,TikTok,41,4,48,6,6,66,Moderate,Bored,4,89,2
1294,29,Male,Instagram,152,3,56,4,6,69,Moderate,Bored,4,68,4
1767,23,Female,Twitter,73,1,0,0,6,46,Moderate,Motivated,4,94,6
1401,14,Male,Twitter,50,2,83,9,6,48,Moderate,Neutral,4,76,3
1123,32,Female,TikTok,100,1,43,3,6,65,Moderate,Sad,3,80,4
1203,30,Female,Instagram,194,3,72,17,6,69,Moderate,Bored,5,77,5
1836,25,Female,YouTube,193,2,50,15,6,62,Moderate,Anxious,4,100,2
3295,19,Female,Instagram,72,3,108,8,6,70,Moderate,Neutral,4,79,6
2440,28,Male,Instagram,95,2,48,7,6,114,High,Depressed,6,73,10
2734,22,Male,TikTok,57,2,94,16,6,76,Moderate,Neutral,4,86,5
2696,35,Female,Twitter,113,1,49,5,6,58,Moderate,Bored,4,68,7
2708,35,Male,TikTok,191,3,44,3,6,69,Moderate,Neutral,4,50,6
3429,30,Male,Instagram,314,1,25,2,6,66,High,Bored,5,96,6
2154,16,Female,Instagram,302,4,120,10,6,61,High,Bored,4,74,6
2662,23,Female,Twitter,126,1,43,6,6,85,High,Bored,6,74,6
2760,31,Male,Instagram,196,1,72,6,6,59,Moderate,Bored,3,68,4
1855,32,Female,Reddit,52,4,99,9,6,23,Low,Motivated,1,97,1
2590,24,Female,TikTok,218,3,60,11,6,74,High,Bored,2,64,6
3268,25,Female,Instagram,130,2,60,11,6,45,Moderate,Happy,2,91,3
1642,34,Female,Instagram,299,1,69,15,6,39,Moderate,Anxious,2,100,6
1002,23,Male,Instagram,163,0,33,0,6,84,High,Neutral,6,82,8
3161,17,Male,TikTok,182,3,52,14,6,103,High,Anxious,5,60,8
1699,29,Female,Facebook,122,0,38,7,6,27,Low,Motivated,2,92,4
2637,18,Male,Instagram,165,1,1,4,6,78,High,Neutral,3,73,3
2292,38,Male,TikTok,47,1,18,0,6,84,Moderate,Bored,5,81,5
3383,26,Female,Twitter,70,5,51,5,6,29,Low,Relaxed,4,86,5
2521,31,Female,Reddit,121,2,52,1,6,36,Moderate,Happy,1,93,3
2854,29,Male,Instagram,101,0,0,0,6,64,Moderate,Neutral,3,81,3
2137,31,Non-binary,TikTok,103,1,34,6,6,54,Moderate,Bored,4,97,4
3416,25,Non-binary,Discord,26,3,5,0,6,17,Low,Motivated,2,79,1
2632,18,Male,Instagram,178,1,27,11,6,94,High,Neutral,6,66,6
2999,23,Male,Facebook,48,1,76,0,6,45,Moderate,Neutral,2,78,2
1664,20,Female,Twitter,143,3,82,7,6,69,Moderate,Bored,4,73,4
1684,26,Male,TikTok,207,2,106,13,6,73,High,Neutral,3,87,6
2258,26,Female,TikTok,156,3,80,9,6,47,Moderate,Bored,4,67,1
1318,22,Female,Facebook,237,3,81,7,6,25,Moderate,Neutral,1,97,5
1649,22,Female,Reddit,30,2,77,8,6,29,Low,Happy,3,96,2
2435,22,Male,TikTok,124,5,85,14,6,84,High,Sad,4,67,5
2480,21,Male,TikTok,113,1,47,2,6,62,Moderate,Bored,4,81,4
1710,34,Male,Facebook,10,1,26,5,6,61,Moderate,Sad,2,95,6
2283,28,Female,Twitter,149,0,29,7,6,101,High,Bored,6,74,7
2769,24,Male,Twitter,108,2,29,2,6,69,Moderate,Bored,5,75,4
1973,29,Female,Instagram,200,1,41,8,6,53,Moderate,Neutral,4,88,4
2307,24,Female,YouTube,48,0,6,0,6,32,Low,Motivated,2,94,3
2401,17,Non-binary,Twitter,212,1,0,4,6,73,High,Bored,5,68,6
2409,22,Female,Facebook,75,2,34,6,6,25,Low,Neutral,3,100,4
3238,18,Female,Instagram,124,2,48,9,6,72,Moderate,Bored,4,83,5
2497,36,Female,Instagram,162,2,50,11,6,71,Moderate,Bored,5,84,3
3039,23,Female,Instagram,258,2,47,4,6,44,Moderate,Neutral,4,84,4
2530,17,Female,TikTok,180,1,36,8,6,5,Low,Relaxed,1,90,3
2664,20,Male,TikTok,246,0,0,0,6,62,Moderate,Anxious,5,80,3
2355,20,Female,Twitter,169,2,77,14,6,59,Moderate,Bored,4,92,7
3439,21,Male,Facebook,91,2,63,8,6,45,Moderate,Neutral,1,82,5
3455,28,Female,Discord,34,2,92,19,6,7,Low,Neutral,2,83,1
2644,26,Female,Twitter,303,2,61,14,6,34,Moderate,Bored,3,77,5
2052,26,Female,YouTube,114,1,46,1,6,16,Low,Motivated,2,96,3
1796,30,Male,Reddit,138,0,13,5,6,26,Low,Motivated,3,100,3
2598,36,Male,LinkedIn,26,0,11,0,6,13,Low,Relaxed,3,100,5
2820,18,Female,LinkedIn,131,2,26,1,6,34,Moderate,Happy,2,88,5
2723,28,Female,Instagram,61,1,11,0,6,80,Moderate,Bored,4,69,5
2184,14,Male,Snapchat,58,2,75,9,6,20,Low,Motivated,1,95,2
2060,21,Male,Instagram,66,1,26,0,6,62,Moderate,Neutral,3,87,4
1541,29,Female,TikTok,432,1,61,15,6,69,High,Bored,5,64,6
2679,29,Female,Discord,42,1,64,6,6,31,Low,Happy,3,80,5
3407,16,Female,Facebook,54,1,51,4,6,62,Moderate,Bored,3,86,2
2758,29,Female,Snapchat,65,3,133,24,6,5,Low,Relaxed,2,100,1
2924,25,Male,Instagram,161,0,29,0,6,59,Moderate,Sad,3,77,7
1096,15,Male,Facebook,130,4,69,11,6,27,Low,Happy,2,94,2
2021,27,Female,YouTube,143,0,10,0,6,35,Moderate,Motivated,2,84,3
1564,22,Male,Instagram,175,2,45,7,6,78,High,Neutral,4,79,7
1864,34,Female,YouTube,181,0,0,5,6,39,Moderate,Neutral,2,90,4
2485,25,Female,Twitter,310,2,74,10,6,59,High,Anxious,5,62,6
2882,33,Female,YouTube,110,2,35,2,6,65,Moderate,Bored,4,88,7
2039,25,Female,Instagram,156,3,89,16,6,81,High,Sad,4,90,5
1207,27,Female,TikTok,193,0,21,0,6,46,Moderate,Sad,2,85,4
1393,16,Female,Reddit,72,1,99,12,6,18,Low,Happy,2,87,3
1871,22,Male,Instagram,222,0,4,0,6,67,High,Sad,5,74,5
1398,32,Female,Instagram,204,1,61,14,6,86,High,Neutral,5,83,6
3401,19,Male,TikTok,79,2,57,16,6,80,Moderate,Anxious,4,88,5
2029,27,Male,Reddit,65,1,10,11,6,38,Low,Happy,3,90,3
2486,29,Male,Facebook,87,0,41,1,6,11,Low,Happy,1,90,2
1961,27,Male,Instagram,97,2,68,6,6,91,High,Anxious,4,80,5
2571,28,Female,Instagram,69,1,0,0,6,61,Moderate,Bored,4,81,4
2896,21,Female,Facebook,100,2,34,0,6,34,Low,Happy,3,94,3
3147,14,Female,TikTok,45,1,21,5,6,60,Moderate,Neutral,5,76,4
1805,21,Female,Twitter,97,1,56,8,6,100,High,Anxious,4,76,5
2752,28,Male,Facebook,45,4,92,19,6,14,Low,Happy,2,97,2
1503,15,Male,Twitter,61,3,51,0,6,60,Moderate,Anxious,4,74,7
1780,27,Female,TikTok,300,2,65,14,6,95,High,Anxious,6,59,6
2864,13,Male,Instagram,46,1,57,7,6,38,Low,Relaxed,3,93,2
1201,26,Female,TikTok,330,1,11,10,6,75,High,Neutral,4,74,5
3183,22,Male,Instagram,49,4,96,13,6,77,Moderate,Neutral,3,69,4
3089,21,Female,TikTok,101,1,60,12,6,66,Moderate,Bored,4,96,3
3279,27,Female,Facebook,350,1,8,7,6,55,High,Sad,3,72,1
2797,22,Female,TikTok,178,1,35,4,6,65,Moderate,Neutral,5,74,6
1379,37,Female,TikTok,121,0,0,0,6,27,Low,Motivated,3,97,4
3337,27,Female,Facebook,294,1,52,10,6,39,Moderate,Bored,4,77,6
1419,31,Female,Instagram,80,0,24,8,6,48,Moderate,Happy,3,93,5
2699,27,Male,Twitter,305,2,90,21,6,106,Severe,Stressed,6,53,8
1392,26,Male,Instagram,155,0,69,5,6,22,Low,Happy,2,79,3
2523,22,Female,TikTok,271,4,75,0,6,31,Moderate,Happy,4,81,3
2163,15,Female,Snapchat,22,1,52,11,6,18,Low,Happy,1,99,4
2496,36,Female,Facebook,64,1,42,9,6,55,Moderate,Neutral,4,76,5
3028,31,Female,Instagram,207,2,39,8,6,61,Moderate,Bored,4,79,1
2153,20,Female,Reddit,108,1,22,0,6,20,Low,Motivated,1,82,5
2368,18,Male,TikTok,115,0,0,0,6,57,Moderate,Bored,2,85,3
1065,28,Male,YouTube,98,2,73,7,6,45,Moderate,Relaxed,4,92,4
3063,26,Non-binary,Twitter,229,2,23,2,6,86,High,Anxious,5,55,3
2181,25,Male,Snapchat,67,0,0,0,6,5,Low,Happy,1,100,1
1493,24,Female,Instagram,636,1,0,0,6,51,High,Neutral,5,61,6
1380,19,Male,TikTok,156,2,36,5,6,59,Moderate,Neutral,3,93,2
3236,28,Female,Instagram,58,2,98,16,6,88,High,Anxious,4,68,5
1764,23,Male,Instagram,67,2,35,13,6,59,Moderate,Bored,4,100,4
3265,28,Female,Snapchat,39,2,24,5,6,23,Low,Motivated,1,93,2
1792,25,Female,YouTube,118,3,123,16,6,48,Moderate,Anxious,2,66,5
2077,14,Female,Instagram,33,1,32,11,6,89,High,Bored,3,60,7
1879,23,Male,TikTok,183,0,0,0,6,62,Moderate,Sad,5,87,4
1338,22,Male,YouTube,220,7,160,19,6,35,Moderate,Motivated,4,77,6
3344,20,Male,YouTube,52,2,55,14,6,34,Low,Motivated,4,76,3
2017,20,Male,Twitter,178,3,72,11,6,62,Moderate,Neutral,4,74,3
2276,24,Male,Instagram,132,0,28,13,6,77,High,Bored,3,53,6
1456,19,Female,Instagram,98,1,74,17,6,85,High,Neutral,5,78,5
1816,15,Female,Instagram,248,1,20,4,6,80,High,Bored,4,55,8
3318,20,Female,TikTok,387,1,28,5,6,71,High,Bored,5,66,5
1996,22,Male,Instagram,76,1,28,7,6,46,Moderate,Happy,1,95,5
2982,15,Female,Twitter,138,2,47,0,6,35,Moderate,Happy,2,94,2
1202,27,Male,TikTok,163,0,6,0,6,78,High,Sad,5,77,5
1162,28,Male,Twitter,118,1,27,3,6,64,Moderate,Anxious,2,90,4
2580,19,Male,Instagram,193,2,53,4,6,70,High,Sad,4,65,5
1703,19,Male,Twitter,280,0,0,0,6,70,High,Anxious,4,81,4
2501,28,Male,Instagram,50,0,7,7,6,76,Moderate,Anxious,3,73,5
2130,25,Male,TikTok,38,3,98,4,6,99,High,Bored,4,74,3
2022,20,Male,TikTok,329,6,172,31,6,69,High,Sad,4,68,4
2586,28,Female,Instagram,142,2,55,5,6,86,High,Neutral,4,76,5
2956,32,Female,Discord,88,1,35,0,6,13,Low,Happy,2,96,3
3254,23,Female,YouTube,13,1,71,7,6,45,Moderate,Motivated,3,92,5
1035,28,Female,TikTok,189,1,26,6,6,16,Low,Happy,3,78,4
1776,14,Female,TikTok,239,0,0,0,6,68,High,Sad,2,95,5
2479,18,Male,Twitter,88,1,12,0,6,51,Moderate,Bored,3,100,7
2391,26,Female,Instagram,160,2,43,3,6,73,Moderate,Neutral,2,76,6
3140,15,Male,Reddit,30,0,0,8,6,31,Low,Happy,2,100,5
2364,18,Male,TikTok,65,2,31,7,6,61,Moderate,Bored,3,80,6
3042,21,Female,Discord,31,1,22,1,6,20,Low,Motivated,1,93,1
1242,23,Female,Twitter,329,2,22,2,6,71,High,Bored,6,74,4
3062,23,Female,Instagram,36,2,86,9,6,35,Low,Happy,4,86,5
3364,30,Male,TikTok,38,3,67,9,6,58,Moderate,Anxious,3,73,4
1601,28,Male,YouTube,177,1,43,0,6,39,Moderate,Happy,2,81,5
3436,21,Female,Facebook,154,2,94,14,6,55,Moderate,Neutral,3,91,5
2298,22,Male,TikTok,65,2,17,4,6,61,Moderate,Neutral,3,79,3
3215,21,Male,YouTube,234,2,90,17,6,49,Moderate,Anxious,2,93,3
3069,32,Male,Instagram,131,1,24,18,6,81,High,Bored,4,82,7
1647,13,Female,Instagram,192,2,63,3,6,109,High,Angry,7,71,6
2529,21,Male,TikTok,97,0,0,2,6,71,Moderate,Anxious,4,82,3
2268,18,Non-binary,YouTube,73,1,4,0,6,29,Low,Motivated,2,93,2
2900,22,Female,Facebook,197,2,106,11,6,5,Low,Relaxed,2,92,2
1563,29,Male,Snapchat,37,5,128,20,6,21,Low,Happy,1,100,3
1190,14,Female,Instagram,325,0,0,0,6,77,High,Sad,5,76,4
2807,25,Male,TikTok,161,0,18,8,6,87,High,Bored,5,78,3
1976,13,Female,Instagram,81,1,57,4,6,91,High,Bored,3,80,2
3048,23,Female,Instagram,68,1,29,10,6,92,High,Neutral,5,78,7
2083,22,Female,TikTok,124,1,39,6,6,46,Moderate,Motivated,4,97,4
1475,33,Male,Instagram,193,4,99,17,6,58,Moderate,Anxious,5,88,6
1748,19,Female,Instagram,317,2,71,12,6,106,Severe,Depressed,7,73,6
3301,30,Male,Facebook,80,2,91,7,6,13,Low,Neutral,2,100,1
1022,22,Female,TikTok,164,3,92,4,6,74,High,Bored,4,76,4
1460,16,Female,Reddit,106,0,27,8,6,63,Moderate,Neutral,2,83,4
2185,18,Male,Reddit,92,2,68,17,6,23,Low,Happy,3,100,4
3325,23,Female,Instagram,185,3,93,20,6,67,Moderate,Neutral,5,75,5
1956,30,Male,Twitter,241,0,0,6,6,67,High,Bored,4,71,5
2216,31,Female,TikTok,340,1,0,0,6,78,High,Anxious,5,63,6
3434,22,Male,TikTok,166,1,69,6,6,45,Moderate,Bored,3,97,7
2516,23,Male,Instagram,334,2,96,7,6,44,Moderate,Bored,4,68,3
3392,18,Non-binary,Twitter,176,2,58,2,6,82,High,Anxious,6,62,5
1770,34,Male,TikTok,133,3,91,16,6,91,High,Bored,5,86,7
2686,31,Female,YouTube,41,1,22,0,6,35,Low,Neutral,2,92,3
1131,14,Female,Twitter,123,4,101,20,6,30,Low,Motivated,2,73,5
3136,20,Non-binary,TikTok,140,2,19,0,6,59,Moderate,Sad,4,72,7
2483,34,Male,Facebook,95,3,68,10,6,51,Moderate,Bored,4,80,3
1331,23,Male,Twitter,130,3,54,3,6,76,Moderate,Bored,5,68,5
2239,27,Female,TikTok,359,1,55,4,6,59,High,Anxious,4,79,6
1467,27,Male,YouTube,125,0,21,5,6,41,Moderate,Motivated,2,100,5
3170,26,Female,TikTok,427,2,71,6,6,70,High,Neutral,4,70,5
2639,36,Male,Instagram,391,2,38,7,6,83,High,Stressed,5,74,7
2096,23,Female,Instagram,129,0,44,6,6,94,High,Neutral,5,62,4
2131,25,Male,TikTok,116,4,98,15,6,58,Moderate,Bored,5,86,3
2295,24,Female,Instagram,89,2,69,2,6,64,Moderate,Sad,4,85,5
1861,25,Male,TikTok,202,0,54,9,6,52,Moderate,Sad,3,78,3
